日期,销售额,订单数,客单价,类别,渠道
2024-01-01,10502.77,80,131.28,电子产品,线上
2024-01-01,14951.93,148,101.03,电子产品,线下
2024-01-01,6310.54,35,180.3,电子产品,小程序
2024-01-01,10509.51,119,88.32,电子产品,APP
2024-01-01,13684.83,27,506.85,服装,线上
2024-01-01,14329.64,91,157.47,服装,线下
2024-01-01,5706.99,107,53.34,服装,小程序
2024-01-01,13766.1,55,250.29,服装,APP
2024-01-01,4053.54,117,34.65,图书,线上
2024-01-01,9248.61,78,118.57,图书,线下
2024-01-01,8008.0,59,135.73,图书,小程序
2024-01-01,8117.58,99,82.0,图书,APP
2024-01-01,13916.82,104,133.82,家居,线上
2024-01-01,8390.03,53,158.3,家居,线下
2024-01-01,5481.09,55,99.66,家居,小程序
2024-01-01,9972.37,71,140.46,家居,APP
2024-01-01,13351.05,99,134.86,食品,线上
2024-01-01,11262.39,54,208.56,食品,线下
2024-01-01,8160.77,57,143.17,食品,小程序
2024-01-01,10874.78,60,181.25,食品,APP
2024-01-01,6809.95,50,136.2,美妆,线上
2024-01-01,5209.62,57,91.4,美妆,线下
2024-01-01,11724.95,101,116.09,美妆,小程序
2024-01-01,13561.58,125,108.49,美妆,APP
2024-01-02,14604.68,97,150.56,电子产品,线上
2024-01-02,8356.29,90,92.85,电子产品,线下
2024-01-02,4846.82,68,71.28,电子产品,小程序
2024-01-02,4301.97,67,64.21,电子产品,APP
2024-01-02,3330.41,88,37.85,服装,线上
2024-01-02,10316.93,79,130.59,服装,线下
2024-01-02,10205.47,79,129.18,服装,小程序
2024-01-02,11302.96,111,101.83,服装,APP
2024-01-02,3972.83,142,27.98,图书,线上
2024-01-02,4631.34,140,33.08,图书,线下
2024-01-02,11600.08,115,100.87,图书,小程序
2024-01-02,5232.91,119,43.97,图书,APP
2024-01-02,8940.4,55,162.55,家居,线上
2024-01-02,4989.46,77,64.8,家居,线下
2024-01-02,3403.14,23,147.96,家居,小程序
2024-01-02,14173.47,125,113.39,家居,APP
2024-01-02,5698.09,71,80.25,食品,线上
2024-01-02,12151.83,36,337.55,食品,线下
2024-01-02,5149.73,132,39.01,食品,小程序
2024-01-02,13470.41,145,92.9,食品,APP
2024-01-02,11308.8,137,82.55,美妆,线上
2024-01-02,13717.09,129,106.33,美妆,线下
2024-01-02,7896.42,30,263.21,美妆,小程序
2024-01-02,10344.97,117,88.42,美妆,APP
2024-01-03,11755.19,120,97.96,电子产品,线上
2024-01-03,10438.2,29,359.94,电子产品,线下
2024-01-03,9337.37,135,69.17,电子产品,小程序
2024-01-03,8564.98,30,285.5,电子产品,APP
2024-01-03,13664.45,82,166.64,服装,线上
2024-01-03,9313.79,121,76.97,服装,线下
2024-01-03,14949.39,30,498.31,服装,小程序
2024-01-03,9786.3,32,305.82,服装,APP
2024-01-03,5329.33,132,40.37,图书,线上
2024-01-03,7851.81,97,80.95,图书,线下
2024-01-03,12403.12,93,133.37,图书,小程序
2024-01-03,8618.85,128,67.33,图书,APP
2024-01-03,6596.32,33,199.89,家居,线上
2024-01-03,11388.7,56,203.37,家居,线下
2024-01-03,8645.89,135,64.04,家居,小程序
2024-01-03,4124.86,148,27.87,家居,APP
2024-01-03,4400.27,54,81.49,食品,线上
2024-01-03,7791.55,102,76.39,食品,线下
2024-01-03,8492.1,65,130.65,食品,小程序
2024-01-03,8525.96,71,120.08,食品,APP
2024-01-03,13722.23,43,319.12,美妆,线上
2024-01-03,6059.12,61,99.33,美妆,线下
2024-01-03,11733.06,51,230.06,美妆,小程序
2024-01-03,4133.95,135,30.62,美妆,APP
2024-01-04,10763.18,41,262.52,电子产品,线上
2024-01-04,9420.87,118,79.84,电子产品,线下
2024-01-04,11892.99,150,79.29,电子产品,小程序
2024-01-04,10495.34,60,174.92,电子产品,APP
2024-01-04,7653.87,117,65.42,服装,线上
2024-01-04,3578.17,63,56.8,服装,线下
2024-01-04,14149.89,58,243.96,服装,小程序
2024-01-04,5017.42,57,88.02,服装,APP
2024-01-04,5221.26,33,158.22,图书,线上
2024-01-04,8151.85,99,82.34,图书,线下
2024-01-04,11933.02,134,89.05,图书,小程序
2024-01-04,6559.41,66,99.38,图书,APP
2024-01-04,4474.8,53,84.43,家居,线上
2024-01-04,14736.48,20,736.82,家居,线下
2024-01-04,10623.02,84,126.46,家居,小程序
2024-01-04,3192.26,147,21.72,家居,APP
2024-01-04,13457.87,21,640.85,食品,线上
2024-01-04,10445.56,146,71.54,食品,线下
2024-01-04,5939.69,141,42.13,食品,小程序
2024-01-04,8567.69,133,64.42,食品,APP
2024-01-04,4010.35,21,190.97,美妆,线上
2024-01-04,6022.91,91,66.19,美妆,线下
2024-01-04,10589.0,73,145.05,美妆,小程序
2024-01-04,3639.2,57,63.85,美妆,APP
2024-01-05,3731.83,109,34.24,电子产品,线上
2024-01-05,3507.45,28,125.27,电子产品,线下
2024-01-05,11217.58,96,116.85,电子产品,小程序
2024-01-05,7108.71,42,169.25,电子产品,APP
2024-01-05,3658.04,126,29.03,服装,线上
2024-01-05,15214.56,61,249.42,服装,线下
2024-01-05,11279.9,65,173.54,服装,小程序
2024-01-05,14878.87,112,132.85,服装,APP
2024-01-05,14453.0,43,336.12,图书,线上
2024-01-05,12459.42,102,122.15,图书,线下
2024-01-05,7566.94,117,64.67,图书,小程序
2024-01-05,13092.51,129,101.49,图书,APP
2024-01-05,13374.41,36,371.51,家居,线上
2024-01-05,6640.45,54,122.97,家居,线下
2024-01-05,4550.95,90,50.57,家居,小程序
2024-01-05,7085.43,125,56.68,家居,APP
2024-01-05,9476.22,73,129.81,食品,线上
2024-01-05,10545.47,47,224.37,食品,线下
2024-01-05,10047.75,42,239.23,食品,小程序
2024-01-05,8974.87,93,96.5,食品,APP
2024-01-05,8282.37,101,82.0,美妆,线上
2024-01-05,6234.65,110,56.68,美妆,线下
2024-01-05,14399.48,147,97.96,美妆,小程序
2024-01-05,9415.78,147,64.05,美妆,APP
2024-01-06,9126.49,66,138.28,电子产品,线上
2024-01-06,13934.43,79,176.39,电子产品,线下
2024-01-06,11782.47,69,170.76,电子产品,小程序
2024-01-06,3092.31,26,118.94,电子产品,APP
2024-01-06,8787.02,50,175.74,服装,线上
2024-01-06,12137.47,73,166.27,服装,线下
2024-01-06,12900.72,126,102.39,服装,小程序
2024-01-06,8162.06,105,77.73,服装,APP
2024-01-06,7370.6,74,99.6,图书,线上
2024-01-06,3211.74,71,45.24,图书,线下
2024-01-06,11554.22,85,135.93,图书,小程序
2024-01-06,12785.56,98,130.46,图书,APP
2024-01-06,6763.82,102,66.31,家居,线上
2024-01-06,12500.86,49,255.12,家居,线下
2024-01-06,11502.83,107,107.5,家居,小程序
2024-01-06,7940.92,27,294.11,家居,APP
2024-01-06,13299.93,69,192.75,食品,线上
2024-01-06,7135.4,106,67.32,食品,线下
2024-01-06,14409.08,142,101.47,食品,小程序
2024-01-06,14333.89,29,494.27,食品,APP
2024-01-06,11008.91,143,76.99,美妆,线上
2024-01-06,4982.81,137,36.37,美妆,线下
2024-01-06,14037.61,105,133.69,美妆,小程序
2024-01-06,8757.33,125,70.06,美妆,APP
2024-01-07,14545.89,34,427.82,电子产品,线上
2024-01-07,13401.23,96,139.6,电子产品,线下
2024-01-07,10064.67,100,100.65,电子产品,小程序
2024-01-07,9944.07,24,414.34,电子产品,APP
2024-01-07,5659.61,104,54.42,服装,线上
2024-01-07,12961.93,110,117.84,服装,线下
2024-01-07,3905.28,58,67.33,服装,小程序
2024-01-07,6551.27,27,242.64,服装,APP
2024-01-07,7276.13,116,62.73,图书,线上
2024-01-07,10825.05,62,174.6,图书,线下
2024-01-07,10139.25,119,85.2,图书,小程序
2024-01-07,5401.7,49,110.24,图书,APP
2024-01-07,13765.41,98,140.46,家居,线上
2024-01-07,11797.69,100,117.98,家居,线下
2024-01-07,11854.18,89,133.19,家居,小程序
2024-01-07,8198.9,147,55.77,家居,APP
2024-01-07,13919.23,115,121.04,食品,线上
2024-01-07,8668.66,97,89.37,食品,线下
2024-01-07,5756.9,97,59.35,食品,小程序
2024-01-07,5248.98,115,45.64,食品,APP
2024-01-07,12781.72,71,180.02,美妆,线上
2024-01-07,14367.61,133,108.03,美妆,线下
2024-01-07,9336.66,143,65.29,美妆,小程序
2024-01-07,14263.89,59,241.76,美妆,APP
2024-01-08,5462.56,143,38.2,电子产品,线上
2024-01-08,12191.05,99,123.14,电子产品,线下
2024-01-08,12725.78,56,227.25,电子产品,小程序
2024-01-08,12650.68,45,281.13,电子产品,APP
2024-01-08,13304.1,53,251.02,服装,线上
2024-01-08,5648.39,29,194.77,服装,线下
2024-01-08,8802.51,49,179.64,服装,小程序
2024-01-08,3153.23,31,101.72,服装,APP
2024-01-08,11627.83,42,276.85,图书,线上
2024-01-08,7238.01,31,233.48,图书,线下
2024-01-08,4381.63,99,44.26,图书,小程序
2024-01-08,3381.19,99,34.15,图书,APP
2024-01-08,11029.7,73,151.09,家居,线上
2024-01-08,7084.02,69,102.67,家居,线下
2024-01-08,6658.23,101,65.92,家居,小程序
2024-01-08,12691.7,50,253.83,家居,APP
2024-01-08,6485.58,60,108.09,食品,线上
2024-01-08,6497.78,23,282.51,食品,线下
2024-01-08,14993.7,46,325.95,食品,小程序
2024-01-08,5665.64,109,51.98,食品,APP
2024-01-08,9919.28,89,111.45,美妆,线上
2024-01-08,4858.81,92,52.81,美妆,线下
2024-01-08,10226.0,63,162.32,美妆,小程序
2024-01-08,3986.28,106,37.61,美妆,APP
2024-01-09,9856.79,32,308.02,电子产品,线上
2024-01-09,4738.7,140,33.85,电子产品,线下
2024-01-09,14379.07,32,449.35,电子产品,小程序
2024-01-09,4437.64,33,134.47,电子产品,APP
2024-01-09,4190.69,120,34.92,服装,线上
2024-01-09,5348.49,134,39.91,服装,线下
2024-01-09,10801.08,99,109.1,服装,小程序
2024-01-09,7260.42,70,103.72,服装,APP
2024-01-09,12005.27,40,300.13,图书,线上
2024-01-09,15256.67,139,109.76,图书,线下
2024-01-09,10196.07,43,237.12,图书,小程序
2024-01-09,13251.46,139,95.33,图书,APP
2024-01-09,4329.62,99,43.73,家居,线上
2024-01-09,11650.92,139,83.82,家居,线下
2024-01-09,8983.65,77,116.67,家居,小程序
2024-01-09,4908.86,86,57.08,家居,APP
2024-01-09,14498.37,120,120.82,食品,线上
2024-01-09,5402.98,104,51.95,食品,线下
2024-01-09,12951.33,103,125.74,食品,小程序
2024-01-09,8768.42,27,324.76,食品,APP
2024-01-09,3931.92,48,81.92,美妆,线上
2024-01-09,7498.67,138,54.34,美妆,线下
2024-01-09,13661.84,92,148.5,美妆,小程序
2024-01-09,12691.53,52,244.07,美妆,APP
2024-01-10,9494.73,123,77.19,电子产品,线上
2024-01-10,13373.09,47,284.53,电子产品,线下
2024-01-10,7213.84,38,189.84,电子产品,小程序
2024-01-10,13058.39,138,94.63,电子产品,APP
2024-01-10,8152.69,125,65.22,服装,线上
2024-01-10,6120.31,82,74.64,服装,线下
2024-01-10,9995.8,143,69.9,服装,小程序
2024-01-10,7939.73,107,74.2,服装,APP
2024-01-10,5740.29,130,44.16,图书,线上
2024-01-10,12956.71,131,98.91,图书,线下
2024-01-10,10237.09,107,95.67,图书,小程序
2024-01-10,9952.93,80,124.41,图书,APP
2024-01-10,5299.93,39,135.9,家居,线上
2024-01-10,12393.66,144,86.07,家居,线下
2024-01-10,4563.82,138,33.07,家居,小程序
2024-01-10,7207.68,44,163.81,家居,APP
2024-01-10,13429.08,65,206.6,食品,线上
2024-01-10,6990.44,123,56.83,食品,线下
2024-01-10,4003.68,47,85.18,食品,小程序
2024-01-10,11718.99,117,100.16,食品,APP
2024-01-10,7233.11,35,206.66,美妆,线上
2024-01-10,4265.81,55,77.56,美妆,线下
2024-01-10,14246.32,20,712.32,美妆,小程序
2024-01-10,12615.52,58,217.51,美妆,APP
2024-01-11,8847.64,94,94.12,电子产品,线上
2024-01-11,8054.82,134,60.11,电子产品,线下
2024-01-11,5609.16,101,55.54,电子产品,小程序
2024-01-11,6918.97,97,71.33,电子产品,APP
2024-01-11,14706.76,131,112.27,服装,线上
2024-01-11,12180.62,108,112.78,服装,线下
2024-01-11,15610.28,22,709.56,服装,小程序
2024-01-11,10842.72,150,72.28,服装,APP
2024-01-11,8233.73,52,158.34,图书,线上
2024-01-11,13876.13,35,396.46,图书,线下
2024-01-11,7793.54,33,236.17,图书,小程序
2024-01-11,3157.11,111,28.44,图书,APP
2024-01-11,4527.16,92,49.21,家居,线上
2024-01-11,14041.94,80,175.52,家居,线下
2024-01-11,8580.07,120,71.5,家居,小程序
2024-01-11,11015.45,117,94.15,家居,APP
2024-01-11,8256.83,131,63.03,食品,线上
2024-01-11,10007.37,64,156.37,食品,线下
2024-01-11,9123.23,68,134.17,食品,小程序
2024-01-11,10137.04,112,90.51,食品,APP
2024-01-11,13718.27,59,232.51,美妆,线上
2024-01-11,6777.19,52,130.33,美妆,线下
2024-01-11,4836.52,38,127.28,美妆,小程序
2024-01-11,11307.13,56,201.91,美妆,APP
2024-01-12,12282.84,144,85.3,电子产品,线上
2024-01-12,11480.97,54,212.61,电子产品,线下
2024-01-12,4231.91,126,33.59,电子产品,小程序
2024-01-12,14038.17,128,109.67,电子产品,APP
2024-01-12,11042.45,136,81.19,服装,线上
2024-01-12,9603.0,135,71.13,服装,线下
2024-01-12,8026.13,77,104.24,服装,小程序
2024-01-12,5510.69,21,262.41,服装,APP
2024-01-12,10469.5,80,130.87,图书,线上
2024-01-12,12166.38,88,138.25,图书,线下
2024-01-12,8356.47,113,73.95,图书,小程序
2024-01-12,3584.45,29,123.6,图书,APP
2024-01-12,10345.71,114,90.75,家居,线上
2024-01-12,4592.31,143,32.11,家居,线下
2024-01-12,15322.74,40,383.07,家居,小程序
2024-01-12,4958.05,91,54.48,家居,APP
2024-01-12,9040.56,40,226.01,食品,线上
2024-01-12,9779.3,42,232.84,食品,线下
2024-01-12,6262.33,39,160.57,食品,小程序
2024-01-12,11811.61,99,119.31,食品,APP
2024-01-12,10913.35,107,101.99,美妆,线上
2024-01-12,9926.95,22,451.23,美妆,线下
2024-01-12,9090.28,140,64.93,美妆,小程序
2024-01-12,10419.26,104,100.19,美妆,APP
2024-01-13,8525.02,95,89.74,电子产品,线上
2024-01-13,6850.45,29,236.22,电子产品,线下
2024-01-13,12006.53,97,123.78,电子产品,小程序
2024-01-13,12412.07,86,144.33,电子产品,APP
2024-01-13,3956.45,141,28.06,服装,线上
2024-01-13,10521.23,33,318.83,服装,线下
2024-01-13,11514.47,94,122.49,服装,小程序
2024-01-13,13452.89,26,517.42,服装,APP
2024-01-13,6820.05,41,166.34,图书,线上
2024-01-13,4787.38,39,122.75,图书,线下
2024-01-13,13993.47,91,153.77,图书,小程序
2024-01-13,6378.38,91,70.09,图书,APP
2024-01-13,6672.69,85,78.5,家居,线上
2024-01-13,3356.6,48,69.93,家居,线下
2024-01-13,10847.5,58,187.03,家居,小程序
2024-01-13,11550.5,114,101.32,家居,APP
2024-01-13,13439.49,86,156.27,食品,线上
2024-01-13,13117.89,80,163.97,食品,线下
2024-01-13,9336.88,28,333.46,食品,小程序
2024-01-13,7531.92,41,183.71,食品,APP
2024-01-13,15465.94,59,262.13,美妆,线上
2024-01-13,13817.75,125,110.54,美妆,线下
2024-01-13,12963.41,80,162.04,美妆,小程序
2024-01-13,11569.7,62,186.61,美妆,APP
2024-01-14,5882.44,108,54.47,电子产品,线上
2024-01-14,3884.46,87,44.65,电子产品,线下
2024-01-14,12834.14,49,261.92,电子产品,小程序
2024-01-14,3861.45,138,27.98,电子产品,APP
2024-01-14,8280.67,97,85.37,服装,线上
2024-01-14,9270.16,79,117.34,服装,线下
2024-01-14,8038.87,119,67.55,服装,小程序
2024-01-14,9248.76,57,162.26,服装,APP
2024-01-14,9961.67,131,76.04,图书,线上
2024-01-14,3342.46,134,24.94,图书,线下
2024-01-14,8066.99,100,80.67,图书,小程序
2024-01-14,15467.11,30,515.57,图书,APP
2024-01-14,4433.81,110,40.31,家居,线上
2024-01-14,15395.9,130,118.43,家居,线下
2024-01-14,10983.36,89,123.41,家居,小程序
2024-01-14,7466.61,88,84.85,家居,APP
2024-01-14,13431.91,85,158.02,食品,线上
2024-01-14,11543.16,120,96.19,食品,线下
2024-01-14,9076.69,81,112.06,食品,小程序
2024-01-14,12563.91,69,182.09,食品,APP
2024-01-14,9827.78,66,148.91,美妆,线上
2024-01-14,7189.65,22,326.8,美妆,线下
2024-01-14,11778.77,37,318.35,美妆,小程序
2024-01-14,3343.71,45,74.3,美妆,APP
2024-01-15,9941.8,134,74.19,电子产品,线上
2024-01-15,7713.7,92,83.84,电子产品,线下
2024-01-15,6436.2,28,229.86,电子产品,小程序
2024-01-15,3509.87,43,81.62,电子产品,APP
2024-01-15,3935.38,75,52.47,服装,线上
2024-01-15,15394.78,51,301.86,服装,线下
2024-01-15,12286.13,50,245.72,服装,小程序
2024-01-15,4313.74,53,81.39,服装,APP
2024-01-15,8027.14,67,119.81,图书,线上
2024-01-15,14696.05,67,219.34,图书,线下
2024-01-15,6454.66,139,46.44,图书,小程序
2024-01-15,11675.75,39,299.38,图书,APP
2024-01-15,11397.51,90,126.64,家居,线上
2024-01-15,13072.02,102,128.16,家居,线下
2024-01-15,6505.96,38,171.21,家居,小程序
2024-01-15,6761.81,35,193.19,家居,APP
2024-01-15,8114.86,105,77.28,食品,线上
2024-01-15,15977.87,86,185.79,食品,线下
2024-01-15,15460.4,87,177.71,食品,小程序
2024-01-15,5487.67,37,148.32,食品,APP
2024-01-15,9511.66,71,133.97,美妆,线上
2024-01-15,11032.3,65,169.73,美妆,线下
2024-01-15,11483.46,47,244.33,美妆,小程序
2024-01-15,5050.93,130,38.85,美妆,APP
2024-01-16,6034.46,47,128.39,电子产品,线上
2024-01-16,14978.48,86,174.17,电子产品,线下
2024-01-16,4551.57,38,119.78,电子产品,小程序
2024-01-16,4128.03,84,49.14,电子产品,APP
2024-01-16,13234.41,24,551.43,服装,线上
2024-01-16,14771.09,58,254.67,服装,线下
2024-01-16,11632.07,20,581.6,服装,小程序
2024-01-16,15239.81,119,128.07,服装,APP
2024-01-16,6653.51,104,63.98,图书,线上
2024-01-16,14875.52,20,743.78,图书,线下
2024-01-16,9860.81,145,68.01,图书,小程序
2024-01-16,9380.98,123,76.27,图书,APP
2024-01-16,14095.18,37,380.95,家居,线上
2024-01-16,10179.62,20,508.98,家居,线下
2024-01-16,8173.6,143,57.16,家居,小程序
2024-01-16,4782.4,111,43.08,家居,APP
2024-01-16,7516.75,97,77.49,食品,线上
2024-01-16,8382.2,43,194.93,食品,线下
2024-01-16,7927.93,107,74.09,食品,小程序
2024-01-16,4257.44,137,31.08,食品,APP
2024-01-16,13018.17,94,138.49,美妆,线上
2024-01-16,11566.71,65,177.95,美妆,线下
2024-01-16,10364.46,118,87.83,美妆,小程序
2024-01-16,11733.44,96,122.22,美妆,APP
2024-01-17,12242.89,47,260.49,电子产品,线上
2024-01-17,11398.14,111,102.69,电子产品,线下
2024-01-17,9532.83,132,72.22,电子产品,小程序
2024-01-17,12753.41,55,231.88,电子产品,APP
2024-01-17,3697.9,26,142.23,服装,线上
2024-01-17,12551.68,81,154.96,服装,线下
2024-01-17,9568.15,36,265.78,服装,小程序
2024-01-17,13496.55,98,137.72,服装,APP
2024-01-17,9703.43,135,71.88,图书,线上
2024-01-17,15746.56,24,656.11,图书,线下
2024-01-17,3715.3,34,109.27,图书,小程序
2024-01-17,7607.05,30,253.57,图书,APP
2024-01-17,8484.47,74,114.65,家居,线上
2024-01-17,13682.47,137,99.87,家居,线下
2024-01-17,15403.76,58,265.58,家居,小程序
2024-01-17,12827.54,79,162.37,家居,APP
2024-01-17,15206.06,29,524.35,食品,线上
2024-01-17,12755.16,145,87.97,食品,线下
2024-01-17,11698.62,140,83.56,食品,小程序
2024-01-17,14977.78,31,483.15,食品,APP
2024-01-17,6376.97,53,120.32,美妆,线上
2024-01-17,3421.77,32,106.93,美妆,线下
2024-01-17,14945.21,44,339.66,美妆,小程序
2024-01-17,9140.4,63,145.09,美妆,APP
2024-01-18,14113.2,36,392.03,电子产品,线上
2024-01-18,13884.97,47,295.42,电子产品,线下
2024-01-18,4735.55,76,62.31,电子产品,小程序
2024-01-18,4071.48,71,57.34,电子产品,APP
2024-01-18,8793.01,122,72.07,服装,线上
2024-01-18,7466.97,55,135.76,服装,线下
2024-01-18,7432.58,74,100.44,服装,小程序
2024-01-18,13188.35,64,206.07,服装,APP
2024-01-18,7613.5,50,152.27,图书,线上
2024-01-18,6812.36,126,54.07,图书,线下
2024-01-18,5436.06,114,47.68,图书,小程序
2024-01-18,10446.98,132,79.14,图书,APP
2024-01-18,6419.03,30,213.97,家居,线上
2024-01-18,4985.1,116,42.98,家居,线下
2024-01-18,13363.03,24,556.79,家居,小程序
2024-01-18,14688.92,40,367.22,家居,APP
2024-01-18,3333.4,65,51.28,食品,线上
2024-01-18,15293.71,92,166.24,食品,线下
2024-01-18,8663.11,141,61.44,食品,小程序
2024-01-18,12253.81,72,170.19,食品,APP
2024-01-18,5111.46,89,57.43,美妆,线上
2024-01-18,10052.71,125,80.42,美妆,线下
2024-01-18,6361.93,64,99.41,美妆,小程序
2024-01-18,11189.87,29,385.86,美妆,APP
2024-01-19,11055.22,147,75.21,电子产品,线上
2024-01-19,11261.34,42,268.13,电子产品,线下
2024-01-19,11459.14,97,118.14,电子产品,小程序
2024-01-19,7810.02,21,371.91,电子产品,APP
2024-01-19,10551.48,69,152.92,服装,线上
2024-01-19,4800.92,44,109.11,服装,线下
2024-01-19,11351.1,149,76.18,服装,小程序
2024-01-19,6130.36,73,83.98,服装,APP
2024-01-19,6876.94,69,99.67,图书,线上
2024-01-19,4737.84,58,81.69,图书,线下
2024-01-19,12217.5,141,86.65,图书,小程序
2024-01-19,9765.12,60,162.75,图书,APP
2024-01-19,12020.23,31,387.75,家居,线上
2024-01-19,3971.65,113,35.15,家居,线下
2024-01-19,6989.78,131,53.36,家居,小程序
2024-01-19,6549.77,136,48.16,家居,APP
2024-01-19,3831.74,33,116.11,食品,线上
2024-01-19,15347.73,65,236.12,食品,线下
2024-01-19,5330.48,27,197.43,食品,小程序
2024-01-19,9602.43,49,195.97,食品,APP
2024-01-19,4191.53,80,52.39,美妆,线上
2024-01-19,12689.87,103,123.2,美妆,线下
2024-01-19,8740.31,103,84.86,美妆,小程序
2024-01-19,6271.28,48,130.65,美妆,APP
2024-01-20,7560.96,45,168.02,电子产品,线上
2024-01-20,6392.78,125,51.14,电子产品,线下
2024-01-20,14697.01,116,126.7,电子产品,小程序
2024-01-20,14978.89,38,394.18,电子产品,APP
2024-01-20,9462.03,144,65.71,服装,线上
2024-01-20,3994.05,131,30.49,服装,线下
2024-01-20,5183.07,136,38.11,服装,小程序
2024-01-20,5617.72,115,48.85,服装,APP
2024-01-20,5071.04,69,73.49,图书,线上
2024-01-20,11575.35,89,130.06,图书,线下
2024-01-20,5934.66,52,114.13,图书,小程序
2024-01-20,3702.11,35,105.77,图书,APP
2024-01-20,6963.47,48,145.07,家居,线上
2024-01-20,14457.7,137,105.53,家居,线下
2024-01-20,8769.54,107,81.96,家居,小程序
2024-01-20,6166.2,95,64.91,家居,APP
2024-01-20,11202.83,63,177.82,食品,线上
2024-01-20,10867.98,78,139.33,食品,线下
2024-01-20,4415.77,145,30.45,食品,小程序
2024-01-20,14596.12,75,194.61,食品,APP
2024-01-20,11044.62,138,80.03,美妆,线上
2024-01-20,6944.66,129,53.83,美妆,线下
2024-01-20,12942.28,83,155.93,美妆,小程序
2024-01-20,6533.37,131,49.87,美妆,APP
2024-01-21,10935.69,58,188.55,电子产品,线上
2024-01-21,15342.94,21,730.62,电子产品,线下
2024-01-21,8803.9,31,284.0,电子产品,小程序
2024-01-21,3824.13,140,27.32,电子产品,APP
2024-01-21,12966.15,149,87.02,服装,线上
2024-01-21,3739.25,120,31.16,服装,线下
2024-01-21,9614.69,45,213.66,服装,小程序
2024-01-21,9260.99,81,114.33,服装,APP
2024-01-21,4391.48,23,190.93,图书,线上
2024-01-21,12434.62,124,100.28,图书,线下
2024-01-21,15819.93,53,298.49,图书,小程序
2024-01-21,8021.22,81,99.03,图书,APP
2024-01-21,11834.49,43,275.22,家居,线上
2024-01-21,3506.02,98,35.78,家居,线下
2024-01-21,5429.21,137,39.63,家居,小程序
2024-01-21,14606.85,26,561.8,家居,APP
2024-01-21,16169.13,138,117.17,食品,线上
2024-01-21,13471.87,123,109.53,食品,线下
2024-01-21,5734.32,114,50.3,食品,小程序
2024-01-21,11559.88,20,577.99,食品,APP
2024-01-21,14639.28,38,385.24,美妆,线上
2024-01-21,8370.25,105,79.72,美妆,线下
2024-01-21,10295.65,95,108.38,美妆,小程序
2024-01-21,8911.1,89,100.12,美妆,APP
2024-01-22,12556.48,73,172.01,电子产品,线上
2024-01-22,13743.67,40,343.59,电子产品,线下
2024-01-22,11528.71,105,109.8,电子产品,小程序
2024-01-22,13055.87,34,384.0,电子产品,APP
2024-01-22,10128.52,113,89.63,服装,线上
2024-01-22,15071.9,48,314.0,服装,线下
2024-01-22,8383.15,139,60.31,服装,小程序
2024-01-22,11511.2,113,101.87,服装,APP
2024-01-22,8164.32,37,220.66,图书,线上
2024-01-22,10738.05,72,149.14,图书,线下
2024-01-22,5144.23,105,48.99,图书,小程序
2024-01-22,6471.68,49,132.08,图书,APP
2024-01-22,11907.28,73,163.11,家居,线上
2024-01-22,13286.49,77,172.55,家居,线下
2024-01-22,7555.49,88,85.86,家居,小程序
2024-01-22,9980.57,128,77.97,家居,APP
2024-01-22,6981.76,36,193.94,食品,线上
2024-01-22,8248.83,135,61.1,食品,线下
2024-01-22,9750.93,51,191.19,食品,小程序
2024-01-22,9538.18,94,101.47,食品,APP
2024-01-22,9297.32,114,81.56,美妆,线上
2024-01-22,13905.41,36,386.26,美妆,线下
2024-01-22,5805.76,137,42.38,美妆,小程序
2024-01-22,4467.47,120,37.23,美妆,APP
2024-01-23,15273.47,93,164.23,电子产品,线上
2024-01-23,16075.9,39,412.2,电子产品,线下
2024-01-23,4781.36,90,53.13,电子产品,小程序
2024-01-23,4816.75,57,84.5,电子产品,APP
2024-01-23,9929.93,72,137.92,服装,线上
2024-01-23,10254.03,25,410.16,服装,线下
2024-01-23,7226.89,53,136.36,服装,小程序
2024-01-23,9631.58,127,75.84,服装,APP
2024-01-23,9231.84,25,369.27,图书,线上
2024-01-23,7204.9,36,200.14,图书,线下
2024-01-23,3619.46,79,45.82,图书,小程序
2024-01-23,14435.27,105,137.48,图书,APP
2024-01-23,8803.83,107,82.28,家居,线上
2024-01-23,12051.18,103,117.0,家居,线下
2024-01-23,9794.48,133,73.64,家居,小程序
2024-01-23,9420.06,53,177.74,家居,APP
2024-01-23,15277.94,98,155.9,食品,线上
2024-01-23,5611.23,86,65.25,食品,线下
2024-01-23,6343.6,115,55.16,食品,小程序
2024-01-23,16241.78,32,507.56,食品,APP
2024-01-23,5299.91,92,57.61,美妆,线上
2024-01-23,9392.38,62,151.49,美妆,线下
2024-01-23,11557.16,61,189.46,美妆,小程序
2024-01-23,12796.95,93,137.6,美妆,APP
2024-01-24,5777.75,64,90.28,电子产品,线上
2024-01-24,14559.72,59,246.77,电子产品,线下
2024-01-24,5496.72,49,112.18,电子产品,小程序
2024-01-24,3891.45,101,38.53,电子产品,APP
2024-01-24,11020.39,132,83.49,服装,线上
2024-01-24,6821.97,67,101.82,服装,线下
2024-01-24,6083.49,28,217.27,服装,小程序
2024-01-24,12237.05,108,113.31,服装,APP
2024-01-24,5318.82,134,39.69,图书,线上
2024-01-24,10557.15,61,173.07,图书,线下
2024-01-24,10473.97,51,205.37,图书,小程序
2024-01-24,15643.72,123,127.18,图书,APP
2024-01-24,15785.86,57,276.94,家居,线上
2024-01-24,16009.34,101,158.51,家居,线下
2024-01-24,5427.2,149,36.42,家居,小程序
2024-01-24,7769.25,95,81.78,家居,APP
2024-01-24,9675.6,94,102.93,食品,线上
2024-01-24,16300.93,57,285.98,食品,线下
2024-01-24,14028.36,133,105.48,食品,小程序
2024-01-24,7868.2,48,163.92,食品,APP
2024-01-24,13120.35,30,437.35,美妆,线上
2024-01-24,5204.93,49,106.22,美妆,线下
2024-01-24,7459.18,122,61.14,美妆,小程序
2024-01-24,11595.07,76,152.57,美妆,APP
2024-01-25,9344.52,43,217.31,电子产品,线上
2024-01-25,7738.62,69,112.15,电子产品,线下
2024-01-25,11190.12,76,147.24,电子产品,小程序
2024-01-25,13846.59,91,152.16,电子产品,APP
2024-01-25,5984.43,41,145.96,服装,线上
2024-01-25,10585.66,134,79.0,服装,线下
2024-01-25,12447.27,42,296.36,服装,小程序
2024-01-25,16458.81,120,137.16,服装,APP
2024-01-25,5967.44,101,59.08,图书,线上
2024-01-25,11455.16,150,76.37,图书,线下
2024-01-25,16023.29,112,143.07,图书,小程序
2024-01-25,8694.48,129,67.4,图书,APP
2024-01-25,8319.5,115,72.34,家居,线上
2024-01-25,3520.32,108,32.6,家居,线下
2024-01-25,8074.13,134,60.25,家居,小程序
2024-01-25,15095.5,42,359.42,家居,APP
2024-01-25,6252.68,133,47.01,食品,线上
2024-01-25,13312.81,126,105.66,食品,线下
2024-01-25,14147.37,93,152.12,食品,小程序
2024-01-25,5555.78,128,43.4,食品,APP
2024-01-25,13139.31,126,104.28,美妆,线上
2024-01-25,5230.55,42,124.54,美妆,线下
2024-01-25,5285.22,97,54.49,美妆,小程序
2024-01-25,9729.06,105,92.66,美妆,APP
2024-01-26,4263.61,116,36.76,电子产品,线上
2024-01-26,4564.82,124,36.81,电子产品,线下
2024-01-26,11987.77,89,134.69,电子产品,小程序
2024-01-26,8962.63,138,64.95,电子产品,APP
2024-01-26,12951.33,55,235.48,服装,线上
2024-01-26,6059.36,117,51.79,服装,线下
2024-01-26,7276.01,145,50.18,服装,小程序
2024-01-26,3941.49,97,40.63,服装,APP
2024-01-26,14628.34,97,150.81,图书,线上
2024-01-26,10036.06,138,72.73,图书,线下
2024-01-26,6400.09,20,320.0,图书,小程序
2024-01-26,5449.27,96,56.76,图书,APP
2024-01-26,16266.28,140,116.19,家居,线上
2024-01-26,5046.71,93,54.27,家居,线下
2024-01-26,8998.28,145,62.06,家居,小程序
2024-01-26,15602.25,82,190.27,家居,APP
2024-01-26,3755.49,90,41.73,食品,线上
2024-01-26,10021.89,37,270.86,食品,线下
2024-01-26,11449.42,112,102.23,食品,小程序
2024-01-26,11209.0,131,85.56,食品,APP
2024-01-26,15083.69,141,106.98,美妆,线上
2024-01-26,16512.19,50,330.24,美妆,线下
2024-01-26,8405.44,24,350.23,美妆,小程序
2024-01-26,14772.59,61,242.17,美妆,APP
2024-01-27,11267.72,57,197.68,电子产品,线上
2024-01-27,7718.36,54,142.93,电子产品,线下
2024-01-27,8229.2,33,249.37,电子产品,小程序
2024-01-27,7081.43,127,55.76,电子产品,APP
2024-01-27,12007.37,111,108.17,服装,线上
2024-01-27,4047.16,94,43.05,服装,线下
2024-01-27,10562.62,39,270.84,服装,小程序
2024-01-27,10349.29,66,156.81,服装,APP
2024-01-27,13747.58,62,221.74,图书,线上
2024-01-27,10753.66,100,107.54,图书,线下
2024-01-27,14589.39,97,150.41,图书,小程序
2024-01-27,7065.02,112,63.08,图书,APP
2024-01-27,4685.54,110,42.6,家居,线上
2024-01-27,14541.87,23,632.26,家居,线下
2024-01-27,5242.61,92,56.98,家居,小程序
2024-01-27,8440.95,144,58.62,家居,APP
2024-01-27,8969.07,61,147.03,食品,线上
2024-01-27,4774.75,59,80.93,食品,线下
2024-01-27,10207.25,68,150.11,食品,小程序
2024-01-27,14159.69,49,288.97,食品,APP
2024-01-27,9041.58,39,231.84,美妆,线上
2024-01-27,4966.44,53,93.71,美妆,线下
2024-01-27,15898.01,142,111.96,美妆,小程序
2024-01-27,8104.88,112,72.36,美妆,APP
2024-01-28,5294.38,133,39.81,电子产品,线上
2024-01-28,15511.38,107,144.97,电子产品,线下
2024-01-28,5746.13,97,59.24,电子产品,小程序
2024-01-28,3793.84,50,75.88,电子产品,APP
2024-01-28,6428.67,56,114.8,服装,线上
2024-01-28,12766.58,98,130.27,服装,线下
2024-01-28,5108.34,53,96.38,服装,小程序
2024-01-28,16755.08,128,130.9,服装,APP
2024-01-28,12804.29,48,266.76,图书,线上
2024-01-28,4460.39,143,31.19,图书,线下
2024-01-28,13709.55,30,456.98,图书,小程序
2024-01-28,6074.72,28,216.95,图书,APP
2024-01-28,14195.71,35,405.59,家居,线上
2024-01-28,9786.52,84,116.51,家居,线下
2024-01-28,3991.48,97,41.15,家居,小程序
2024-01-28,12488.11,44,283.82,家居,APP
2024-01-28,14050.3,72,195.14,食品,线上
2024-01-28,11399.56,71,160.56,食品,线下
2024-01-28,5917.27,109,54.29,食品,小程序
2024-01-28,3800.64,57,66.68,食品,APP
2024-01-28,14914.39,91,163.89,美妆,线上
2024-01-28,16315.24,109,149.68,美妆,线下
2024-01-28,8195.83,148,55.38,美妆,小程序
2024-01-28,14028.95,81,173.2,美妆,APP
2024-01-29,10320.39,37,278.93,电子产品,线上
2024-01-29,4772.64,23,207.51,电子产品,线下
2024-01-29,10647.54,69,154.31,电子产品,小程序
2024-01-29,16600.25,63,263.5,电子产品,APP
2024-01-29,15744.39,21,749.73,服装,线上
2024-01-29,16727.61,45,371.72,服装,线下
2024-01-29,16052.97,149,107.74,服装,小程序
2024-01-29,15055.87,141,106.78,服装,APP
2024-01-29,8427.69,67,125.79,图书,线上
2024-01-29,9428.45,47,200.61,图书,线下
2024-01-29,5890.15,110,53.55,图书,小程序
2024-01-29,16833.17,128,131.51,图书,APP
2024-01-29,6347.11,78,81.37,家居,线上
2024-01-29,8989.77,100,89.9,家居,线下
2024-01-29,5107.71,48,106.41,家居,小程序
2024-01-29,10522.98,146,72.08,家居,APP
2024-01-29,13838.83,93,148.8,食品,线上
2024-01-29,11034.34,30,367.81,食品,线下
2024-01-29,4542.17,146,31.11,食品,小程序
2024-01-29,4999.81,92,54.35,食品,APP
2024-01-29,9664.68,99,97.62,美妆,线上
2024-01-29,12810.4,133,96.32,美妆,线下
2024-01-29,6505.68,124,52.47,美妆,小程序
2024-01-29,7390.42,129,57.29,美妆,APP
2024-01-30,6025.6,37,162.85,电子产品,线上
2024-01-30,15720.3,141,111.49,电子产品,线下
2024-01-30,16329.02,114,143.24,电子产品,小程序
2024-01-30,5895.31,145,40.66,电子产品,APP
2024-01-30,12662.64,121,104.65,服装,线上
2024-01-30,9448.73,41,230.46,服装,线下
2024-01-30,5070.27,121,41.9,服装,小程序
2024-01-30,8934.67,46,194.23,服装,APP
2024-01-30,13614.8,63,216.11,图书,线上
2024-01-30,4321.75,70,61.74,图书,线下
2024-01-30,8083.36,123,65.72,图书,小程序
2024-01-30,5118.94,128,39.99,图书,APP
2024-01-30,13391.9,91,147.16,家居,线上
2024-01-30,13935.93,89,156.58,家居,线下
2024-01-30,13819.01,122,113.27,家居,小程序
2024-01-30,8323.21,123,67.67,家居,APP
2024-01-30,16994.24,150,113.29,食品,线上
2024-01-30,7262.97,136,53.4,食品,线下
2024-01-30,4916.72,84,58.53,食品,小程序
2024-01-30,10152.98,79,128.52,食品,APP
2024-01-30,12062.2,54,223.37,美妆,线上
2024-01-30,3841.29,33,116.4,美妆,线下
2024-01-30,14835.35,147,100.92,美妆,小程序
2024-01-30,12745.2,65,196.08,美妆,APP
2024-01-31,8726.54,103,84.72,电子产品,线上
2024-01-31,5555.35,44,126.26,电子产品,线下
2024-01-31,13934.3,146,95.44,电子产品,小程序
2024-01-31,14383.44,71,202.58,电子产品,APP
2024-01-31,7497.91,147,51.01,服装,线上
2024-01-31,10211.01,86,118.73,服装,线下
2024-01-31,10930.89,24,455.45,服装,小程序
2024-01-31,16588.4,28,592.44,服装,APP
2024-01-31,17114.38,50,342.29,图书,线上
2024-01-31,8740.29,100,87.4,图书,线下
2024-01-31,15213.05,133,114.38,图书,小程序
2024-01-31,9789.0,28,349.61,图书,APP
2024-01-31,5888.23,97,60.7,家居,线上
2024-01-31,15652.05,62,252.45,家居,线下
2024-01-31,10227.97,54,189.41,家居,小程序
2024-01-31,7758.57,119,65.2,家居,APP
2024-01-31,10172.45,48,211.93,食品,线上
2024-01-31,11295.29,145,77.9,食品,线下
2024-01-31,12553.62,140,89.67,食品,小程序
2024-01-31,10013.22,60,166.89,食品,APP
2024-01-31,10437.71,120,86.98,美妆,线上
2024-01-31,7081.72,116,61.05,美妆,线下
2024-01-31,11958.57,110,108.71,美妆,小程序
2024-01-31,14021.2,92,152.4,美妆,APP
2024-02-01,7904.42,27,292.76,电子产品,线上
2024-02-01,11645.18,52,223.95,电子产品,线下
2024-02-01,15060.19,109,138.17,电子产品,小程序
2024-02-01,14680.81,26,564.65,电子产品,APP
2024-02-01,14066.18,107,131.46,服装,线上
2024-02-01,8737.01,129,67.73,服装,线下
2024-02-01,8246.1,111,74.29,服装,小程序
2024-02-01,9171.47,34,269.75,服装,APP
2024-02-01,12625.83,83,152.12,图书,线上
2024-02-01,6714.76,99,67.83,图书,线下
2024-02-01,11673.83,36,324.27,图书,小程序
2024-02-01,15503.65,49,316.4,图书,APP
2024-02-01,8141.51,25,325.66,家居,线上
2024-02-01,10924.04,29,376.69,家居,线下
2024-02-01,9850.12,128,76.95,家居,小程序
2024-02-01,11334.61,127,89.25,家居,APP
2024-02-01,7158.1,140,51.13,食品,线上
2024-02-01,11610.89,101,114.96,食品,线下
2024-02-01,8697.72,119,73.09,食品,小程序
2024-02-01,7931.28,45,176.25,食品,APP
2024-02-01,14663.81,45,325.86,美妆,线上
2024-02-01,13036.29,72,181.06,美妆,线下
2024-02-01,8118.97,148,54.86,美妆,小程序
2024-02-01,14707.19,106,138.75,美妆,APP
2024-02-02,5798.38,96,60.4,电子产品,线上
2024-02-02,8536.04,131,65.16,电子产品,线下
2024-02-02,6287.32,39,161.21,电子产品,小程序
2024-02-02,15175.31,74,205.07,电子产品,APP
2024-02-02,7478.61,32,233.71,服装,线上
2024-02-02,7617.3,122,62.44,服装,线下
2024-02-02,14677.37,43,341.33,服装,小程序
2024-02-02,13468.0,44,306.09,服装,APP
2024-02-02,11716.6,89,131.65,图书,线上
2024-02-02,4415.58,141,31.32,图书,线下
2024-02-02,9423.58,108,87.26,图书,小程序
2024-02-02,14552.8,97,150.03,图书,APP
2024-02-02,10502.65,96,109.4,家居,线上
2024-02-02,9504.37,100,95.04,家居,线下
2024-02-02,6263.92,122,51.34,家居,小程序
2024-02-02,6976.32,136,51.3,家居,APP
2024-02-02,12825.76,66,194.33,食品,线上
2024-02-02,15739.19,67,234.91,食品,线下
2024-02-02,11507.54,74,155.51,食品,小程序
2024-02-02,12676.09,139,91.19,食品,APP
2024-02-02,7208.34,131,55.03,美妆,线上
2024-02-02,16487.1,35,471.06,美妆,线下
2024-02-02,10748.02,113,95.12,美妆,小程序
2024-02-02,9915.99,81,122.42,美妆,APP
2024-02-03,5598.34,96,58.32,电子产品,线上
2024-02-03,15295.1,125,122.36,电子产品,线下
2024-02-03,7949.4,36,220.82,电子产品,小程序
2024-02-03,12356.72,125,98.85,电子产品,APP
2024-02-03,7226.41,93,77.7,服装,线上
2024-02-03,12526.08,85,147.37,服装,线下
2024-02-03,13096.61,80,163.71,服装,小程序
2024-02-03,9168.57,49,187.11,服装,APP
2024-02-03,5591.21,27,207.08,图书,线上
2024-02-03,6927.97,99,69.98,图书,线下
2024-02-03,9983.48,131,76.21,图书,小程序
2024-02-03,9394.38,29,323.94,图书,APP
2024-02-03,6318.53,89,70.99,家居,线上
2024-02-03,5402.05,86,62.81,家居,线下
2024-02-03,14533.9,91,159.71,家居,小程序
2024-02-03,12702.62,65,195.42,家居,APP
2024-02-03,12501.64,30,416.72,食品,线上
2024-02-03,16967.94,144,117.83,食品,线下
2024-02-03,14429.95,34,424.41,食品,小程序
2024-02-03,15511.25,41,378.32,食品,APP
2024-02-03,7883.02,96,82.11,美妆,线上
2024-02-03,15617.32,124,125.95,美妆,线下
2024-02-03,16031.13,43,372.82,美妆,小程序
2024-02-03,9043.17,55,164.42,美妆,APP
2024-02-04,6824.68,148,46.11,电子产品,线上
2024-02-04,16610.02,84,197.74,电子产品,线下
2024-02-04,10481.19,43,243.75,电子产品,小程序
2024-02-04,6853.26,51,134.38,电子产品,APP
2024-02-04,14366.99,100,143.67,服装,线上
2024-02-04,8133.96,119,68.35,服装,线下
2024-02-04,14825.45,80,185.32,服装,小程序
2024-02-04,16646.03,75,221.95,服装,APP
2024-02-04,5536.2,64,86.5,图书,线上
2024-02-04,6516.72,90,72.41,图书,线下
2024-02-04,9681.17,85,113.9,图书,小程序
2024-02-04,15626.63,34,459.61,图书,APP
2024-02-04,10395.64,115,90.4,家居,线上
2024-02-04,13333.92,48,277.79,家居,线下
2024-02-04,7954.29,128,62.14,家居,小程序
2024-02-04,10177.94,83,122.63,家居,APP
2024-02-04,17036.6,57,298.89,食品,线上
2024-02-04,8607.33,114,75.5,食品,线下
2024-02-04,15043.43,25,601.74,食品,小程序
2024-02-04,12572.6,28,449.02,食品,APP
2024-02-04,15325.76,33,464.42,美妆,线上
2024-02-04,13208.46,81,163.07,美妆,线下
2024-02-04,7062.56,118,59.85,美妆,小程序
2024-02-04,7852.89,112,70.12,美妆,APP
2024-02-05,16263.55,51,318.89,电子产品,线上
2024-02-05,11069.99,80,138.37,电子产品,线下
2024-02-05,15621.7,119,131.27,电子产品,小程序
2024-02-05,3636.81,120,30.31,电子产品,APP
2024-02-05,16606.98,85,195.38,服装,线上
2024-02-05,7769.45,80,97.12,服装,线下
2024-02-05,7720.58,61,126.57,服装,小程序
2024-02-05,16443.14,101,162.8,服装,APP
2024-02-05,15929.44,124,128.46,图书,线上
2024-02-05,14658.01,90,162.87,图书,线下
2024-02-05,15745.78,145,108.59,图书,小程序
2024-02-05,10169.91,125,81.36,图书,APP
2024-02-05,16592.73,105,158.03,家居,线上
2024-02-05,13643.53,45,303.19,家居,线下
2024-02-05,15152.81,86,176.2,家居,小程序
2024-02-05,10666.96,110,96.97,家居,APP
2024-02-05,9461.62,103,91.86,食品,线上
2024-02-05,9918.45,27,367.35,食品,线下
2024-02-05,14272.4,67,213.02,食品,小程序
2024-02-05,12413.28,54,229.88,食品,APP
2024-02-05,3569.25,71,50.27,美妆,线上
2024-02-05,12387.05,100,123.87,美妆,线下
2024-02-05,11646.8,48,242.64,美妆,小程序
2024-02-05,5751.72,53,108.52,美妆,APP
2024-02-06,15539.28,125,124.31,电子产品,线上
2024-02-06,14769.82,101,146.24,电子产品,线下
2024-02-06,9937.14,54,184.02,电子产品,小程序
2024-02-06,7234.17,103,70.23,电子产品,APP
2024-02-06,14867.37,70,212.39,服装,线上
2024-02-06,4737.02,114,41.55,服装,线下
2024-02-06,6118.04,116,52.74,服装,小程序
2024-02-06,16924.64,77,219.8,服装,APP
2024-02-06,3835.16,25,153.41,图书,线上
2024-02-06,16618.03,78,213.05,图书,线下
2024-02-06,16387.59,138,118.75,图书,小程序
2024-02-06,6350.03,63,100.79,图书,APP
2024-02-06,4246.65,129,32.92,家居,线上
2024-02-06,12046.46,58,207.7,家居,线下
2024-02-06,4803.06,114,42.13,家居,小程序
2024-02-06,5951.36,50,119.03,家居,APP
2024-02-06,3741.39,131,28.56,食品,线上
2024-02-06,14496.66,136,106.59,食品,线下
2024-02-06,15260.17,146,104.52,食品,小程序
2024-02-06,5220.26,72,72.5,食品,APP
2024-02-06,6240.64,88,70.92,美妆,线上
2024-02-06,7620.64,146,52.2,美妆,线下
2024-02-06,8953.8,130,68.88,美妆,小程序
2024-02-06,15672.11,75,208.96,美妆,APP
2024-02-07,17716.99,92,192.58,电子产品,线上
2024-02-07,13896.74,68,204.36,电子产品,线下
2024-02-07,9509.11,124,76.69,电子产品,小程序
2024-02-07,14832.32,27,549.35,电子产品,APP
2024-02-07,7685.94,87,88.34,服装,线上
2024-02-07,6907.56,135,51.17,服装,线下
2024-02-07,16466.63,114,144.44,服装,小程序
2024-02-07,11850.66,137,86.5,服装,APP
2024-02-07,4776.94,140,34.12,图书,线上
2024-02-07,5452.29,102,53.45,图书,线下
2024-02-07,17420.92,121,143.97,图书,小程序
2024-02-07,13329.67,118,112.96,图书,APP
2024-02-07,13637.01,85,160.44,家居,线上
2024-02-07,4596.48,35,131.33,家居,线下
2024-02-07,4298.5,80,53.73,家居,小程序
2024-02-07,10257.53,110,93.25,家居,APP
2024-02-07,17738.78,31,572.22,食品,线上
2024-02-07,3633.31,149,24.38,食品,线下
2024-02-07,12373.61,97,127.56,食品,小程序
2024-02-07,17465.38,114,153.21,食品,APP
2024-02-07,5438.54,30,181.28,美妆,线上
2024-02-07,11816.28,86,137.4,美妆,线下
2024-02-07,5973.92,146,40.92,美妆,小程序
2024-02-07,16793.86,139,120.82,美妆,APP
2024-02-08,5457.87,101,54.04,电子产品,线上
2024-02-08,13722.67,130,105.56,电子产品,线下
2024-02-08,5599.01,49,114.27,电子产品,小程序
2024-02-08,8049.48,52,154.8,电子产品,APP
2024-02-08,10706.7,91,117.66,服装,线上
2024-02-08,14259.53,130,109.69,服装,线下
2024-02-08,7615.85,87,87.54,服装,小程序
2024-02-08,12331.84,87,141.75,服装,APP
2024-02-08,10960.53,131,83.67,图书,线上
2024-02-08,16329.51,100,163.3,图书,线下
2024-02-08,14102.99,145,97.26,图书,小程序
2024-02-08,14486.07,58,249.76,图书,APP
2024-02-08,11513.61,132,87.22,家居,线上
2024-02-08,4333.24,58,74.71,家居,线下
2024-02-08,4352.46,66,65.95,家居,小程序
2024-02-08,4085.15,86,47.5,家居,APP
2024-02-08,5909.97,139,42.52,食品,线上
2024-02-08,9809.52,146,67.19,食品,线下
2024-02-08,4155.6,111,37.44,食品,小程序
2024-02-08,17703.51,144,122.94,食品,APP
2024-02-08,10114.34,48,210.72,美妆,线上
2024-02-08,15660.23,57,274.74,美妆,线下
2024-02-08,5339.76,43,124.18,美妆,小程序
2024-02-08,6484.15,92,70.48,美妆,APP
2024-02-09,6181.3,63,98.12,电子产品,线上
2024-02-09,14352.35,89,161.26,电子产品,线下
2024-02-09,11672.75,74,157.74,电子产品,小程序
2024-02-09,11964.12,21,569.72,电子产品,APP
2024-02-09,11138.35,66,168.76,服装,线上
2024-02-09,9565.29,39,245.26,服装,线下
2024-02-09,7121.48,147,48.45,服装,小程序
2024-02-09,13304.16,104,127.92,服装,APP
2024-02-09,3960.96,51,77.67,图书,线上
2024-02-09,9245.94,47,196.72,图书,线下
2024-02-09,15601.67,59,264.44,图书,小程序
2024-02-09,4002.76,137,29.22,图书,APP
2024-02-09,15511.56,142,109.24,家居,线上
2024-02-09,10105.49,88,114.84,家居,线下
2024-02-09,12117.08,21,577.0,家居,小程序
2024-02-09,8316.67,31,268.28,家居,APP
2024-02-09,13006.53,135,96.34,食品,线上
2024-02-09,8251.91,53,155.7,食品,线下
2024-02-09,6622.12,32,206.94,食品,小程序
2024-02-09,15093.28,92,164.06,食品,APP
2024-02-09,8226.87,34,241.97,美妆,线上
2024-02-09,14264.27,117,121.92,美妆,线下
2024-02-09,4916.72,85,57.84,美妆,小程序
2024-02-09,6143.35,122,50.36,美妆,APP
2024-02-10,4889.74,73,66.98,电子产品,线上
2024-02-10,5952.95,123,48.4,电子产品,线下
2024-02-10,7711.64,59,130.71,电子产品,小程序
2024-02-10,5342.6,145,36.85,电子产品,APP
2024-02-10,15152.66,99,153.06,服装,线上
2024-02-10,16632.23,53,313.82,服装,线下
2024-02-10,8779.98,44,199.54,服装,小程序
2024-02-10,15598.87,71,219.7,服装,APP
2024-02-10,10662.41,119,89.6,图书,线上
2024-02-10,10472.35,128,81.82,图书,线下
2024-02-10,4904.65,128,38.32,图书,小程序
2024-02-10,15295.29,67,228.29,图书,APP
2024-02-10,9862.07,129,76.45,家居,线上
2024-02-10,4943.93,107,46.2,家居,线下
2024-02-10,17634.69,77,229.02,家居,小程序
2024-02-10,12939.95,59,219.32,家居,APP
2024-02-10,17020.5,41,415.13,食品,线上
2024-02-10,7794.77,131,59.5,食品,线下
2024-02-10,4745.5,142,33.42,食品,小程序
2024-02-10,7934.47,52,152.59,食品,APP
2024-02-10,13469.07,96,140.3,美妆,线上
2024-02-10,15735.61,129,121.98,美妆,线下
2024-02-10,7863.66,32,245.74,美妆,小程序
2024-02-10,11547.13,31,372.49,美妆,APP
2024-02-11,11053.37,150,73.69,电子产品,线上
2024-02-11,9771.98,44,222.09,电子产品,线下
2024-02-11,10347.41,84,123.18,电子产品,小程序
2024-02-11,8766.34,40,219.16,电子产品,APP
2024-02-11,14748.84,24,614.53,服装,线上
2024-02-11,5269.37,138,38.18,服装,线下
2024-02-11,6219.43,66,94.23,服装,小程序
2024-02-11,15824.09,31,510.45,服装,APP
2024-02-11,4825.67,96,50.27,图书,线上
2024-02-11,8165.3,136,60.04,图书,线下
2024-02-11,14585.34,135,108.04,图书,小程序
2024-02-11,12651.78,87,145.42,图书,APP
2024-02-11,8561.85,67,127.79,家居,线上
2024-02-11,6675.74,40,166.89,家居,线下
2024-02-11,14435.85,86,167.86,家居,小程序
2024-02-11,16239.72,47,345.53,家居,APP
2024-02-11,9900.63,24,412.53,食品,线上
2024-02-11,3704.37,49,75.6,食品,线下
2024-02-11,3812.35,142,26.85,食品,小程序
2024-02-11,10282.35,123,83.6,食品,APP
2024-02-11,16198.67,144,112.49,美妆,线上
2024-02-11,8003.91,112,71.46,美妆,线下
2024-02-11,13619.72,121,112.56,美妆,小程序
2024-02-11,15270.0,42,363.57,美妆,APP
2024-02-12,5454.49,23,237.15,电子产品,线上
2024-02-12,6410.07,24,267.09,电子产品,线下
2024-02-12,13757.05,68,202.31,电子产品,小程序
2024-02-12,16127.08,73,220.92,电子产品,APP
2024-02-12,10631.79,57,186.52,服装,线上
2024-02-12,13083.87,131,99.88,服装,线下
2024-02-12,15880.99,68,233.54,服装,小程序
2024-02-12,4887.42,138,35.42,服装,APP
2024-02-12,5790.06,128,45.23,图书,线上
2024-02-12,3952.72,62,63.75,图书,线下
2024-02-12,16758.24,133,126.0,图书,小程序
2024-02-12,17651.86,140,126.08,图书,APP
2024-02-12,3920.88,135,29.04,家居,线上
2024-02-12,12145.73,71,171.07,家居,线下
2024-02-12,7922.85,120,66.02,家居,小程序
2024-02-12,4375.96,22,198.91,家居,APP
2024-02-12,5128.38,130,39.45,食品,线上
2024-02-12,17879.0,146,122.46,食品,线下
2024-02-12,14353.93,94,152.7,食品,小程序
2024-02-12,4173.76,122,34.21,食品,APP
2024-02-12,10704.26,144,74.34,美妆,线上
2024-02-12,7007.8,35,200.22,美妆,线下
2024-02-12,11318.04,128,88.42,美妆,小程序
2024-02-12,12017.43,36,333.82,美妆,APP
2024-02-13,7563.15,126,60.02,电子产品,线上
2024-02-13,16637.08,49,339.53,电子产品,线下
2024-02-13,10877.6,108,100.72,电子产品,小程序
2024-02-13,10199.0,131,77.85,电子产品,APP
2024-02-13,3955.12,93,42.53,服装,线上
2024-02-13,14257.48,140,101.84,服装,线下
2024-02-13,8673.11,79,109.79,服装,小程序
2024-02-13,11065.23,106,104.39,服装,APP
2024-02-13,17113.13,139,123.12,图书,线上
2024-02-13,5566.8,95,58.6,图书,线下
2024-02-13,14210.53,119,119.42,图书,小程序
2024-02-13,17669.11,112,157.76,图书,APP
2024-02-13,15276.37,61,250.43,家居,线上
2024-02-13,12733.21,92,138.4,家居,线下
2024-02-13,13738.83,42,327.12,家居,小程序
2024-02-13,13393.55,53,252.71,家居,APP
2024-02-13,6182.14,60,103.04,食品,线上
2024-02-13,12498.16,45,277.74,食品,线下
2024-02-13,15240.0,146,104.38,食品,小程序
2024-02-13,8086.05,73,110.77,食品,APP
2024-02-13,11783.71,24,490.99,美妆,线上
2024-02-13,8891.29,86,103.39,美妆,线下
2024-02-13,8865.84,60,147.76,美妆,小程序
2024-02-13,6202.93,148,41.91,美妆,APP
2024-02-14,4135.98,36,114.89,电子产品,线上
2024-02-14,8620.99,49,175.94,电子产品,线下
2024-02-14,12725.55,50,254.51,电子产品,小程序
2024-02-14,11910.27,144,82.71,电子产品,APP
2024-02-14,7448.82,107,69.62,服装,线上
2024-02-14,15179.87,31,489.67,服装,线下
2024-02-14,14962.92,88,170.03,服装,小程序
2024-02-14,16814.37,46,365.53,服装,APP
2024-02-14,14028.7,132,106.28,图书,线上
2024-02-14,15386.71,48,320.56,图书,线下
2024-02-14,17963.51,46,390.51,图书,小程序
2024-02-14,15747.89,30,524.93,图书,APP
2024-02-14,11108.28,62,179.17,家居,线上
2024-02-14,12906.9,72,179.26,家居,线下
2024-02-14,17029.53,60,283.83,家居,小程序
2024-02-14,14350.58,133,107.9,家居,APP
2024-02-14,14843.66,147,100.98,食品,线上
2024-02-14,14412.23,45,320.27,食品,线下
2024-02-14,5930.27,113,52.48,食品,小程序
2024-02-14,8575.12,55,155.91,食品,APP
2024-02-14,5470.98,71,77.06,美妆,线上
2024-02-14,10107.95,126,80.22,美妆,线下
2024-02-14,14950.07,21,711.91,美妆,小程序
2024-02-14,7265.38,141,51.53,美妆,APP
2024-02-15,8711.03,149,58.46,电子产品,线上
2024-02-15,6205.82,88,70.52,电子产品,线下
2024-02-15,9169.42,126,72.77,电子产品,小程序
2024-02-15,8995.69,82,109.7,电子产品,APP
2024-02-15,5916.34,127,46.59,服装,线上
2024-02-15,15279.74,55,277.81,服装,线下
2024-02-15,15494.13,125,123.95,服装,小程序
2024-02-15,17206.69,137,125.6,服装,APP
2024-02-15,17704.91,112,158.08,图书,线上
2024-02-15,17585.58,133,132.22,图书,线下
2024-02-15,5827.55,22,264.89,图书,小程序
2024-02-15,14254.58,37,385.26,图书,APP
2024-02-15,4931.79,100,49.32,家居,线上
2024-02-15,9599.79,62,154.84,家居,线下
2024-02-15,10077.41,120,83.98,家居,小程序
2024-02-15,14866.92,58,256.33,家居,APP
2024-02-15,16978.22,34,499.36,食品,线上
2024-02-15,18086.35,95,190.38,食品,线下
2024-02-15,9859.87,97,101.65,食品,小程序
2024-02-15,14312.4,100,143.12,食品,APP
2024-02-15,17077.21,22,776.24,美妆,线上
2024-02-15,15865.88,57,278.35,美妆,线下
2024-02-15,13999.27,134,104.47,美妆,小程序
2024-02-15,13168.18,133,99.01,美妆,APP
2024-02-16,14017.8,123,113.97,电子产品,线上
2024-02-16,15170.76,97,156.4,电子产品,线下
2024-02-16,4945.67,105,47.1,电子产品,小程序
2024-02-16,9468.68,52,182.09,电子产品,APP
2024-02-16,11399.07,92,123.9,服装,线上
2024-02-16,6860.93,150,45.74,服装,线下
2024-02-16,11862.39,107,110.86,服装,小程序
2024-02-16,14899.21,60,248.32,服装,APP
2024-02-16,4045.26,86,47.04,图书,线上
2024-02-16,7269.35,97,74.94,图书,线下
2024-02-16,14447.42,149,96.96,图书,小程序
2024-02-16,5332.72,35,152.36,图书,APP
2024-02-16,16149.93,86,187.79,家居,线上
2024-02-16,12975.03,110,117.95,家居,线下
2024-02-16,5530.55,51,108.44,家居,小程序
2024-02-16,10337.78,21,492.28,家居,APP
2024-02-16,10403.03,80,130.04,食品,线上
2024-02-16,15614.42,79,197.65,食品,线下
2024-02-16,8881.96,92,96.54,食品,小程序
2024-02-16,13565.83,55,246.65,食品,APP
2024-02-16,14267.53,83,171.9,美妆,线上
2024-02-16,5255.57,69,76.17,美妆,线下
2024-02-16,15872.67,112,141.72,美妆,小程序
2024-02-16,10420.23,57,182.81,美妆,APP
2024-02-17,14288.57,125,114.31,电子产品,线上
2024-02-17,4932.25,35,140.92,电子产品,线下
2024-02-17,10027.83,53,189.2,电子产品,小程序
2024-02-17,10791.06,134,80.53,电子产品,APP
2024-02-17,4874.68,123,39.63,服装,线上
2024-02-17,12455.01,121,102.93,服装,线下
2024-02-17,16671.5,147,113.41,服装,小程序
2024-02-17,13171.52,132,99.78,服装,APP
2024-02-17,13952.43,145,96.22,图书,线上
2024-02-17,14586.88,126,115.77,图书,线下
2024-02-17,15955.28,56,284.92,图书,小程序
2024-02-17,11229.87,144,77.99,图书,APP
2024-02-17,14281.29,53,269.46,家居,线上
2024-02-17,18098.17,50,361.96,家居,线下
2024-02-17,14033.46,136,103.19,家居,小程序
2024-02-17,10748.01,60,179.13,家居,APP
2024-02-17,17742.13,114,155.63,食品,线上
2024-02-17,17409.71,50,348.19,食品,线下
2024-02-17,12653.54,124,102.04,食品,小程序
2024-02-17,5354.07,114,46.97,食品,APP
2024-02-17,12210.22,30,407.01,美妆,线上
2024-02-17,11482.35,50,229.65,美妆,线下
2024-02-17,9234.1,115,80.3,美妆,小程序
2024-02-17,8220.64,144,57.09,美妆,APP
2024-02-18,4148.05,56,74.07,电子产品,线上
2024-02-18,5851.6,127,46.08,电子产品,线下
2024-02-18,4456.54,98,45.47,电子产品,小程序
2024-02-18,16997.29,75,226.63,电子产品,APP
2024-02-18,6462.48,145,44.57,服装,线上
2024-02-18,3761.68,109,34.51,服装,线下
2024-02-18,4738.77,31,152.86,服装,小程序
2024-02-18,9961.72,99,100.62,服装,APP
2024-02-18,12173.03,106,114.84,图书,线上
2024-02-18,15390.04,141,109.15,图书,线下
2024-02-18,16182.57,53,305.33,图书,小程序
2024-02-18,15100.58,149,101.35,图书,APP
2024-02-18,13227.97,135,97.98,家居,线上
2024-02-18,13686.99,58,235.98,家居,线下
2024-02-18,16658.38,103,161.73,家居,小程序
2024-02-18,5063.34,124,40.83,家居,APP
2024-02-18,9508.98,121,78.59,食品,线上
2024-02-18,8789.17,31,283.52,食品,线下
2024-02-18,18027.25,133,135.54,食品,小程序
2024-02-18,14712.03,42,350.29,食品,APP
2024-02-18,16652.53,26,640.48,美妆,线上
2024-02-18,12266.0,99,123.9,美妆,线下
2024-02-18,12102.6,51,237.31,美妆,小程序
2024-02-18,13339.2,41,325.35,美妆,APP
2024-02-19,6630.23,33,200.92,电子产品,线上
2024-02-19,18092.56,68,266.07,电子产品,线下
2024-02-19,14994.43,148,101.31,电子产品,小程序
2024-02-19,17186.98,50,343.74,电子产品,APP
2024-02-19,13611.16,66,206.23,服装,线上
2024-02-19,18168.75,90,201.88,服装,线下
2024-02-19,15536.9,82,189.47,服装,小程序
2024-02-19,16180.31,133,121.66,服装,APP
2024-02-19,5015.05,102,49.17,图书,线上
2024-02-19,9767.88,31,315.09,图书,线下
2024-02-19,11111.76,25,444.47,图书,小程序
2024-02-19,8841.12,66,133.96,图书,APP
2024-02-19,9964.78,101,98.66,家居,线上
2024-02-19,9471.35,43,220.26,家居,线下
2024-02-19,5464.59,45,121.44,家居,小程序
2024-02-19,11865.65,93,127.59,家居,APP
2024-02-19,5905.02,85,69.47,食品,线上
2024-02-19,15260.38,59,258.65,食品,线下
2024-02-19,8344.15,124,67.29,食品,小程序
2024-02-19,13916.18,35,397.61,食品,APP
2024-02-19,12955.08,103,125.78,美妆,线上
2024-02-19,6465.85,34,190.17,美妆,线下
2024-02-19,8212.73,45,182.51,美妆,小程序
2024-02-19,8542.68,125,68.34,美妆,APP
2024-02-20,17202.32,86,200.03,电子产品,线上
2024-02-20,9413.97,50,188.28,电子产品,线下
2024-02-20,4543.27,81,56.09,电子产品,小程序
2024-02-20,15082.11,80,188.53,电子产品,APP
2024-02-20,11181.84,149,75.05,服装,线上
2024-02-20,9557.48,49,195.05,服装,线下
2024-02-20,7815.28,101,77.38,服装,小程序
2024-02-20,10758.09,124,86.76,服装,APP
2024-02-20,4747.65,27,175.84,图书,线上
2024-02-20,9895.28,79,125.26,图书,线下
2024-02-20,17514.21,24,729.76,图书,小程序
2024-02-20,7813.35,45,173.63,图书,APP
2024-02-20,7469.56,52,143.65,家居,线上
2024-02-20,8346.92,124,67.31,家居,线下
2024-02-20,10474.53,148,70.77,家居,小程序
2024-02-20,6824.53,56,121.87,家居,APP
2024-02-20,9380.74,63,148.9,食品,线上
2024-02-20,15531.96,128,121.34,食品,线下
2024-02-20,18230.85,135,135.04,食品,小程序
2024-02-20,4391.47,138,31.82,食品,APP
2024-02-20,18227.27,94,193.91,美妆,线上
2024-02-20,13591.04,62,219.21,美妆,线下
2024-02-20,3770.67,143,26.37,美妆,小程序
2024-02-20,7875.71,84,93.76,美妆,APP
2024-02-21,16466.58,117,140.74,电子产品,线上
2024-02-21,18881.12,74,255.15,电子产品,线下
2024-02-21,12622.65,150,84.15,电子产品,小程序
2024-02-21,8030.27,61,131.64,电子产品,APP
2024-02-21,14950.57,37,404.07,服装,线上
2024-02-21,8322.38,121,68.78,服装,线下
2024-02-21,14334.62,55,260.63,服装,小程序
2024-02-21,14737.32,91,161.95,服装,APP
2024-02-21,17052.88,73,233.6,图书,线上
2024-02-21,13004.82,101,128.76,图书,线下
2024-02-21,17138.31,107,160.17,图书,小程序
2024-02-21,13378.51,135,99.1,图书,APP
2024-02-21,7904.85,102,77.5,家居,线上
2024-02-21,8941.93,137,65.27,家居,线下
2024-02-21,18272.79,104,175.7,家居,小程序
2024-02-21,4018.44,54,74.42,家居,APP
2024-02-21,13548.9,20,677.44,食品,线上
2024-02-21,12979.75,21,618.08,食品,线下
2024-02-21,17403.01,64,271.92,食品,小程序
2024-02-21,10023.09,145,69.12,食品,APP
2024-02-21,15302.46,40,382.56,美妆,线上
2024-02-21,15677.89,39,402.0,美妆,线下
2024-02-21,11919.69,133,89.62,美妆,小程序
2024-02-21,13938.88,110,126.72,美妆,APP
2024-02-22,18548.4,116,159.9,电子产品,线上
2024-02-22,16354.05,111,147.33,电子产品,线下
2024-02-22,9664.76,22,439.31,电子产品,小程序
2024-02-22,5688.26,114,49.9,电子产品,APP
2024-02-22,18005.15,133,135.38,服装,线上
2024-02-22,3936.68,25,157.47,服装,线下
2024-02-22,15306.06,111,137.89,服装,小程序
2024-02-22,6701.37,97,69.09,服装,APP
2024-02-22,16064.87,76,211.38,图书,线上
2024-02-22,7350.18,146,50.34,图书,线下
2024-02-22,18476.42,29,637.12,图书,小程序
2024-02-22,8055.95,73,110.36,图书,APP
2024-02-22,3902.86,121,32.26,家居,线上
2024-02-22,5478.53,91,60.2,家居,线下
2024-02-22,12432.53,146,85.15,家居,小程序
2024-02-22,6382.1,69,92.49,家居,APP
2024-02-22,13809.75,64,215.78,食品,线上
2024-02-22,4786.62,52,92.05,食品,线下
2024-02-22,15117.12,52,290.71,食品,小程序
2024-02-22,7735.2,78,99.17,食品,APP
2024-02-22,17166.64,90,190.74,美妆,线上
2024-02-22,6706.53,25,268.26,美妆,线下
2024-02-22,18850.64,84,224.41,美妆,小程序
2024-02-22,14126.09,136,103.87,美妆,APP
2024-02-23,3840.43,129,29.77,电子产品,线上
2024-02-23,13580.59,33,411.53,电子产品,线下
2024-02-23,16825.63,102,164.96,电子产品,小程序
2024-02-23,10403.77,124,83.9,电子产品,APP
2024-02-23,7987.63,139,57.46,服装,线上
2024-02-23,11364.45,31,366.6,服装,线下
2024-02-23,17282.03,77,224.44,服装,小程序
2024-02-23,4526.5,127,35.64,服装,APP
2024-02-23,11925.92,100,119.26,图书,线上
2024-02-23,3889.28,69,56.37,图书,线下
2024-02-23,8912.4,26,342.78,图书,小程序
2024-02-23,18904.78,77,245.52,图书,APP
2024-02-23,18719.3,128,146.24,家居,线上
2024-02-23,18409.57,83,221.8,家居,线下
2024-02-23,6811.54,104,65.5,家居,小程序
2024-02-23,8548.11,44,194.28,家居,APP
2024-02-23,4235.49,130,32.58,食品,线上
2024-02-23,16127.51,105,153.6,食品,线下
2024-02-23,16622.11,83,200.27,食品,小程序
2024-02-23,5454.4,81,67.34,食品,APP
2024-02-23,18425.22,33,558.34,美妆,线上
2024-02-23,16334.42,80,204.18,美妆,线下
2024-02-23,18192.7,132,137.82,美妆,小程序
2024-02-23,15457.44,134,115.35,美妆,APP
2024-02-24,12688.47,41,309.47,电子产品,线上
2024-02-24,18743.76,28,669.42,电子产品,线下
2024-02-24,9603.51,36,266.76,电子产品,小程序
2024-02-24,15806.67,35,451.62,电子产品,APP
2024-02-24,17895.61,133,134.55,服装,线上
2024-02-24,4665.39,130,35.89,服装,线下
2024-02-24,4833.79,34,142.17,服装,小程序
2024-02-24,12387.28,95,130.39,服装,APP
2024-02-24,16836.57,122,138.0,图书,线上
2024-02-24,5293.61,125,42.35,图书,线下
2024-02-24,7394.98,22,336.14,图书,小程序
2024-02-24,10767.09,138,78.02,图书,APP
2024-02-24,15998.29,45,355.52,家居,线上
2024-02-24,9025.24,26,347.12,家居,线下
2024-02-24,10777.27,104,103.63,家居,小程序
2024-02-24,12824.38,47,272.86,家居,APP
2024-02-24,5398.61,37,145.91,食品,线上
2024-02-24,12902.03,69,186.99,食品,线下
2024-02-24,17669.9,52,339.81,食品,小程序
2024-02-24,13582.84,85,159.8,食品,APP
2024-02-24,9266.7,143,64.8,美妆,线上
2024-02-24,14918.52,133,112.17,美妆,线下
2024-02-24,6672.66,55,121.32,美妆,小程序
2024-02-24,16026.78,35,457.91,美妆,APP
2024-02-25,5805.52,131,44.32,电子产品,线上
2024-02-25,11730.39,111,105.68,电子产品,线下
2024-02-25,8626.31,57,151.34,电子产品,小程序
2024-02-25,6108.77,99,61.7,电子产品,APP
2024-02-25,13116.95,94,139.54,服装,线上
2024-02-25,9512.35,22,432.38,服装,线下
2024-02-25,11800.4,57,207.02,服装,小程序
2024-02-25,4723.93,149,31.7,服装,APP
2024-02-25,16434.96,33,498.03,图书,线上
2024-02-25,10330.59,70,147.58,图书,线下
2024-02-25,18853.31,71,265.54,图书,小程序
2024-02-25,15913.56,107,148.72,图书,APP
2024-02-25,6753.55,141,47.9,家居,线上
2024-02-25,14522.71,139,104.48,家居,线下
2024-02-25,13062.12,104,125.6,家居,小程序
2024-02-25,16939.53,105,161.33,家居,APP
2024-02-25,13313.3,127,104.83,食品,线上
2024-02-25,8894.24,46,193.35,食品,线下
2024-02-25,10826.18,30,360.87,食品,小程序
2024-02-25,11466.07,20,573.3,食品,APP
2024-02-25,13661.68,78,175.15,美妆,线上
2024-02-25,11014.24,74,148.84,美妆,线下
2024-02-25,7516.96,104,72.28,美妆,小程序
2024-02-25,16251.85,116,140.1,美妆,APP
2024-02-26,7028.34,67,104.9,电子产品,线上
2024-02-26,16610.61,21,790.98,电子产品,线下
2024-02-26,9459.54,38,248.94,电子产品,小程序
2024-02-26,9383.44,49,191.5,电子产品,APP
2024-02-26,6057.18,132,45.89,服装,线上
2024-02-26,6859.88,112,61.25,服装,线下
2024-02-26,4536.76,27,168.03,服装,小程序
2024-02-26,6932.73,92,75.36,服装,APP
2024-02-26,6547.19,87,75.26,图书,线上
2024-02-26,14955.12,106,141.09,图书,线下
2024-02-26,16941.71,82,206.61,图书,小程序
2024-02-26,6615.03,25,264.6,图书,APP
2024-02-26,6577.0,87,75.6,家居,线上
2024-02-26,17915.96,25,716.64,家居,线下
2024-02-26,16693.37,55,303.52,家居,小程序
2024-02-26,9708.15,48,202.25,家居,APP
2024-02-26,9082.38,73,124.42,食品,线上
2024-02-26,8568.19,81,105.78,食品,线下
2024-02-26,9564.87,115,83.17,食品,小程序
2024-02-26,14060.93,131,107.34,食品,APP
2024-02-26,17417.98,36,483.83,美妆,线上
2024-02-26,5688.12,53,107.32,美妆,线下
2024-02-26,16129.21,69,233.76,美妆,小程序
2024-02-26,12079.64,115,105.04,美妆,APP
2024-02-27,8803.78,129,68.25,电子产品,线上
2024-02-27,19019.37,82,231.94,电子产品,线下
2024-02-27,18151.81,68,266.94,电子产品,小程序
2024-02-27,17119.79,95,180.21,电子产品,APP
2024-02-27,16114.59,103,156.45,服装,线上
2024-02-27,7706.63,91,84.69,服装,线下
2024-02-27,17405.25,150,116.03,服装,小程序
2024-02-27,18886.1,145,130.25,服装,APP
2024-02-27,7118.61,40,177.97,图书,线上
2024-02-27,16038.28,36,445.51,图书,线下
2024-02-27,6470.61,119,54.37,图书,小程序
2024-02-27,15521.22,150,103.47,图书,APP
2024-02-27,9676.71,138,70.12,家居,线上
2024-02-27,6649.88,115,57.83,家居,线下
2024-02-27,12020.6,143,84.06,家居,小程序
2024-02-27,14968.48,146,102.52,家居,APP
2024-02-27,11218.93,122,91.96,食品,线上
2024-02-27,13766.47,29,474.71,食品,线下
2024-02-27,7087.02,71,99.82,食品,小程序
2024-02-27,10882.9,80,136.04,食品,APP
2024-02-27,10012.06,98,102.16,美妆,线上
2024-02-27,10463.49,116,90.2,美妆,线下
2024-02-27,12732.01,115,110.71,美妆,小程序
2024-02-27,7820.68,41,190.75,美妆,APP
2024-02-28,5982.42,41,145.91,电子产品,线上
2024-02-28,8484.13,110,77.13,电子产品,线下
2024-02-28,7474.37,30,249.15,电子产品,小程序
2024-02-28,11133.52,106,105.03,电子产品,APP
2024-02-28,10524.1,139,75.71,服装,线上
2024-02-28,10623.77,114,93.19,服装,线下
2024-02-28,16414.25,101,162.52,服装,小程序
2024-02-28,8141.24,26,313.12,服装,APP
2024-02-28,6686.55,79,84.64,图书,线上
2024-02-28,8026.13,39,205.8,图书,线下
2024-02-28,9481.04,41,231.24,图书,小程序
2024-02-28,8475.88,148,57.27,图书,APP
2024-02-28,11873.48,40,296.84,家居,线上
2024-02-28,16124.24,78,206.72,家居,线下
2024-02-28,5423.28,38,142.72,家居,小程序
2024-02-28,9498.85,71,133.79,家居,APP
2024-02-28,9086.68,104,87.37,食品,线上
2024-02-28,7783.29,90,86.48,食品,线下
2024-02-28,6858.97,55,124.71,食品,小程序
2024-02-28,19432.47,86,225.96,食品,APP
2024-02-28,4024.3,96,41.92,美妆,线上
2024-02-28,8278.62,108,76.65,美妆,线下
2024-02-28,16081.51,123,130.74,美妆,小程序
2024-02-28,18613.87,23,809.3,美妆,APP
2024-02-29,11285.54,58,194.58,电子产品,线上
2024-02-29,17435.69,78,223.53,电子产品,线下
2024-02-29,7454.77,73,102.12,电子产品,小程序
2024-02-29,11323.59,139,81.46,电子产品,APP
2024-02-29,15201.17,138,110.15,服装,线上
2024-02-29,9232.52,41,225.18,服装,线下
2024-02-29,8801.34,68,129.43,服装,小程序
2024-02-29,10610.12,126,84.21,服装,APP
2024-02-29,7183.7,135,53.21,图书,线上
2024-02-29,17239.97,27,638.52,图书,线下
2024-02-29,9764.6,52,187.78,图书,小程序
2024-02-29,8684.07,22,394.73,图书,APP
2024-02-29,11720.02,110,106.55,家居,线上
2024-02-29,9219.43,127,72.59,家居,线下
2024-02-29,10562.07,123,85.87,家居,小程序
2024-02-29,15831.58,96,164.91,家居,APP
2024-02-29,9004.62,25,360.18,食品,线上
2024-02-29,12779.44,28,456.41,食品,线下
2024-02-29,18321.62,59,310.54,食品,小程序
2024-02-29,19182.87,104,184.45,食品,APP
2024-02-29,12789.03,120,106.58,美妆,线上
2024-02-29,19228.65,72,267.06,美妆,线下
2024-02-29,18736.6,36,520.46,美妆,小程序
2024-02-29,12262.26,68,180.33,美妆,APP
2024-03-01,11376.11,104,109.39,电子产品,线上
2024-03-01,12863.11,135,95.28,电子产品,线下
2024-03-01,13953.8,97,143.85,电子产品,小程序
2024-03-01,5387.52,46,117.12,电子产品,APP
2024-03-01,14517.0,65,223.34,服装,线上
2024-03-01,4427.2,145,30.53,服装,线下
2024-03-01,4345.26,70,62.08,服装,小程序
2024-03-01,5014.73,118,42.5,服装,APP
2024-03-01,8378.8,79,106.06,图书,线上
2024-03-01,8493.19,37,229.55,图书,线下
2024-03-01,11060.4,114,97.02,图书,小程序
2024-03-01,12062.87,63,191.47,图书,APP
2024-03-01,9053.01,125,72.42,家居,线上
2024-03-01,10062.79,48,209.64,家居,线下
2024-03-01,5950.94,127,46.86,家居,小程序
2024-03-01,11430.63,37,308.94,家居,APP
2024-03-01,10029.63,72,139.3,食品,线上
2024-03-01,5963.42,72,82.83,食品,线下
2024-03-01,8785.95,141,62.31,食品,小程序
2024-03-01,6416.23,99,64.81,食品,APP
2024-03-01,13145.27,148,88.82,美妆,线上
2024-03-01,15174.45,137,110.76,美妆,线下
2024-03-01,8247.32,21,392.73,美妆,小程序
2024-03-01,19480.07,134,145.37,美妆,APP
2024-03-02,4948.56,122,40.56,电子产品,线上
2024-03-02,13473.49,83,162.33,电子产品,线下
2024-03-02,12228.48,145,84.33,电子产品,小程序
2024-03-02,11193.72,30,373.12,电子产品,APP
2024-03-02,15560.95,93,167.32,服装,线上
2024-03-02,14126.8,136,103.87,服装,线下
2024-03-02,9406.03,96,97.98,服装,小程序
2024-03-02,10104.39,64,157.88,服装,APP
2024-03-02,10482.07,65,161.26,图书,线上
2024-03-02,18124.89,130,139.42,图书,线下
2024-03-02,11156.26,66,169.03,图书,小程序
2024-03-02,14949.9,44,339.77,图书,APP
2024-03-02,10143.18,31,327.2,家居,线上
2024-03-02,7718.21,60,128.64,家居,线下
2024-03-02,8255.37,94,87.82,家居,小程序
2024-03-02,14447.67,37,390.48,家居,APP
2024-03-02,14942.37,75,199.23,食品,线上
2024-03-02,18263.15,125,146.11,食品,线下
2024-03-02,19581.63,51,383.95,食品,小程序
2024-03-02,19627.76,39,503.28,食品,APP
2024-03-02,15846.32,149,106.35,美妆,线上
2024-03-02,16021.94,103,155.55,美妆,线下
2024-03-02,10403.95,62,167.81,美妆,小程序
2024-03-02,7924.24,149,53.18,美妆,APP
2024-03-03,4663.08,26,179.35,电子产品,线上
2024-03-03,5115.1,138,37.07,电子产品,线下
2024-03-03,9989.07,122,81.88,电子产品,小程序
2024-03-03,17500.67,121,144.63,电子产品,APP
2024-03-03,4554.51,84,54.22,服装,线上
2024-03-03,5771.7,54,106.88,服装,线下
2024-03-03,9133.72,138,66.19,服装,小程序
2024-03-03,11628.77,37,314.29,服装,APP
2024-03-03,5263.13,82,64.18,图书,线上
2024-03-03,15250.26,132,115.53,图书,线下
2024-03-03,6176.44,91,67.87,图书,小程序
2024-03-03,17275.77,63,274.22,图书,APP
2024-03-03,17227.23,45,382.83,家居,线上
2024-03-03,6761.72,51,132.58,家居,线下
2024-03-03,12418.43,120,103.49,家居,小程序
2024-03-03,6622.71,22,301.03,家居,APP
2024-03-03,14677.36,59,248.77,食品,线上
2024-03-03,10930.8,65,168.17,食品,线下
2024-03-03,7385.86,28,263.78,食品,小程序
2024-03-03,18084.91,75,241.13,食品,APP
2024-03-03,10952.96,32,342.28,美妆,线上
2024-03-03,17195.66,46,373.82,美妆,线下
2024-03-03,10138.84,98,103.46,美妆,小程序
2024-03-03,10983.48,21,523.02,美妆,APP
2024-03-04,4746.42,116,40.92,电子产品,线上
2024-03-04,16164.12,83,194.75,电子产品,线下
2024-03-04,9926.94,81,122.55,电子产品,小程序
2024-03-04,7151.24,24,297.97,电子产品,APP
2024-03-04,10674.48,23,464.11,服装,线上
2024-03-04,9330.54,69,135.23,服装,线下
2024-03-04,14779.05,36,410.53,服装,小程序
2024-03-04,7478.33,44,169.96,服装,APP
2024-03-04,16637.87,62,268.35,图书,线上
2024-03-04,15479.13,31,499.33,图书,线下
2024-03-04,10579.08,47,225.09,图书,小程序
2024-03-04,16935.05,102,166.03,图书,APP
2024-03-04,12905.28,68,189.78,家居,线上
2024-03-04,13900.43,121,114.88,家居,线下
2024-03-04,18894.53,50,377.89,家居,小程序
2024-03-04,7666.5,47,163.12,家居,APP
2024-03-04,9639.8,64,150.62,食品,线上
2024-03-04,4211.33,100,42.11,食品,线下
2024-03-04,4163.44,74,56.26,食品,小程序
2024-03-04,11263.97,36,312.89,食品,APP
2024-03-04,14429.45,91,158.57,美妆,线上
2024-03-04,14302.05,114,125.46,美妆,线下
2024-03-04,4671.32,75,62.28,美妆,小程序
2024-03-04,10506.24,147,71.47,美妆,APP
2024-03-05,19677.55,46,427.77,电子产品,线上
2024-03-05,15359.84,63,243.81,电子产品,线下
2024-03-05,8009.84,44,182.04,电子产品,小程序
2024-03-05,13561.98,119,113.97,电子产品,APP
2024-03-05,14807.21,54,274.21,服装,线上
2024-03-05,9288.16,101,91.96,服装,线下
2024-03-05,19596.47,143,137.04,服装,小程序
2024-03-05,5066.8,24,211.12,服装,APP
2024-03-05,13700.27,134,102.24,图书,线上
2024-03-05,10091.23,79,127.74,图书,线下
2024-03-05,12022.9,23,522.73,图书,小程序
2024-03-05,7701.31,51,151.01,图书,APP
2024-03-05,8917.97,129,69.13,家居,线上
2024-03-05,16073.39,40,401.83,家居,线下
2024-03-05,4945.68,115,43.01,家居,小程序
2024-03-05,11948.0,71,168.28,家居,APP
2024-03-05,6409.76,72,89.02,食品,线上
2024-03-05,14234.94,80,177.94,食品,线下
2024-03-05,18724.98,133,140.79,食品,小程序
2024-03-05,15786.3,104,151.79,食品,APP
2024-03-05,6132.04,101,60.71,美妆,线上
2024-03-05,14259.89,30,475.33,美妆,线下
2024-03-05,12301.4,126,97.63,美妆,小程序
2024-03-05,14330.81,93,154.09,美妆,APP
2024-03-06,16032.33,78,205.54,电子产品,线上
2024-03-06,17576.74,104,169.01,电子产品,线下
2024-03-06,9497.58,72,131.91,电子产品,小程序
2024-03-06,12647.54,83,152.38,电子产品,APP
2024-03-06,16847.94,76,221.68,服装,线上
2024-03-06,13749.18,117,117.51,服装,线下
2024-03-06,12361.68,66,187.3,服装,小程序
2024-03-06,11094.04,21,528.29,服装,APP
2024-03-06,5041.26,145,34.77,图书,线上
2024-03-06,5127.28,69,74.31,图书,线下
2024-03-06,4840.81,56,86.44,图书,小程序
2024-03-06,19040.32,52,366.16,图书,APP
2024-03-06,5476.18,72,76.06,家居,线上
2024-03-06,7792.39,40,194.81,家居,线下
2024-03-06,10835.73,139,77.95,家居,小程序
2024-03-06,8996.6,70,128.52,家居,APP
2024-03-06,7930.43,65,122.01,食品,线上
2024-03-06,13713.73,97,141.38,食品,线下
2024-03-06,8578.23,134,64.02,食品,小程序
2024-03-06,19512.23,71,274.82,食品,APP
2024-03-06,8362.04,143,58.48,美妆,线上
2024-03-06,5288.01,112,47.21,美妆,线下
2024-03-06,10387.15,62,167.53,美妆,小程序
2024-03-06,11548.35,128,90.22,美妆,APP
2024-03-07,12152.17,130,93.48,电子产品,线上
2024-03-07,16255.47,143,113.67,电子产品,线下
2024-03-07,4341.09,117,37.1,电子产品,小程序
2024-03-07,10898.89,41,265.83,电子产品,APP
2024-03-07,16231.88,96,169.08,服装,线上
2024-03-07,13598.46,59,230.48,服装,线下
2024-03-07,12917.38,64,201.83,服装,小程序
2024-03-07,8162.0,138,59.14,服装,APP
2024-03-07,8943.23,92,97.21,图书,线上
2024-03-07,10058.21,143,70.34,图书,线下
2024-03-07,5179.8,54,95.92,图书,小程序
2024-03-07,15524.03,70,221.77,图书,APP
2024-03-07,6511.76,68,95.76,家居,线上
2024-03-07,4089.6,148,27.63,家居,线下
2024-03-07,15773.5,115,137.16,家居,小程序
2024-03-07,11929.52,126,94.68,家居,APP
2024-03-07,19150.92,115,166.53,食品,线上
2024-03-07,10201.26,98,104.09,食品,线下
2024-03-07,14336.4,38,377.27,食品,小程序
2024-03-07,10599.47,29,365.5,食品,APP
2024-03-07,19990.59,51,391.97,美妆,线上
2024-03-07,10213.94,61,167.44,美妆,线下
2024-03-07,7147.35,131,54.56,美妆,小程序
2024-03-07,19421.42,109,178.18,美妆,APP
2024-03-08,12271.73,145,84.63,电子产品,线上
2024-03-08,14297.15,114,125.41,电子产品,线下
2024-03-08,15290.31,118,129.58,电子产品,小程序
2024-03-08,19007.06,83,229.0,电子产品,APP
2024-03-08,7954.13,28,284.08,服装,线上
2024-03-08,18925.47,112,168.98,服装,线下
2024-03-08,14232.09,27,527.11,服装,小程序
2024-03-08,15306.72,57,268.54,服装,APP
2024-03-08,8260.72,136,60.74,图书,线上
2024-03-08,19293.76,57,338.49,图书,线下
2024-03-08,8146.94,61,133.56,图书,小程序
2024-03-08,4238.15,43,98.56,图书,APP
2024-03-08,14449.29,118,122.45,家居,线上
2024-03-08,10463.28,40,261.58,家居,线下
2024-03-08,12415.98,68,182.59,家居,小程序
2024-03-08,18191.01,62,293.4,家居,APP
2024-03-08,17443.72,84,207.66,食品,线上
2024-03-08,15215.69,148,102.81,食品,线下
2024-03-08,19672.09,117,168.14,食品,小程序
2024-03-08,13507.15,125,108.06,食品,APP
2024-03-08,16195.12,42,385.6,美妆,线上
2024-03-08,5804.19,108,53.74,美妆,线下
2024-03-08,17192.97,88,195.37,美妆,小程序
2024-03-08,16134.82,121,133.35,美妆,APP
2024-03-09,15394.29,21,733.06,电子产品,线上
2024-03-09,20066.33,145,138.39,电子产品,线下
2024-03-09,4080.97,37,110.3,电子产品,小程序
2024-03-09,16606.6,126,131.8,电子产品,APP
2024-03-09,12571.0,93,135.17,服装,线上
2024-03-09,15946.36,63,253.12,服装,线下
2024-03-09,6916.84,67,103.24,服装,小程序
2024-03-09,15476.02,70,221.09,服装,APP
2024-03-09,11946.62,148,80.72,图书,线上
2024-03-09,19441.13,135,144.01,图书,线下
2024-03-09,13254.41,74,179.11,图书,小程序
2024-03-09,7066.68,35,201.91,图书,APP
2024-03-09,16220.07,69,235.07,家居,线上
2024-03-09,8262.42,124,66.63,家居,线下
2024-03-09,11204.64,47,238.4,家居,小程序
2024-03-09,18141.44,62,292.6,家居,APP
2024-03-09,5349.99,41,130.49,食品,线上
2024-03-09,10182.66,90,113.14,食品,线下
2024-03-09,5097.79,27,188.81,食品,小程序
2024-03-09,13555.39,142,95.46,食品,APP
2024-03-09,11925.91,45,265.02,美妆,线上
2024-03-09,4209.57,88,47.84,美妆,线下
2024-03-09,16250.62,21,773.84,美妆,小程序
2024-03-09,14847.85,30,494.93,美妆,APP
2024-03-10,5649.24,21,269.01,电子产品,线上
2024-03-10,10190.63,88,115.8,电子产品,线下
2024-03-10,19254.11,141,136.55,电子产品,小程序
2024-03-10,16400.23,129,127.13,电子产品,APP
2024-03-10,9553.53,107,89.29,服装,线上
2024-03-10,20350.54,81,251.24,服装,线下
2024-03-10,19398.46,122,159.0,服装,小程序
2024-03-10,10235.75,34,301.05,服装,APP
2024-03-10,19957.35,104,191.9,图书,线上
2024-03-10,17204.17,20,860.21,图书,线下
2024-03-10,11514.06,122,94.38,图书,小程序
2024-03-10,15884.05,55,288.8,图书,APP
2024-03-10,4490.19,51,88.04,家居,线上
2024-03-10,18225.98,91,200.29,家居,线下
2024-03-10,19562.49,83,235.69,家居,小程序
2024-03-10,10072.78,141,71.44,家居,APP
2024-03-10,12458.66,68,183.22,食品,线上
2024-03-10,4122.88,102,40.42,食品,线下
2024-03-10,4342.78,112,38.77,食品,小程序
2024-03-10,18298.12,103,177.65,食品,APP
2024-03-10,15113.8,79,191.31,美妆,线上
2024-03-10,13954.66,122,114.38,美妆,线下
2024-03-10,16111.83,40,402.8,美妆,小程序
2024-03-10,9745.46,141,69.12,美妆,APP
2024-03-11,20227.8,45,449.51,电子产品,线上
2024-03-11,16096.88,95,169.44,电子产品,线下
2024-03-11,14018.22,56,250.33,电子产品,小程序
2024-03-11,18314.17,149,122.91,电子产品,APP
2024-03-11,4607.67,147,31.34,服装,线上
2024-03-11,17119.71,97,176.49,服装,线下
2024-03-11,17700.82,139,127.34,服装,小程序
2024-03-11,6836.84,134,51.02,服装,APP
2024-03-11,19707.41,143,137.81,图书,线上
2024-03-11,14925.35,81,184.26,图书,线下
2024-03-11,8068.34,63,128.07,图书,小程序
2024-03-11,16407.19,42,390.65,图书,APP
2024-03-11,5813.35,27,215.31,家居,线上
2024-03-11,6708.99,103,65.14,家居,线下
2024-03-11,18850.41,91,207.15,家居,小程序
2024-03-11,7692.53,85,90.5,家居,APP
2024-03-11,14979.16,51,293.71,食品,线上
2024-03-11,14971.7,145,103.25,食品,线下
2024-03-11,5567.58,105,53.02,食品,小程序
2024-03-11,18348.22,36,509.67,食品,APP
2024-03-11,14620.26,116,126.04,美妆,线上
2024-03-11,18973.37,117,162.17,美妆,线下
2024-03-11,14782.7,131,112.85,美妆,小程序
2024-03-11,17309.85,77,224.8,美妆,APP
2024-03-12,8359.56,94,88.93,电子产品,线上
2024-03-12,5544.87,42,132.02,电子产品,线下
2024-03-12,9691.98,68,142.53,电子产品,小程序
2024-03-12,16332.08,49,333.31,电子产品,APP
2024-03-12,13511.4,52,259.83,服装,线上
2024-03-12,18117.19,117,154.85,服装,线下
2024-03-12,13578.35,20,678.92,服装,小程序
2024-03-12,9208.58,68,135.42,服装,APP
2024-03-12,18015.19,128,140.74,图书,线上
2024-03-12,9353.8,113,82.78,图书,线下
2024-03-12,17200.73,52,330.78,图书,小程序
2024-03-12,12639.67,76,166.31,图书,APP
2024-03-12,5855.3,22,266.15,家居,线上
2024-03-12,12944.13,137,94.48,家居,线下
2024-03-12,9292.77,95,97.82,家居,小程序
2024-03-12,17852.6,147,121.45,家居,APP
2024-03-12,15270.71,57,267.91,食品,线上
2024-03-12,13981.45,57,245.29,食品,线下
2024-03-12,16372.18,28,584.72,食品,小程序
2024-03-12,13939.01,99,140.8,食品,APP
2024-03-12,12354.39,51,242.24,美妆,线上
2024-03-12,8595.33,142,60.53,美妆,线下
2024-03-12,14467.69,75,192.9,美妆,小程序
2024-03-12,12233.66,116,105.46,美妆,APP
2024-03-13,5091.41,105,48.49,电子产品,线上
2024-03-13,6639.37,73,90.95,电子产品,线下
2024-03-13,18103.92,77,235.12,电子产品,小程序
2024-03-13,15669.41,33,474.83,电子产品,APP
2024-03-13,19341.9,65,297.57,服装,线上
2024-03-13,18247.51,120,152.06,服装,线下
2024-03-13,9053.06,60,150.88,服装,小程序
2024-03-13,20461.46,120,170.51,服装,APP
2024-03-13,9684.65,141,68.69,图书,线上
2024-03-13,20449.11,120,170.41,图书,线下
2024-03-13,10569.23,92,114.88,图书,小程序
2024-03-13,8777.11,69,127.2,图书,APP
2024-03-13,15680.97,120,130.67,家居,线上
2024-03-13,5726.27,102,56.14,家居,线下
2024-03-13,16524.41,33,500.74,家居,小程序
2024-03-13,18132.61,97,186.93,家居,APP
2024-03-13,11665.12,61,191.23,食品,线上
2024-03-13,13637.38,133,102.54,食品,线下
2024-03-13,15596.01,94,165.91,食品,小程序
2024-03-13,18914.23,73,259.1,食品,APP
2024-03-13,7718.18,70,110.26,美妆,线上
2024-03-13,16244.99,22,738.41,美妆,线下
2024-03-13,10093.79,46,219.43,美妆,小程序
2024-03-13,15305.21,57,268.51,美妆,APP
2024-03-14,10371.84,129,80.4,电子产品,线上
2024-03-14,15385.8,63,244.22,电子产品,线下
2024-03-14,19466.96,44,442.43,电子产品,小程序
2024-03-14,10024.68,141,71.1,电子产品,APP
2024-03-14,7112.03,33,215.52,服装,线上
2024-03-14,6080.96,106,57.37,服装,线下
2024-03-14,13961.3,58,240.71,服装,小程序
2024-03-14,14517.18,123,118.03,服装,APP
2024-03-14,8194.12,50,163.88,图书,线上
2024-03-14,8125.49,145,56.04,图书,线下
2024-03-14,9149.08,64,142.95,图书,小程序
2024-03-14,14944.67,116,128.83,图书,APP
2024-03-14,16981.65,42,404.33,家居,线上
2024-03-14,17012.79,117,145.41,家居,线下
2024-03-14,8694.29,133,65.37,家居,小程序
2024-03-14,10219.01,50,204.38,家居,APP
2024-03-14,6069.06,51,119.0,食品,线上
2024-03-14,12236.83,150,81.58,食品,线下
2024-03-14,7861.95,142,55.37,食品,小程序
2024-03-14,8669.6,44,197.04,食品,APP
2024-03-14,17287.79,66,261.94,美妆,线上
2024-03-14,10494.41,131,80.11,美妆,线下
2024-03-14,9077.46,52,174.57,美妆,小程序
2024-03-14,5784.56,36,160.68,美妆,APP
2024-03-15,16018.37,67,239.08,电子产品,线上
2024-03-15,10891.96,25,435.68,电子产品,线下
2024-03-15,10700.26,145,73.79,电子产品,小程序
2024-03-15,5217.72,51,102.31,电子产品,APP
2024-03-15,16678.87,73,228.48,服装,线上
2024-03-15,20205.3,50,404.11,服装,线下
2024-03-15,7157.88,66,108.45,服装,小程序
2024-03-15,4243.63,134,31.67,服装,APP
2024-03-15,17460.11,51,342.36,图书,线上
2024-03-15,4805.72,72,66.75,图书,线下
2024-03-15,15002.39,42,357.2,图书,小程序
2024-03-15,13504.14,28,482.29,图书,APP
2024-03-15,5561.41,51,109.05,家居,线上
2024-03-15,12567.61,113,111.22,家居,线下
2024-03-15,20215.19,63,320.88,家居,小程序
2024-03-15,11186.49,20,559.32,家居,APP
2024-03-15,8282.64,31,267.18,食品,线上
2024-03-15,19881.76,95,209.28,食品,线下
2024-03-15,15110.71,133,113.61,食品,小程序
2024-03-15,6479.61,145,44.69,食品,APP
2024-03-15,15708.12,110,142.8,美妆,线上
2024-03-15,14230.06,150,94.87,美妆,线下
2024-03-15,7642.79,45,169.84,美妆,小程序
2024-03-15,15168.21,31,489.3,美妆,APP
2024-03-16,8128.49,68,119.54,电子产品,线上
2024-03-16,6535.95,75,87.15,电子产品,线下
2024-03-16,20148.87,75,268.65,电子产品,小程序
2024-03-16,14047.26,91,154.37,电子产品,APP
2024-03-16,6316.09,128,49.34,服装,线上
2024-03-16,5412.75,85,63.68,服装,线下
2024-03-16,8521.88,61,139.7,服装,小程序
2024-03-16,10847.87,41,264.58,服装,APP
2024-03-16,19937.23,128,155.76,图书,线上
2024-03-16,19861.45,56,354.67,图书,线下
2024-03-16,13114.78,38,345.13,图书,小程序
2024-03-16,14677.79,88,166.79,图书,APP
2024-03-16,20781.93,69,301.19,家居,线上
2024-03-16,16094.18,150,107.29,家居,线下
2024-03-16,14266.89,127,112.34,家居,小程序
2024-03-16,17881.79,100,178.82,家居,APP
2024-03-16,20733.37,131,158.27,食品,线上
2024-03-16,10495.47,83,126.45,食品,线下
2024-03-16,5465.57,51,107.17,食品,小程序
2024-03-16,13040.78,124,105.17,食品,APP
2024-03-16,5272.57,42,125.54,美妆,线上
2024-03-16,10226.43,105,97.39,美妆,线下
2024-03-16,17155.93,57,300.98,美妆,小程序
2024-03-16,18670.9,77,242.48,美妆,APP
2024-03-17,8773.47,45,194.97,电子产品,线上
2024-03-17,10507.72,76,138.26,电子产品,线下
2024-03-17,10532.46,46,228.97,电子产品,小程序
2024-03-17,17303.0,51,339.27,电子产品,APP
2024-03-17,7132.94,98,72.79,服装,线上
2024-03-17,14054.18,145,96.93,服装,线下
2024-03-17,5789.38,109,53.11,服装,小程序
2024-03-17,15924.46,92,173.09,服装,APP
2024-03-17,13429.49,45,298.43,图书,线上
2024-03-17,19210.28,63,304.93,图书,线下
2024-03-17,9516.53,119,79.97,图书,小程序
2024-03-17,7215.73,123,58.66,图书,APP
2024-03-17,12178.25,52,234.2,家居,线上
2024-03-17,8529.09,59,144.56,家居,线下
2024-03-17,15205.82,56,271.53,家居,小程序
2024-03-17,10535.28,88,119.72,家居,APP
2024-03-17,5074.36,114,44.51,食品,线上
2024-03-17,16042.53,83,193.28,食品,线下
2024-03-17,15551.84,127,122.46,食品,小程序
2024-03-17,16030.54,66,242.89,食品,APP
2024-03-17,11543.22,110,104.94,美妆,线上
2024-03-17,17566.64,148,118.69,美妆,线下
2024-03-17,8994.18,129,69.72,美妆,小程序
2024-03-17,12910.97,78,165.53,美妆,APP
2024-03-18,9339.22,42,222.36,电子产品,线上
2024-03-18,20143.27,124,162.45,电子产品,线下
2024-03-18,17167.9,43,399.25,电子产品,小程序
2024-03-18,14881.8,39,381.58,电子产品,APP
2024-03-18,16484.52,43,383.36,服装,线上
2024-03-18,6982.93,34,205.38,服装,线下
2024-03-18,5628.3,93,60.52,服装,小程序
2024-03-18,13527.37,146,92.65,服装,APP
2024-03-18,17803.24,22,809.24,图书,线上
2024-03-18,20390.75,128,159.3,图书,线下
2024-03-18,15594.31,54,288.78,图书,小程序
2024-03-18,12274.08,51,240.67,图书,APP
2024-03-18,11026.17,68,162.15,家居,线上
2024-03-18,19528.13,21,929.91,家居,线下
2024-03-18,16218.85,108,150.17,家居,小程序
2024-03-18,8313.75,30,277.12,家居,APP
2024-03-18,14422.51,63,228.93,食品,线上
2024-03-18,15552.07,77,201.97,食品,线下
2024-03-18,7146.11,113,63.24,食品,小程序
2024-03-18,18325.75,110,166.6,食品,APP
2024-03-18,20227.87,128,158.03,美妆,线上
2024-03-18,12540.74,63,199.06,美妆,线下
2024-03-18,10484.72,48,218.43,美妆,小程序
2024-03-18,9890.49,83,119.16,美妆,APP
2024-03-19,18269.32,50,365.39,电子产品,线上
2024-03-19,9121.17,143,63.78,电子产品,线下
2024-03-19,9179.95,74,124.05,电子产品,小程序
2024-03-19,4260.0,120,35.5,电子产品,APP
2024-03-19,7895.0,98,80.56,服装,线上
2024-03-19,19914.02,29,686.69,服装,线下
2024-03-19,20020.51,144,139.03,服装,小程序
2024-03-19,5193.32,21,247.3,服装,APP
2024-03-19,14617.97,104,140.56,图书,线上
2024-03-19,9261.12,47,197.05,图书,线下
2024-03-19,4309.31,67,64.32,图书,小程序
2024-03-19,11012.8,22,500.58,图书,APP
2024-03-19,5933.76,145,40.92,家居,线上
2024-03-19,7558.6,59,128.11,家居,线下
2024-03-19,11158.91,144,77.49,家居,小程序
2024-03-19,4338.97,84,51.65,家居,APP
2024-03-19,8040.79,121,66.45,食品,线上
2024-03-19,10543.99,113,93.31,食品,线下
2024-03-19,11456.54,66,173.58,食品,小程序
2024-03-19,13282.0,88,150.93,食品,APP
2024-03-19,6058.01,132,45.89,美妆,线上
2024-03-19,15306.19,132,115.96,美妆,线下
2024-03-19,6955.49,110,63.23,美妆,小程序
2024-03-19,16839.91,21,801.9,美妆,APP
2024-03-20,10330.5,70,147.58,电子产品,线上
2024-03-20,6115.61,92,66.47,电子产品,线下
2024-03-20,4921.72,121,40.68,电子产品,小程序
2024-03-20,11378.73,104,109.41,电子产品,APP
2024-03-20,19516.85,61,319.95,服装,线上
2024-03-20,15535.59,142,109.41,服装,线下
2024-03-20,20512.21,88,233.09,服装,小程序
2024-03-20,6253.41,145,43.13,服装,APP
2024-03-20,13567.27,52,260.91,图书,线上
2024-03-20,9748.06,122,79.9,图书,线下
2024-03-20,12748.86,119,107.13,图书,小程序
2024-03-20,6467.49,47,137.61,图书,APP
2024-03-20,17680.72,52,340.01,家居,线上
2024-03-20,6876.56,148,46.46,家居,线下
2024-03-20,4470.55,80,55.88,家居,小程序
2024-03-20,5121.53,107,47.86,家居,APP
2024-03-20,11524.71,22,523.85,食品,线上
2024-03-20,11603.79,94,123.44,食品,线下
2024-03-20,9024.62,41,220.11,食品,小程序
2024-03-20,17141.28,83,206.52,食品,APP
2024-03-20,14711.65,150,98.08,美妆,线上
2024-03-20,7407.6,91,81.4,美妆,线下
2024-03-20,17240.1,87,198.16,美妆,小程序
2024-03-20,21098.2,83,254.2,美妆,APP
2024-03-21,15599.61,129,120.93,电子产品,线上
2024-03-21,7633.77,46,165.95,电子产品,线下
2024-03-21,16192.29,148,109.41,电子产品,小程序
2024-03-21,14659.37,68,215.58,电子产品,APP
2024-03-21,21153.2,58,364.71,服装,线上
2024-03-21,8161.04,53,153.98,服装,线下
2024-03-21,11087.44,90,123.19,服装,小程序
2024-03-21,21116.55,57,370.47,服装,APP
2024-03-21,11513.38,71,162.16,图书,线上
2024-03-21,5804.08,33,175.88,图书,线下
2024-03-21,10731.12,98,109.5,图书,小程序
2024-03-21,16175.5,79,204.75,图书,APP
2024-03-21,8031.5,129,62.26,家居,线上
2024-03-21,12413.82,150,82.76,家居,线下
2024-03-21,11526.49,33,349.29,家居,小程序
2024-03-21,9436.23,88,107.23,家居,APP
2024-03-21,10445.52,109,95.83,食品,线上
2024-03-21,16370.03,83,197.23,食品,线下
2024-03-21,9700.97,32,303.16,食品,小程序
2024-03-21,7350.14,20,367.51,食品,APP
2024-03-21,5143.47,102,50.43,美妆,线上
2024-03-21,7864.71,140,56.18,美妆,线下
2024-03-21,9025.43,45,200.57,美妆,小程序
2024-03-21,11591.77,84,138.0,美妆,APP
2024-03-22,20481.42,113,181.25,电子产品,线上
2024-03-22,9986.35,48,208.05,电子产品,线下
2024-03-22,5928.88,23,257.78,电子产品,小程序
2024-03-22,15945.86,53,300.87,电子产品,APP
2024-03-22,9933.87,112,88.7,服装,线上
2024-03-22,16970.86,115,147.57,服装,线下
2024-03-22,8345.04,90,92.72,服装,小程序
2024-03-22,7862.73,118,66.63,服装,APP
2024-03-22,5763.84,47,122.63,图书,线上
2024-03-22,6503.13,50,130.06,图书,线下
2024-03-22,4974.34,68,73.15,图书,小程序
2024-03-22,7570.37,134,56.5,图书,APP
2024-03-22,20091.26,39,515.16,家居,线上
2024-03-22,20370.15,107,190.38,家居,线下
2024-03-22,9425.65,141,66.85,家居,小程序
2024-03-22,21187.58,71,298.42,家居,APP
2024-03-22,13392.3,59,226.99,食品,线上
2024-03-22,5021.72,69,72.78,食品,线下
2024-03-22,11420.86,84,135.96,食品,小程序
2024-03-22,19511.61,108,180.66,食品,APP
2024-03-22,19568.46,134,146.03,美妆,线上
2024-03-22,15038.35,50,300.77,美妆,线下
2024-03-22,19840.84,37,536.24,美妆,小程序
2024-03-22,12525.12,148,84.63,美妆,APP
2024-03-23,17861.01,62,288.08,电子产品,线上
2024-03-23,14571.0,53,274.92,电子产品,线下
2024-03-23,9260.2,35,264.58,电子产品,小程序
2024-03-23,17921.15,68,263.55,电子产品,APP
2024-03-23,17000.12,121,140.5,服装,线上
2024-03-23,12784.23,39,327.8,服装,线下
2024-03-23,7130.06,150,47.53,服装,小程序
2024-03-23,10881.67,119,91.44,服装,APP
2024-03-23,11168.2,89,125.49,图书,线上
2024-03-23,7840.57,20,392.03,图书,线下
2024-03-23,7035.42,75,93.81,图书,小程序
2024-03-23,14450.18,22,656.83,图书,APP
2024-03-23,19375.67,136,142.47,家居,线上
2024-03-23,12935.09,86,150.41,家居,线下
2024-03-23,9496.21,76,124.95,家居,小程序
2024-03-23,9375.29,88,106.54,家居,APP
2024-03-23,13764.46,63,218.48,食品,线上
2024-03-23,8132.36,80,101.65,食品,线下
2024-03-23,9297.73,57,163.12,食品,小程序
2024-03-23,20454.84,91,224.78,食品,APP
2024-03-23,20200.92,89,226.98,美妆,线上
2024-03-23,19276.62,33,584.14,美妆,线下
2024-03-23,15313.31,83,184.5,美妆,小程序
2024-03-23,21269.75,73,291.37,美妆,APP
2024-03-24,13516.48,20,675.82,电子产品,线上
2024-03-24,15481.27,114,135.8,电子产品,线下
2024-03-24,9898.17,87,113.77,电子产品,小程序
2024-03-24,16746.35,124,135.05,电子产品,APP
2024-03-24,19782.77,95,208.24,服装,线上
2024-03-24,9899.43,34,291.16,服装,线下
2024-03-24,15090.38,22,685.93,服装,小程序
2024-03-24,18500.99,76,243.43,服装,APP
2024-03-24,16891.01,91,185.62,图书,线上
2024-03-24,7351.51,24,306.31,图书,线下
2024-03-24,13564.61,47,288.61,图书,小程序
2024-03-24,16755.35,117,143.21,图书,APP
2024-03-24,20597.98,85,242.33,家居,线上
2024-03-24,19295.07,72,267.99,家居,线下
2024-03-24,18378.94,76,241.83,家居,小程序
2024-03-24,9893.02,72,137.4,家居,APP
2024-03-24,14327.36,121,118.41,食品,线上
2024-03-24,6988.12,79,88.46,食品,线下
2024-03-24,16879.55,131,128.85,食品,小程序
2024-03-24,10657.52,142,75.05,食品,APP
2024-03-24,5920.88,66,89.71,美妆,线上
2024-03-24,12220.9,65,188.01,美妆,线下
2024-03-24,7560.39,145,52.14,美妆,小程序
2024-03-24,20558.33,66,311.49,美妆,APP
2024-03-25,15523.7,25,620.95,电子产品,线上
2024-03-25,9688.17,65,149.05,电子产品,线下
2024-03-25,18462.78,68,271.51,电子产品,小程序
2024-03-25,5525.07,38,145.4,电子产品,APP
2024-03-25,11698.5,136,86.02,服装,线上
2024-03-25,20047.59,123,162.99,服装,线下
2024-03-25,6057.42,55,110.13,服装,小程序
2024-03-25,16893.5,23,734.5,服装,APP
2024-03-25,14758.02,116,127.22,图书,线上
2024-03-25,10965.09,48,228.44,图书,线下
2024-03-25,18619.53,31,600.63,图书,小程序
2024-03-25,6609.92,41,161.22,图书,APP
2024-03-25,8953.06,23,389.26,家居,线上
2024-03-25,18028.69,22,819.49,家居,线下
2024-03-25,20886.18,47,444.39,家居,小程序
2024-03-25,13704.33,106,129.29,家居,APP
2024-03-25,19071.94,41,465.17,食品,线上
2024-03-25,7823.07,142,55.09,食品,线下
2024-03-25,17462.64,133,131.3,食品,小程序
2024-03-25,18427.6,98,188.04,食品,APP
2024-03-25,10061.68,59,170.54,美妆,线上
2024-03-25,8540.6,88,97.05,美妆,线下
2024-03-25,15176.43,51,297.58,美妆,小程序
2024-03-25,4690.64,31,151.31,美妆,APP
2024-03-26,6126.11,95,64.49,电子产品,线上
2024-03-26,6121.78,126,48.59,电子产品,线下
2024-03-26,6803.63,77,88.36,电子产品,小程序
2024-03-26,4757.61,129,36.88,电子产品,APP
2024-03-26,11032.47,110,100.3,服装,线上
2024-03-26,15720.3,77,204.16,服装,线下
2024-03-26,20344.66,118,172.41,服装,小程序
2024-03-26,16265.54,48,338.87,服装,APP
2024-03-26,12880.6,48,268.35,图书,线上
2024-03-26,8239.37,92,89.56,图书,线下
2024-03-26,10544.99,105,100.43,图书,小程序
2024-03-26,6395.86,41,156.0,图书,APP
2024-03-26,19891.39,58,342.95,家居,线上
2024-03-26,7432.75,105,70.79,家居,线下
2024-03-26,14752.23,128,115.25,家居,小程序
2024-03-26,6949.22,97,71.64,家居,APP
2024-03-26,15188.87,93,163.32,食品,线上
2024-03-26,10390.07,46,225.87,食品,线下
2024-03-26,9048.0,147,61.55,食品,小程序
2024-03-26,15830.85,87,181.96,食品,APP
2024-03-26,18417.8,39,472.25,美妆,线上
2024-03-26,18038.18,58,311.0,美妆,线下
2024-03-26,17845.93,57,313.09,美妆,小程序
2024-03-26,9901.64,119,83.21,美妆,APP
2024-03-27,12144.63,142,85.53,电子产品,线上
2024-03-27,18558.72,48,386.64,电子产品,线下
2024-03-27,14430.76,91,158.58,电子产品,小程序
2024-03-27,6879.75,102,67.45,电子产品,APP
2024-03-27,21698.56,66,328.77,服装,线上
2024-03-27,17737.43,110,161.25,服装,线下
2024-03-27,9924.18,128,77.53,服装,小程序
2024-03-27,12747.65,125,101.98,服装,APP
2024-03-27,14847.38,105,141.4,图书,线上
2024-03-27,6767.38,82,82.53,图书,线下
2024-03-27,11037.53,147,75.09,图书,小程序
2024-03-27,13749.25,146,94.17,图书,APP
2024-03-27,13639.91,78,174.87,家居,线上
2024-03-27,11062.67,127,87.11,家居,线下
2024-03-27,13543.54,76,178.2,家居,小程序
2024-03-27,16614.09,80,207.68,家居,APP
2024-03-27,10663.17,72,148.1,食品,线上
2024-03-27,21683.46,24,903.48,食品,线下
2024-03-27,10675.18,141,75.71,食品,小程序
2024-03-27,21050.87,48,438.56,食品,APP
2024-03-27,5396.48,109,49.51,美妆,线上
2024-03-27,10648.34,55,193.61,美妆,线下
2024-03-27,9495.03,56,169.55,美妆,小程序
2024-03-27,18917.86,127,148.96,美妆,APP
2024-03-28,8618.77,77,111.93,电子产品,线上
2024-03-28,5352.69,55,97.32,电子产品,线下
2024-03-28,6426.68,56,114.76,电子产品,小程序
2024-03-28,10980.65,26,422.33,电子产品,APP
2024-03-28,16557.28,128,129.35,服装,线上
2024-03-28,10879.56,47,231.48,服装,线下
2024-03-28,15973.21,38,420.35,服装,小程序
2024-03-28,12719.57,60,211.99,服装,APP
2024-03-28,4903.29,113,43.39,图书,线上
2024-03-28,6847.41,82,83.5,图书,线下
2024-03-28,5723.69,126,45.43,图书,小程序
2024-03-28,6995.11,66,105.99,图书,APP
2024-03-28,12595.98,55,229.02,家居,线上
2024-03-28,17467.01,96,181.95,家居,线下
2024-03-28,12603.33,106,118.9,家居,小程序
2024-03-28,12144.64,23,528.03,家居,APP
2024-03-28,9393.53,59,159.21,食品,线上
2024-03-28,5425.06,28,193.75,食品,线下
2024-03-28,14948.16,64,233.56,食品,小程序
2024-03-28,13182.78,22,599.22,食品,APP
2024-03-28,11311.93,128,88.37,美妆,线上
2024-03-28,16273.44,136,119.66,美妆,线下
2024-03-28,14072.84,86,163.64,美妆,小程序
2024-03-28,20460.29,148,138.25,美妆,APP
2024-03-29,9768.76,78,125.24,电子产品,线上
2024-03-29,11835.47,60,197.26,电子产品,线下
2024-03-29,9167.8,43,213.2,电子产品,小程序
2024-03-29,13554.22,52,260.66,电子产品,APP
2024-03-29,17448.03,122,143.02,服装,线上
2024-03-29,15267.92,76,200.89,服装,线下
2024-03-29,11284.18,39,289.34,服装,小程序
2024-03-29,18737.99,139,134.81,服装,APP
2024-03-29,12779.71,123,103.9,图书,线上
2024-03-29,18925.88,62,305.26,图书,线下
2024-03-29,5352.67,115,46.54,图书,小程序
2024-03-29,15752.87,69,228.3,图书,APP
2024-03-29,9134.28,46,198.57,家居,线上
2024-03-29,5759.15,105,54.85,家居,线下
2024-03-29,4884.94,92,53.1,家居,小程序
2024-03-29,7251.64,47,154.29,家居,APP
2024-03-29,5539.73,22,251.81,食品,线上
2024-03-29,17683.21,99,178.62,食品,线下
2024-03-29,7690.56,71,108.32,食品,小程序
2024-03-29,15607.79,28,557.42,食品,APP
2024-03-29,8614.52,41,210.11,美妆,线上
2024-03-29,21550.8,31,695.19,美妆,线下
2024-03-29,14296.29,143,99.97,美妆,小程序
2024-03-29,5194.71,100,51.95,美妆,APP
2024-03-30,6053.3,99,61.14,电子产品,线上
2024-03-30,4558.86,111,41.07,电子产品,线下
2024-03-30,17666.88,121,146.01,电子产品,小程序
2024-03-30,13231.76,100,132.32,电子产品,APP
2024-03-30,17669.75,111,159.19,服装,线上
2024-03-30,21585.37,44,490.58,服装,线下
2024-03-30,10252.86,148,69.28,服装,小程序
2024-03-30,6190.73,58,106.74,服装,APP
2024-03-30,4827.06,117,41.26,图书,线上
2024-03-30,12821.46,29,442.12,图书,线下
2024-03-30,9526.23,58,164.25,图书,小程序
2024-03-30,16444.52,40,411.11,图书,APP
2024-03-30,20021.89,43,465.63,家居,线上
2024-03-30,21214.42,79,268.54,家居,线下
2024-03-30,20007.74,56,357.28,家居,小程序
2024-03-30,17969.29,61,294.58,家居,APP
2024-03-30,21930.46,148,148.18,食品,线上
2024-03-30,13515.45,107,126.31,食品,线下
2024-03-30,12301.64,53,232.11,食品,小程序
2024-03-30,10388.71,112,92.76,食品,APP
2024-03-30,15405.63,130,118.5,美妆,线上
2024-03-30,5115.03,119,42.98,美妆,线下
2024-03-30,8626.57,39,221.19,美妆,小程序
2024-03-30,21306.09,147,144.94,美妆,APP
2024-03-31,4731.67,23,205.72,电子产品,线上
2024-03-31,5347.52,99,54.02,电子产品,线下
2024-03-31,10856.99,42,258.5,电子产品,小程序
2024-03-31,10200.18,136,75.0,电子产品,APP
2024-03-31,7677.85,95,80.82,服装,线上
2024-03-31,5604.26,91,61.59,服装,线下
2024-03-31,11257.09,110,102.34,服装,小程序
2024-03-31,4620.3,65,71.08,服装,APP
2024-03-31,13084.12,137,95.5,图书,线上
2024-03-31,6918.2,141,49.07,图书,线下
2024-03-31,16731.95,133,125.8,图书,小程序
2024-03-31,12261.98,55,222.95,图书,APP
2024-03-31,16205.48,144,112.54,家居,线上
2024-03-31,3944.25,93,42.41,家居,线下
2024-03-31,8865.79,53,167.28,家居,小程序
2024-03-31,9409.07,100,94.09,家居,APP
2024-03-31,8494.56,125,67.96,食品,线上
2024-03-31,10295.94,87,118.34,食品,线下
2024-03-31,15355.31,30,511.84,食品,小程序
2024-03-31,11857.76,34,348.76,食品,APP
2024-03-31,13498.0,82,164.61,美妆,线上
2024-03-31,12935.53,22,587.98,美妆,线下
2024-03-31,5510.14,46,119.79,美妆,小程序
2024-03-31,7363.8,60,122.73,美妆,APP
2024-04-01,11222.27,38,295.32,电子产品,线上
2024-04-01,6472.98,138,46.91,电子产品,线下
2024-04-01,12577.16,109,115.39,电子产品,小程序
2024-04-01,9795.68,139,70.47,电子产品,APP
2024-04-01,4913.99,66,74.45,服装,线上
2024-04-01,13434.12,121,111.03,服装,线下
2024-04-01,13932.73,71,196.24,服装,小程序
2024-04-01,8915.05,36,247.64,服装,APP
2024-04-01,7762.42,144,53.91,图书,线上
2024-04-01,6330.45,141,44.9,图书,线下
2024-04-01,4985.25,136,36.66,图书,小程序
2024-04-01,3944.7,59,66.86,图书,APP
2024-04-01,16400.09,57,287.72,家居,线上
2024-04-01,12181.24,101,120.61,家居,线下
2024-04-01,11195.9,117,95.69,家居,小程序
2024-04-01,4274.72,112,38.17,家居,APP
2024-04-01,14224.77,141,100.88,食品,线上
2024-04-01,6341.2,74,85.69,食品,线下
2024-04-01,15298.39,128,119.52,食品,小程序
2024-04-01,7113.32,65,109.44,食品,APP
2024-04-01,4564.68,37,123.37,美妆,线上
2024-04-01,7168.84,40,179.22,美妆,线下
2024-04-01,7503.14,135,55.58,美妆,小程序
2024-04-01,15343.11,74,207.34,美妆,APP
2024-04-02,12642.39,86,147.0,电子产品,线上
2024-04-02,5967.29,33,180.83,电子产品,线下
2024-04-02,4707.55,129,36.49,电子产品,小程序
2024-04-02,8138.51,96,84.78,电子产品,APP
2024-04-02,5698.61,109,52.28,服装,线上
2024-04-02,16385.67,143,114.59,服装,线下
2024-04-02,9973.47,61,163.5,服装,小程序
2024-04-02,16710.76,131,127.56,服装,APP
2024-04-02,8312.73,119,69.85,图书,线上
2024-04-02,14750.79,70,210.73,图书,线下
2024-04-02,4506.4,57,79.06,图书,小程序
2024-04-02,7887.12,101,78.09,图书,APP
2024-04-02,3631.79,137,26.51,家居,线上
2024-04-02,16274.01,147,110.71,家居,线下
2024-04-02,15318.35,49,312.62,家居,小程序
2024-04-02,14324.65,124,115.52,家居,APP
2024-04-02,7049.52,20,352.48,食品,线上
2024-04-02,17022.12,52,327.35,食品,线下
2024-04-02,12156.41,44,276.28,食品,小程序
2024-04-02,3938.33,68,57.92,食品,APP
2024-04-02,9212.94,62,148.6,美妆,线上
2024-04-02,11697.95,75,155.97,美妆,线下
2024-04-02,8221.91,68,120.91,美妆,小程序
2024-04-02,16795.37,23,730.23,美妆,APP
2024-04-03,8566.2,113,75.81,电子产品,线上
2024-04-03,3676.3,98,37.51,电子产品,线下
2024-04-03,10386.85,51,203.66,电子产品,小程序
2024-04-03,13110.77,136,96.4,电子产品,APP
2024-04-03,9171.07,110,83.37,服装,线上
2024-04-03,8316.98,129,64.47,服装,线下
2024-04-03,10678.05,105,101.7,服装,小程序
2024-04-03,5018.55,65,77.21,服装,APP
2024-04-03,9789.38,115,85.13,图书,线上
2024-04-03,5895.74,61,96.65,图书,线下
2024-04-03,10948.64,117,93.58,图书,小程序
2024-04-03,7389.13,131,56.41,图书,APP
2024-04-03,12210.18,45,271.34,家居,线上
2024-04-03,17199.39,46,373.9,家居,线下
2024-04-03,4690.65,24,195.44,家居,小程序
2024-04-03,11963.7,125,95.71,家居,APP
2024-04-03,4884.52,45,108.54,食品,线上
2024-04-03,12202.14,148,82.45,食品,线下
2024-04-03,11479.95,28,410.0,食品,小程序
2024-04-03,12674.26,127,99.8,食品,APP
2024-04-03,6378.78,136,46.9,美妆,线上
2024-04-03,11070.52,49,225.93,美妆,线下
2024-04-03,6153.52,140,43.95,美妆,小程序
2024-04-03,16580.5,109,152.11,美妆,APP
2024-04-04,16893.89,138,122.42,电子产品,线上
2024-04-04,9197.93,121,76.02,电子产品,线下
2024-04-04,3574.16,115,31.08,电子产品,小程序
2024-04-04,14321.27,149,96.12,电子产品,APP
2024-04-04,7403.53,87,85.1,服装,线上
2024-04-04,7733.63,126,61.38,服装,线下
2024-04-04,12810.39,21,610.02,服装,小程序
2024-04-04,15958.34,126,126.65,服装,APP
2024-04-04,3921.99,26,150.85,图书,线上
2024-04-04,5596.66,115,48.67,图书,线下
2024-04-04,15133.95,101,149.84,图书,小程序
2024-04-04,8117.87,130,62.45,图书,APP
2024-04-04,6823.94,120,56.87,家居,线上
2024-04-04,6141.72,120,51.18,家居,线下
2024-04-04,14964.41,129,116.0,家居,小程序
2024-04-04,5256.66,119,44.17,家居,APP
2024-04-04,17029.02,64,266.08,食品,线上
2024-04-04,9061.74,101,89.72,食品,线下
2024-04-04,10645.63,131,81.26,食品,小程序
2024-04-04,6673.24,52,128.33,食品,APP
2024-04-04,10464.98,120,87.21,美妆,线上
2024-04-04,15165.32,86,176.34,美妆,线下
2024-04-04,15086.33,60,251.44,美妆,小程序
2024-04-04,16631.44,72,230.99,美妆,APP
2024-04-05,4784.45,26,184.02,电子产品,线上
2024-04-05,9581.62,59,162.4,电子产品,线下
2024-04-05,3872.37,40,96.81,电子产品,小程序
2024-04-05,11454.57,26,440.56,电子产品,APP
2024-04-05,13831.73,53,260.98,服装,线上
2024-04-05,17191.94,111,154.88,服装,线下
2024-04-05,6084.92,76,80.06,服装,小程序
2024-04-05,7623.28,82,92.97,服装,APP
2024-04-05,13608.33,116,117.31,图书,线上
2024-04-05,14222.73,33,430.99,图书,线下
2024-04-05,7317.22,56,130.66,图书,小程序
2024-04-05,12230.17,46,265.87,图书,APP
2024-04-05,5030.84,51,98.64,家居,线上
2024-04-05,4977.11,92,54.1,家居,线下
2024-04-05,7136.44,66,108.13,家居,小程序
2024-04-05,4777.8,146,32.72,家居,APP
2024-04-05,15257.41,73,209.01,食品,线上
2024-04-05,8931.79,145,61.6,食品,线下
2024-04-05,14571.89,125,116.58,食品,小程序
2024-04-05,4510.16,39,115.65,食品,APP
2024-04-05,6415.84,127,50.52,美妆,线上
2024-04-05,8715.11,100,87.15,美妆,线下
2024-04-05,12315.39,135,91.23,美妆,小程序
2024-04-05,14754.59,66,223.55,美妆,APP
2024-04-06,7683.97,65,118.21,电子产品,线上
2024-04-06,12737.66,28,454.92,电子产品,线下
2024-04-06,5141.84,107,48.05,电子产品,小程序
2024-04-06,17415.54,143,121.79,电子产品,APP
2024-04-06,17432.01,21,830.1,服装,线上
2024-04-06,5718.48,85,67.28,服装,线下
2024-04-06,16475.18,69,238.77,服装,小程序
2024-04-06,11987.74,25,479.51,服装,APP
2024-04-06,10753.89,59,182.27,图书,线上
2024-04-06,6529.49,113,57.78,图书,线下
2024-04-06,5107.97,75,68.11,图书,小程序
2024-04-06,3913.68,55,71.16,图书,APP
2024-04-06,6577.86,52,126.5,家居,线上
2024-04-06,7247.59,143,50.68,家居,线下
2024-04-06,6290.48,43,146.29,家居,小程序
2024-04-06,8381.28,95,88.22,家居,APP
2024-04-06,10040.45,146,68.77,食品,线上
2024-04-06,9606.62,122,78.74,食品,线下
2024-04-06,16415.87,84,195.43,食品,小程序
2024-04-06,5922.52,91,65.08,食品,APP
2024-04-06,16969.3,46,368.9,美妆,线上
2024-04-06,11673.21,99,117.91,美妆,线下
2024-04-06,5820.21,72,80.84,美妆,小程序
2024-04-06,16855.75,144,117.05,美妆,APP
2024-04-07,9614.22,134,71.75,电子产品,线上
2024-04-07,9477.29,89,106.49,电子产品,线下
2024-04-07,14993.63,47,319.01,电子产品,小程序
2024-04-07,12059.36,129,93.48,电子产品,APP
2024-04-07,6326.11,110,57.51,服装,线上
2024-04-07,8777.09,36,243.81,服装,线下
2024-04-07,9838.33,28,351.37,服装,小程序
2024-04-07,16993.99,84,202.31,服装,APP
2024-04-07,11772.02,95,123.92,图书,线上
2024-04-07,12011.34,110,109.19,图书,线下
2024-04-07,9119.56,49,186.11,图书,小程序
2024-04-07,6047.35,102,59.29,图书,APP
2024-04-07,9556.76,67,142.64,家居,线上
2024-04-07,8548.98,38,224.97,家居,线下
2024-04-07,6543.62,115,56.9,家居,小程序
2024-04-07,8749.01,100,87.49,家居,APP
2024-04-07,5237.1,101,51.85,食品,线上
2024-04-07,13198.72,104,126.91,食品,线下
2024-04-07,6523.77,102,63.96,食品,小程序
2024-04-07,16159.08,36,448.86,食品,APP
2024-04-07,8940.69,74,120.82,美妆,线上
2024-04-07,10933.55,46,237.69,美妆,线下
2024-04-07,11407.55,39,292.5,美妆,小程序
2024-04-07,11590.27,127,91.26,美妆,APP
2024-04-08,13171.99,131,100.55,电子产品,线上
2024-04-08,8023.37,101,79.44,电子产品,线下
2024-04-08,6332.83,32,197.9,电子产品,小程序
2024-04-08,14876.1,147,101.2,电子产品,APP
2024-04-08,4193.98,90,46.6,服装,线上
2024-04-08,9485.28,51,185.99,服装,线下
2024-04-08,9931.08,103,96.42,服装,小程序
2024-04-08,11886.62,80,148.58,服装,APP
2024-04-08,11678.09,92,126.94,图书,线上
2024-04-08,3784.81,21,180.23,图书,线下
2024-04-08,16415.23,92,178.43,图书,小程序
2024-04-08,5384.75,123,43.78,图书,APP
2024-04-08,4055.72,30,135.19,家居,线上
2024-04-08,8300.43,24,345.85,家居,线下
2024-04-08,4514.22,44,102.6,家居,小程序
2024-04-08,15259.41,126,121.11,家居,APP
2024-04-08,13753.09,90,152.81,食品,线上
2024-04-08,8014.98,108,74.21,食品,线下
2024-04-08,9190.04,100,91.9,食品,小程序
2024-04-08,10510.93,32,328.47,食品,APP
2024-04-08,9090.89,136,66.84,美妆,线上
2024-04-08,10504.12,51,205.96,美妆,线下
2024-04-08,15446.3,46,335.79,美妆,小程序
2024-04-08,3946.63,32,123.33,美妆,APP
2024-04-09,15266.6,55,277.57,电子产品,线上
2024-04-09,5041.31,102,49.42,电子产品,线下
2024-04-09,15776.67,131,120.43,电子产品,小程序
2024-04-09,6761.88,42,161.0,电子产品,APP
2024-04-09,6262.46,114,54.93,服装,线上
2024-04-09,15134.46,21,720.69,服装,线下
2024-04-09,16808.99,33,509.36,服装,小程序
2024-04-09,7235.25,31,233.4,服装,APP
2024-04-09,5121.77,97,52.8,图书,线上
2024-04-09,4614.12,104,44.37,图书,线下
2024-04-09,13314.23,117,113.8,图书,小程序
2024-04-09,7380.39,63,117.15,图书,APP
2024-04-09,16677.66,137,121.73,家居,线上
2024-04-09,5250.92,101,51.99,家居,线下
2024-04-09,15783.86,125,126.27,家居,小程序
2024-04-09,12590.01,51,246.86,家居,APP
2024-04-09,10955.54,81,135.25,食品,线上
2024-04-09,11752.2,145,81.05,食品,线下
2024-04-09,17408.59,102,170.67,食品,小程序
2024-04-09,14516.9,143,101.52,食品,APP
2024-04-09,6754.63,87,77.64,美妆,线上
2024-04-09,14425.45,41,351.84,美妆,线下
2024-04-09,8560.0,82,104.39,美妆,小程序
2024-04-09,12910.5,72,179.31,美妆,APP
2024-04-10,13475.2,39,345.52,电子产品,线上
2024-04-10,17422.37,35,497.78,电子产品,线下
2024-04-10,6594.9,75,87.93,电子产品,小程序
2024-04-10,10240.82,118,86.79,电子产品,APP
2024-04-10,6244.7,46,135.75,服装,线上
2024-04-10,8419.82,100,84.2,服装,线下
2024-04-10,14409.56,99,145.55,服装,小程序
2024-04-10,13668.39,59,231.67,服装,APP
2024-04-10,15654.73,47,333.08,图书,线上
2024-04-10,16600.43,76,218.43,图书,线下
2024-04-10,16637.1,118,140.99,图书,小程序
2024-04-10,17469.42,71,246.05,图书,APP
2024-04-10,14688.1,68,216.0,家居,线上
2024-04-10,4543.8,128,35.5,家居,线下
2024-04-10,5906.44,98,60.27,家居,小程序
2024-04-10,17133.31,46,372.46,家居,APP
2024-04-10,5665.35,47,120.54,食品,线上
2024-04-10,14189.07,81,175.17,食品,线下
2024-04-10,3801.54,137,27.75,食品,小程序
2024-04-10,6232.04,27,230.82,食品,APP
2024-04-10,10356.19,135,76.71,美妆,线上
2024-04-10,8583.9,50,171.68,美妆,线下
2024-04-10,16782.99,41,409.34,美妆,小程序
2024-04-10,8619.13,74,116.47,美妆,APP
2024-04-11,5738.75,148,38.78,电子产品,线上
2024-04-11,9752.92,105,92.88,电子产品,线下
2024-04-11,4342.62,89,48.79,电子产品,小程序
2024-04-11,8878.15,32,277.44,电子产品,APP
2024-04-11,12872.45,128,100.57,服装,线上
2024-04-11,6359.17,68,93.52,服装,线下
2024-04-11,9349.59,90,103.88,服装,小程序
2024-04-11,11166.97,146,76.49,服装,APP
2024-04-11,11010.2,47,234.26,图书,线上
2024-04-11,13338.56,83,160.71,图书,线下
2024-04-11,17318.11,76,227.87,图书,小程序
2024-04-11,5231.19,29,180.39,图书,APP
2024-04-11,11821.15,81,145.94,家居,线上
2024-04-11,4524.41,45,100.54,家居,线下
2024-04-11,7527.03,123,61.2,家居,小程序
2024-04-11,9195.12,45,204.34,家居,APP
2024-04-11,6730.99,88,76.49,食品,线上
2024-04-11,10674.33,63,169.43,食品,线下
2024-04-11,14836.45,108,137.37,食品,小程序
2024-04-11,12704.53,93,136.61,食品,APP
2024-04-11,14093.78,44,320.31,美妆,线上
2024-04-11,6232.36,142,43.89,美妆,线下
2024-04-11,14168.39,81,174.92,美妆,小程序
2024-04-11,6019.69,37,162.69,美妆,APP
2024-04-12,5995.29,105,57.1,电子产品,线上
2024-04-12,16545.97,56,295.46,电子产品,线下
2024-04-12,17443.5,141,123.71,电子产品,小程序
2024-04-12,9754.93,25,390.2,电子产品,APP
2024-04-12,6151.7,87,70.71,服装,线上
2024-04-12,16278.16,63,258.38,服装,线下
2024-04-12,13370.71,22,607.76,服装,小程序
2024-04-12,12144.76,141,86.13,服装,APP
2024-04-12,11988.69,145,82.68,图书,线上
2024-04-12,16162.49,140,115.45,图书,线下
2024-04-12,5171.36,24,215.47,图书,小程序
2024-04-12,11760.01,94,125.11,图书,APP
2024-04-12,15617.71,148,105.53,家居,线上
2024-04-12,6004.78,57,105.35,家居,线下
2024-04-12,14752.87,45,327.84,家居,小程序
2024-04-12,7980.42,105,76.0,家居,APP
2024-04-12,10110.26,109,92.75,食品,线上
2024-04-12,17839.93,85,209.88,食品,线下
2024-04-12,13143.44,84,156.47,食品,小程序
2024-04-12,8839.28,23,384.32,食品,APP
2024-04-12,15508.21,97,159.88,美妆,线上
2024-04-12,13816.12,143,96.62,美妆,线下
2024-04-12,5219.93,25,208.8,美妆,小程序
2024-04-12,5725.56,125,45.8,美妆,APP
2024-04-13,15990.34,56,285.54,电子产品,线上
2024-04-13,8776.59,27,325.06,电子产品,线下
2024-04-13,7145.76,130,54.97,电子产品,小程序
2024-04-13,8808.76,42,209.73,电子产品,APP
2024-04-13,6415.44,116,55.31,服装,线上
2024-04-13,12846.06,90,142.73,服装,线下
2024-04-13,16292.12,135,120.68,服装,小程序
2024-04-13,17884.81,64,279.45,服装,APP
2024-04-13,7448.46,109,68.33,图书,线上
2024-04-13,16448.97,120,137.07,图书,线下
2024-04-13,12129.33,90,134.77,图书,小程序
2024-04-13,8084.65,30,269.49,图书,APP
2024-04-13,11990.12,107,112.06,家居,线上
2024-04-13,15670.98,51,307.27,家居,线下
2024-04-13,9878.96,136,72.64,家居,小程序
2024-04-13,11804.32,108,109.3,家居,APP
2024-04-13,7782.34,22,353.74,食品,线上
2024-04-13,10825.25,57,189.92,食品,线下
2024-04-13,10353.9,58,178.52,食品,小程序
2024-04-13,11175.9,94,118.89,食品,APP
2024-04-13,12630.13,61,207.05,美妆,线上
2024-04-13,8002.58,93,86.05,美妆,线下
2024-04-13,4547.57,95,47.87,美妆,小程序
2024-04-13,3838.96,30,127.97,美妆,APP
2024-04-14,6785.26,51,133.04,电子产品,线上
2024-04-14,4402.17,98,44.92,电子产品,线下
2024-04-14,3703.75,110,33.67,电子产品,小程序
2024-04-14,13216.3,20,660.81,电子产品,APP
2024-04-14,4354.39,55,79.17,服装,线上
2024-04-14,8714.78,92,94.73,服装,线下
2024-04-14,15031.36,148,101.56,服装,小程序
2024-04-14,13289.95,59,225.25,服装,APP
2024-04-14,17476.74,89,196.37,图书,线上
2024-04-14,5700.94,70,81.44,图书,线下
2024-04-14,9902.94,40,247.57,图书,小程序
2024-04-14,7852.1,28,280.43,图书,APP
2024-04-14,10500.08,110,95.46,家居,线上
2024-04-14,7241.22,118,61.37,家居,线下
2024-04-14,9765.19,45,217.0,家居,小程序
2024-04-14,16596.12,97,171.09,家居,APP
2024-04-14,12298.46,64,192.16,食品,线上
2024-04-14,11817.42,102,115.86,食品,线下
2024-04-14,15308.93,55,278.34,食品,小程序
2024-04-14,13551.23,71,190.86,食品,APP
2024-04-14,7259.98,126,57.62,美妆,线上
2024-04-14,11677.69,97,120.39,美妆,线下
2024-04-14,8058.19,96,83.94,美妆,小程序
2024-04-14,11857.45,138,85.92,美妆,APP
2024-04-15,11606.79,116,100.06,电子产品,线上
2024-04-15,15057.12,131,114.94,电子产品,线下
2024-04-15,5046.85,133,37.95,电子产品,小程序
2024-04-15,13769.71,148,93.04,电子产品,APP
2024-04-15,17280.88,111,155.68,服装,线上
2024-04-15,10477.2,129,81.22,服装,线下
2024-04-15,10450.56,125,83.6,服装,小程序
2024-04-15,10373.72,26,398.99,服装,APP
2024-04-15,17610.66,127,138.67,图书,线上
2024-04-15,4935.82,55,89.74,图书,线下
2024-04-15,12618.63,97,130.09,图书,小程序
2024-04-15,15118.76,115,131.47,图书,APP
2024-04-15,5502.37,95,57.92,家居,线上
2024-04-15,4426.92,120,36.89,家居,线下
2024-04-15,5482.84,21,261.09,家居,小程序
2024-04-15,10395.95,137,75.88,家居,APP
2024-04-15,15885.41,41,387.45,食品,线上
2024-04-15,4443.79,47,94.55,食品,线下
2024-04-15,8509.81,44,193.4,食品,小程序
2024-04-15,15633.71,143,109.33,食品,APP
2024-04-15,13718.08,35,391.95,美妆,线上
2024-04-15,5417.31,150,36.12,美妆,线下
2024-04-15,14429.37,33,437.25,美妆,小程序
2024-04-15,13878.21,56,247.83,美妆,APP
2024-04-16,11896.33,146,81.48,电子产品,线上
2024-04-16,5660.71,59,95.94,电子产品,线下
2024-04-16,8070.44,99,81.52,电子产品,小程序
2024-04-16,14197.7,21,676.08,电子产品,APP
2024-04-16,15464.53,71,217.81,服装,线上
2024-04-16,5342.9,20,267.14,服装,线下
2024-04-16,5904.18,50,118.08,服装,小程序
2024-04-16,11277.72,83,135.88,服装,APP
2024-04-16,6655.29,141,47.2,图书,线上
2024-04-16,4023.65,149,27.0,图书,线下
2024-04-16,10164.24,34,298.95,图书,小程序
2024-04-16,17228.77,96,179.47,图书,APP
2024-04-16,9589.11,67,143.12,家居,线上
2024-04-16,15679.21,86,182.32,家居,线下
2024-04-16,15699.95,132,118.94,家居,小程序
2024-04-16,16251.18,51,318.65,家居,APP
2024-04-16,9996.32,25,399.85,食品,线上
2024-04-16,6369.83,81,78.64,食品,线下
2024-04-16,6164.26,71,86.82,食品,小程序
2024-04-16,10638.05,94,113.17,食品,APP
2024-04-16,7902.8,45,175.62,美妆,线上
2024-04-16,17712.9,146,121.32,美妆,线下
2024-04-16,9043.87,90,100.49,美妆,小程序
2024-04-16,9393.27,47,199.86,美妆,APP
2024-04-17,10506.08,128,82.08,电子产品,线上
2024-04-17,5859.08,92,63.69,电子产品,线下
2024-04-17,10404.81,119,87.44,电子产品,小程序
2024-04-17,3840.94,97,39.6,电子产品,APP
2024-04-17,4180.33,133,31.43,服装,线上
2024-04-17,4306.12,110,39.15,服装,线下
2024-04-17,17846.47,139,128.39,服装,小程序
2024-04-17,16663.78,137,121.63,服装,APP
2024-04-17,7753.47,60,129.22,图书,线上
2024-04-17,8943.09,148,60.43,图书,线下
2024-04-17,6780.44,119,56.98,图书,小程序
2024-04-17,11228.32,64,175.44,图书,APP
2024-04-17,13330.73,110,121.19,家居,线上
2024-04-17,13330.94,106,125.76,家居,线下
2024-04-17,10440.12,55,189.82,家居,小程序
2024-04-17,7774.6,97,80.15,家居,APP
2024-04-17,17267.88,37,466.7,食品,线上
2024-04-17,17160.21,143,120.0,食品,线下
2024-04-17,9219.37,140,65.85,食品,小程序
2024-04-17,12593.83,66,190.82,食品,APP
2024-04-17,12155.28,149,81.58,美妆,线上
2024-04-17,15088.88,86,175.45,美妆,线下
2024-04-17,5583.25,102,54.74,美妆,小程序
2024-04-17,12343.83,109,113.25,美妆,APP
2024-04-18,12334.34,123,100.28,电子产品,线上
2024-04-18,4693.89,27,173.85,电子产品,线下
2024-04-18,16288.73,60,271.48,电子产品,小程序
2024-04-18,7119.9,47,151.49,电子产品,APP
2024-04-18,11077.11,141,78.56,服装,线上
2024-04-18,8479.05,79,107.33,服装,线下
2024-04-18,18199.82,80,227.5,服装,小程序
2024-04-18,5253.51,64,82.09,服装,APP
2024-04-18,14457.88,118,122.52,图书,线上
2024-04-18,14866.57,127,117.06,图书,线下
2024-04-18,17328.46,35,495.1,图书,小程序
2024-04-18,12739.49,49,259.99,图书,APP
2024-04-18,4248.23,38,111.8,家居,线上
2024-04-18,10221.23,115,88.88,家居,线下
2024-04-18,12660.11,27,468.89,家居,小程序
2024-04-18,17345.83,102,170.06,家居,APP
2024-04-18,5286.46,135,39.16,食品,线上
2024-04-18,9276.76,71,130.66,食品,线下
2024-04-18,6588.0,145,45.43,食品,小程序
2024-04-18,10161.91,93,109.27,食品,APP
2024-04-18,7028.14,61,115.22,美妆,线上
2024-04-18,10110.89,69,146.53,美妆,线下
2024-04-18,4966.57,26,191.02,美妆,小程序
2024-04-18,12993.89,44,295.32,美妆,APP
2024-04-19,6733.37,55,122.42,电子产品,线上
2024-04-19,16973.6,112,151.55,电子产品,线下
2024-04-19,15208.3,38,400.22,电子产品,小程序
2024-04-19,8769.85,147,59.66,电子产品,APP
2024-04-19,6534.39,73,89.51,服装,线上
2024-04-19,12179.43,141,86.38,服装,线下
2024-04-19,11147.32,111,100.43,服装,小程序
2024-04-19,12893.66,55,234.43,服装,APP
2024-04-19,15612.27,132,118.27,图书,线上
2024-04-19,10058.52,116,86.71,图书,线下
2024-04-19,16686.85,40,417.17,图书,小程序
2024-04-19,5599.9,96,58.33,图书,APP
2024-04-19,5209.75,147,35.44,家居,线上
2024-04-19,7134.72,104,68.6,家居,线下
2024-04-19,4046.24,94,43.05,家居,小程序
2024-04-19,17403.87,84,207.19,家居,APP
2024-04-19,9507.94,111,85.66,食品,线上
2024-04-19,4720.41,60,78.67,食品,线下
2024-04-19,18084.45,39,463.7,食品,小程序
2024-04-19,11645.76,81,143.77,食品,APP
2024-04-19,16378.32,148,110.66,美妆,线上
2024-04-19,8347.15,34,245.5,美妆,线下
2024-04-19,11816.76,48,246.18,美妆,小程序
2024-04-19,12363.56,87,142.11,美妆,APP
2024-04-20,13469.0,28,481.04,电子产品,线上
2024-04-20,8768.93,86,101.96,电子产品,线下
2024-04-20,6718.02,35,191.94,电子产品,小程序
2024-04-20,5805.07,104,55.82,电子产品,APP
2024-04-20,17509.29,35,500.27,服装,线上
2024-04-20,7241.52,38,190.57,服装,线下
2024-04-20,15742.03,29,542.83,服装,小程序
2024-04-20,8885.25,38,233.82,服装,APP
2024-04-20,17893.02,40,447.33,图书,线上
2024-04-20,16962.68,142,119.46,图书,线下
2024-04-20,17843.71,89,200.49,图书,小程序
2024-04-20,14514.29,46,315.53,图书,APP
2024-04-20,4258.87,149,28.58,家居,线上
2024-04-20,7086.85,109,65.02,家居,线下
2024-04-20,10162.76,97,104.77,家居,小程序
2024-04-20,15382.35,78,197.21,家居,APP
2024-04-20,4047.76,34,119.05,食品,线上
2024-04-20,4120.99,70,58.87,食品,线下
2024-04-20,11693.78,117,99.95,食品,小程序
2024-04-20,13897.11,24,579.05,食品,APP
2024-04-20,11966.82,33,362.63,美妆,线上
2024-04-20,9500.8,116,81.9,美妆,线下
2024-04-20,14098.41,130,108.45,美妆,小程序
2024-04-20,14186.35,55,257.93,美妆,APP
2024-04-21,5475.65,50,109.51,电子产品,线上
2024-04-21,17181.8,114,150.72,电子产品,线下
2024-04-21,9013.51,107,84.24,电子产品,小程序
2024-04-21,10282.67,34,302.43,电子产品,APP
2024-04-21,7311.75,43,170.04,服装,线上
2024-04-21,12560.7,78,161.03,服装,线下
2024-04-21,9931.3,31,320.36,服装,小程序
2024-04-21,18586.61,23,808.11,服装,APP
2024-04-21,16823.97,83,202.7,图书,线上
2024-04-21,15915.8,39,408.1,图书,线下
2024-04-21,4593.03,132,34.8,图书,小程序
2024-04-21,6449.37,31,208.04,图书,APP
2024-04-21,8449.4,82,103.04,家居,线上
2024-04-21,18693.7,53,352.71,家居,线下
2024-04-21,12822.9,142,90.3,家居,小程序
2024-04-21,13593.65,39,348.56,家居,APP
2024-04-21,4888.44,72,67.89,食品,线上
2024-04-21,11157.45,111,100.52,食品,线下
2024-04-21,17189.19,76,226.17,食品,小程序
2024-04-21,10387.77,97,107.09,食品,APP
2024-04-21,17845.03,94,189.84,美妆,线上
2024-04-21,16759.79,82,204.39,美妆,线下
2024-04-21,11635.46,88,132.22,美妆,小程序
2024-04-21,8520.29,148,57.57,美妆,APP
2024-04-22,5331.21,108,49.36,电子产品,线上
2024-04-22,17306.82,144,120.19,电子产品,线下
2024-04-22,7969.98,72,110.69,电子产品,小程序
2024-04-22,17481.68,79,221.29,电子产品,APP
2024-04-22,8348.42,73,114.36,服装,线上
2024-04-22,5607.56,56,100.14,服装,线下
2024-04-22,4300.55,80,53.76,服装,小程序
2024-04-22,14266.7,136,104.9,服装,APP
2024-04-22,18098.42,25,723.94,图书,线上
2024-04-22,11266.44,28,402.37,图书,线下
2024-04-22,7827.29,118,66.33,图书,小程序
2024-04-22,8280.32,41,201.96,图书,APP
2024-04-22,4659.38,118,39.49,家居,线上
2024-04-22,11213.04,117,95.84,家居,线下
2024-04-22,9547.77,31,307.99,家居,小程序
2024-04-22,7137.53,117,61.0,家居,APP
2024-04-22,6535.45,130,50.27,食品,线上
2024-04-22,11771.68,98,120.12,食品,线下
2024-04-22,4231.92,109,38.82,食品,小程序
2024-04-22,17860.41,106,168.49,食品,APP
2024-04-22,17641.89,87,202.78,美妆,线上
2024-04-22,15950.14,75,212.67,美妆,线下
2024-04-22,15152.94,107,141.62,美妆,小程序
2024-04-22,14679.57,131,112.06,美妆,APP
2024-04-23,16858.8,34,495.85,电子产品,线上
2024-04-23,15977.2,119,134.26,电子产品,线下
2024-04-23,18169.3,93,195.37,电子产品,小程序
2024-04-23,16749.58,138,121.37,电子产品,APP
2024-04-23,10181.61,86,118.39,服装,线上
2024-04-23,6233.59,117,53.28,服装,线下
2024-04-23,10838.85,80,135.49,服装,小程序
2024-04-23,5770.07,23,250.87,服装,APP
2024-04-23,8018.85,90,89.1,图书,线上
2024-04-23,5069.94,83,61.08,图书,线下
2024-04-23,15432.37,95,162.45,图书,小程序
2024-04-23,8877.58,121,73.37,图书,APP
2024-04-23,4360.82,90,48.45,家居,线上
2024-04-23,9242.67,84,110.03,家居,线下
2024-04-23,15599.9,23,678.26,家居,小程序
2024-04-23,5655.75,102,55.45,家居,APP
2024-04-23,16409.39,65,252.45,食品,线上
2024-04-23,10483.41,24,436.81,食品,线下
2024-04-23,10424.49,139,75.0,食品,小程序
2024-04-23,4336.61,111,39.07,食品,APP
2024-04-23,11033.4,75,147.11,美妆,线上
2024-04-23,9951.57,40,248.79,美妆,线下
2024-04-23,7954.56,100,79.55,美妆,小程序
2024-04-23,18181.69,132,137.74,美妆,APP
2024-04-24,6522.77,90,72.48,电子产品,线上
2024-04-24,7732.87,146,52.96,电子产品,线下
2024-04-24,5724.79,64,89.45,电子产品,小程序
2024-04-24,6023.44,32,188.23,电子产品,APP
2024-04-24,7325.11,29,252.59,服装,线上
2024-04-24,6590.33,149,44.23,服装,线下
2024-04-24,16854.19,101,166.87,服装,小程序
2024-04-24,4430.76,78,56.8,服装,APP
2024-04-24,4716.95,86,54.85,图书,线上
2024-04-24,18595.08,24,774.8,图书,线下
2024-04-24,14089.36,110,128.09,图书,小程序
2024-04-24,11995.86,31,386.96,图书,APP
2024-04-24,12908.52,109,118.43,家居,线上
2024-04-24,5450.72,149,36.58,家居,线下
2024-04-24,10529.41,150,70.2,家居,小程序
2024-04-24,4969.44,72,69.02,家居,APP
2024-04-24,8738.27,115,75.98,食品,线上
2024-04-24,16377.17,126,129.98,食品,线下
2024-04-24,4877.51,129,37.81,食品,小程序
2024-04-24,17086.13,56,305.11,食品,APP
2024-04-24,4168.81,112,37.22,美妆,线上
2024-04-24,8877.84,124,71.6,美妆,线下
2024-04-24,17413.01,115,151.42,美妆,小程序
2024-04-24,10937.23,95,115.13,美妆,APP
2024-04-25,13290.19,61,217.87,电子产品,线上
2024-04-25,9424.47,94,100.26,电子产品,线下
2024-04-25,17990.85,26,691.96,电子产品,小程序
2024-04-25,5429.87,74,73.38,电子产品,APP
2024-04-25,16127.09,150,107.51,服装,线上
2024-04-25,14720.72,150,98.14,服装,线下
2024-04-25,15752.62,108,145.86,服装,小程序
2024-04-25,18137.66,116,156.36,服装,APP
2024-04-25,16472.98,28,588.32,图书,线上
2024-04-25,13825.85,58,238.38,图书,线下
2024-04-25,9619.38,40,240.48,图书,小程序
2024-04-25,18369.95,77,238.57,图书,APP
2024-04-25,12428.77,127,97.86,家居,线上
2024-04-25,12025.84,51,235.8,家居,线下
2024-04-25,16730.09,33,506.97,家居,小程序
2024-04-25,13064.38,132,98.97,家居,APP
2024-04-25,8641.57,69,125.24,食品,线上
2024-04-25,16553.49,95,174.25,食品,线下
2024-04-25,17697.6,104,170.17,食品,小程序
2024-04-25,7515.67,112,67.1,食品,APP
2024-04-25,7329.98,100,73.3,美妆,线上
2024-04-25,15214.88,49,310.51,美妆,线下
2024-04-25,14374.79,133,108.08,美妆,小程序
2024-04-25,14980.3,124,120.81,美妆,APP
2024-04-26,9367.26,110,85.16,电子产品,线上
2024-04-26,12407.26,39,318.13,电子产品,线下
2024-04-26,17829.36,143,124.68,电子产品,小程序
2024-04-26,13092.51,134,97.71,电子产品,APP
2024-04-26,15864.74,78,203.39,服装,线上
2024-04-26,12543.28,52,241.22,服装,线下
2024-04-26,17999.0,82,219.5,服装,小程序
2024-04-26,15713.86,124,126.72,服装,APP
2024-04-26,14147.09,55,257.22,图书,线上
2024-04-26,13097.51,93,140.83,图书,线下
2024-04-26,9056.35,50,181.13,图书,小程序
2024-04-26,5075.01,127,39.96,图书,APP
2024-04-26,11558.66,57,202.78,家居,线上
2024-04-26,12645.38,70,180.65,家居,线下
2024-04-26,17603.35,136,129.44,家居,小程序
2024-04-26,4064.72,50,81.29,家居,APP
2024-04-26,10235.96,140,73.11,食品,线上
2024-04-26,15199.56,52,292.3,食品,线下
2024-04-26,17137.75,130,131.83,食品,小程序
2024-04-26,4193.61,62,67.64,食品,APP
2024-04-26,18982.09,53,358.15,美妆,线上
2024-04-26,11709.78,119,98.4,美妆,线下
2024-04-26,17670.53,110,160.64,美妆,小程序
2024-04-26,5778.41,81,71.34,美妆,APP
2024-04-27,14791.02,50,295.82,电子产品,线上
2024-04-27,9022.49,106,85.12,电子产品,线下
2024-04-27,12938.18,47,275.28,电子产品,小程序
2024-04-27,19129.23,31,617.07,电子产品,APP
2024-04-27,4977.87,110,45.25,服装,线上
2024-04-27,18449.4,124,148.79,服装,线下
2024-04-27,13543.27,131,103.38,服装,小程序
2024-04-27,8291.89,142,58.39,服装,APP
2024-04-27,14608.51,66,221.34,图书,线上
2024-04-27,14971.28,150,99.81,图书,线下
2024-04-27,5132.19,21,244.39,图书,小程序
2024-04-27,12970.09,114,113.77,图书,APP
2024-04-27,14205.57,136,104.45,家居,线上
2024-04-27,9676.97,132,73.31,家居,线下
2024-04-27,6561.09,91,72.1,家居,小程序
2024-04-27,18370.2,44,417.5,家居,APP
2024-04-27,7415.06,146,50.79,食品,线上
2024-04-27,9088.75,150,60.59,食品,线下
2024-04-27,16821.85,129,130.4,食品,小程序
2024-04-27,8229.87,118,69.74,食品,APP
2024-04-27,8742.2,65,134.5,美妆,线上
2024-04-27,18504.67,30,616.82,美妆,线下
2024-04-27,16359.38,73,224.1,美妆,小程序
2024-04-27,10463.63,91,114.98,美妆,APP
2024-04-28,12741.98,100,127.42,电子产品,线上
2024-04-28,5396.55,92,58.66,电子产品,线下
2024-04-28,6417.68,93,69.01,电子产品,小程序
2024-04-28,8089.39,132,61.28,电子产品,APP
2024-04-28,7313.96,63,116.09,服装,线上
2024-04-28,8315.32,86,96.69,服装,线下
2024-04-28,19129.93,47,407.02,服装,小程序
2024-04-28,18137.16,91,199.31,服装,APP
2024-04-28,6037.96,72,83.86,图书,线上
2024-04-28,12387.2,150,82.58,图书,线下
2024-04-28,15517.36,27,574.72,图书,小程序
2024-04-28,13101.07,30,436.7,图书,APP
2024-04-28,18682.9,69,270.77,家居,线上
2024-04-28,3963.48,26,152.44,家居,线下
2024-04-28,9567.09,92,103.99,家居,小程序
2024-04-28,18404.15,129,142.67,家居,APP
2024-04-28,15165.66,52,291.65,食品,线上
2024-04-28,16693.65,95,175.72,食品,线下
2024-04-28,18036.46,50,360.73,食品,小程序
2024-04-28,10723.17,130,82.49,食品,APP
2024-04-28,11477.53,42,273.27,美妆,线上
2024-04-28,17210.42,91,189.13,美妆,线下
2024-04-28,15158.62,49,309.36,美妆,小程序
2024-04-28,18815.44,40,470.39,美妆,APP
2024-04-29,15420.31,76,202.9,电子产品,线上
2024-04-29,15157.96,103,147.16,电子产品,线下
2024-04-29,6307.96,105,60.08,电子产品,小程序
2024-04-29,8159.44,38,214.72,电子产品,APP
2024-04-29,14839.22,100,148.39,服装,线上
2024-04-29,17715.57,29,610.88,服装,线下
2024-04-29,10598.54,101,104.94,服装,小程序
2024-04-29,6830.17,29,235.52,服装,APP
2024-04-29,18598.19,22,845.37,图书,线上
2024-04-29,7691.16,116,66.3,图书,线下
2024-04-29,17402.95,76,228.99,图书,小程序
2024-04-29,14320.25,87,164.6,图书,APP
2024-04-29,11168.31,144,77.56,家居,线上
2024-04-29,16499.61,147,112.24,家居,线下
2024-04-29,8260.12,70,118.0,家居,小程序
2024-04-29,13721.99,42,326.71,家居,APP
2024-04-29,18623.79,74,251.67,食品,线上
2024-04-29,3926.86,37,106.13,食品,线下
2024-04-29,11487.42,73,157.36,食品,小程序
2024-04-29,14888.55,29,513.4,食品,APP
2024-04-29,10362.52,87,119.11,美妆,线上
2024-04-29,13390.18,80,167.38,美妆,线下
2024-04-29,13767.62,143,96.28,美妆,小程序
2024-04-29,12104.22,66,183.4,美妆,APP
2024-04-30,17568.01,79,222.38,电子产品,线上
2024-04-30,17523.61,144,121.69,电子产品,线下
2024-04-30,11529.7,120,96.08,电子产品,小程序
2024-04-30,13205.99,143,92.35,电子产品,APP
2024-04-30,8495.42,76,111.78,服装,线上
2024-04-30,5644.23,93,60.69,服装,线下
2024-04-30,10429.6,134,77.83,服装,小程序
2024-04-30,8962.38,128,70.02,服装,APP
2024-04-30,5698.0,138,41.29,图书,线上
2024-04-30,18789.57,49,383.46,图书,线下
2024-04-30,9307.88,121,76.92,图书,小程序
2024-04-30,14872.26,143,104.0,图书,APP
2024-04-30,16979.72,145,117.1,家居,线上
2024-04-30,13256.09,80,165.7,家居,线下
2024-04-30,4345.12,88,49.38,家居,小程序
2024-04-30,11798.62,124,95.15,家居,APP
2024-04-30,4841.07,102,47.46,食品,线上
2024-04-30,7968.76,101,78.9,食品,线下
2024-04-30,10299.3,133,77.44,食品,小程序
2024-04-30,10516.9,86,122.29,食品,APP
2024-04-30,18105.06,88,205.74,美妆,线上
2024-04-30,11456.23,76,150.74,美妆,线下
2024-04-30,9187.37,31,296.37,美妆,小程序
2024-04-30,8699.36,124,70.16,美妆,APP
2024-05-01,7372.73,62,118.91,电子产品,线上
2024-05-01,12295.65,48,256.16,电子产品,线下
2024-05-01,18738.47,104,180.18,电子产品,小程序
2024-05-01,5932.09,25,237.28,电子产品,APP
2024-05-01,18776.03,25,751.04,服装,线上
2024-05-01,16462.96,43,382.86,服装,线下
2024-05-01,16119.13,105,153.52,服装,小程序
2024-05-01,18180.81,36,505.02,服装,APP
2024-05-01,14155.9,73,193.92,图书,线上
2024-05-01,9575.08,70,136.79,图书,线下
2024-05-01,19322.58,121,159.69,图书,小程序
2024-05-01,17359.46,78,222.56,图书,APP
2024-05-01,8450.19,61,138.53,家居,线上
2024-05-01,18156.18,104,174.58,家居,线下
2024-05-01,10377.53,83,125.03,家居,小程序
2024-05-01,18615.46,29,641.91,家居,APP
2024-05-01,17136.69,46,372.54,食品,线上
2024-05-01,11755.75,144,81.64,食品,线下
2024-05-01,4572.23,92,49.7,食品,小程序
2024-05-01,8626.62,78,110.6,食品,APP
2024-05-01,13790.23,83,166.15,美妆,线上
2024-05-01,4439.16,51,87.04,美妆,线下
2024-05-01,16628.51,116,143.35,美妆,小程序
2024-05-01,14161.29,53,267.19,美妆,APP
2024-05-02,16783.18,89,188.58,电子产品,线上
2024-05-02,17469.53,39,447.94,电子产品,线下
2024-05-02,5088.39,126,40.38,电子产品,小程序
2024-05-02,4244.19,58,73.18,电子产品,APP
2024-05-02,5428.78,120,45.24,服装,线上
2024-05-02,6979.81,99,70.5,服装,线下
2024-05-02,16256.51,128,127.0,服装,小程序
2024-05-02,11976.79,25,479.07,服装,APP
2024-05-02,8674.47,137,63.32,图书,线上
2024-05-02,7111.5,87,81.74,图书,线下
2024-05-02,19154.9,140,136.82,图书,小程序
2024-05-02,9843.73,129,76.31,图书,APP
2024-05-02,5389.59,124,43.46,家居,线上
2024-05-02,12740.95,143,89.1,家居,线下
2024-05-02,8395.91,149,56.35,家居,小程序
2024-05-02,7770.51,24,323.77,家居,APP
2024-05-02,19530.25,120,162.75,食品,线上
2024-05-02,18875.18,47,401.6,食品,线下
2024-05-02,11032.84,26,424.34,食品,小程序
2024-05-02,10170.0,79,128.73,食品,APP
2024-05-02,10951.38,142,77.12,美妆,线上
2024-05-02,12774.83,99,129.04,美妆,线下
2024-05-02,9150.2,41,223.18,美妆,小程序
2024-05-02,5426.14,63,86.13,美妆,APP
2024-05-03,7221.09,145,49.8,电子产品,线上
2024-05-03,13306.93,41,324.56,电子产品,线下
2024-05-03,6174.23,141,43.79,电子产品,小程序
2024-05-03,12202.44,79,154.46,电子产品,APP
2024-05-03,4874.2,146,33.38,服装,线上
2024-05-03,7920.7,99,80.01,服装,线下
2024-05-03,15627.83,58,269.45,服装,小程序
2024-05-03,4520.42,124,36.45,服装,APP
2024-05-03,17693.37,88,201.06,图书,线上
2024-05-03,14837.16,145,102.33,图书,线下
2024-05-03,12552.43,100,125.52,图书,小程序
2024-05-03,19082.54,80,238.53,图书,APP
2024-05-03,9022.2,143,63.09,家居,线上
2024-05-03,12060.84,40,301.52,家居,线下
2024-05-03,18479.13,128,144.37,家居,小程序
2024-05-03,14976.92,116,129.11,家居,APP
2024-05-03,5952.59,23,258.81,食品,线上
2024-05-03,6501.82,51,127.49,食品,线下
2024-05-03,6566.56,132,49.75,食品,小程序
2024-05-03,17666.89,49,360.55,食品,APP
2024-05-03,4560.69,128,35.63,美妆,线上
2024-05-03,11757.18,144,81.65,美妆,线下
2024-05-03,6151.12,127,48.43,美妆,小程序
2024-05-03,10246.02,95,107.85,美妆,APP
2024-05-04,5824.34,95,61.31,电子产品,线上
2024-05-04,15368.71,89,172.68,电子产品,线下
2024-05-04,12239.92,115,106.43,电子产品,小程序
2024-05-04,12894.79,62,207.98,电子产品,APP
2024-05-04,6203.58,72,86.16,服装,线上
2024-05-04,16681.79,115,145.06,服装,线下
2024-05-04,12190.79,84,145.13,服装,小程序
2024-05-04,11441.8,73,156.74,服装,APP
2024-05-04,18795.33,54,348.06,图书,线上
2024-05-04,6563.59,141,46.55,图书,线下
2024-05-04,4116.86,126,32.67,图书,小程序
2024-05-04,6801.07,140,48.58,图书,APP
2024-05-04,5023.61,21,239.22,家居,线上
2024-05-04,8902.34,68,130.92,家居,线下
2024-05-04,7118.63,44,161.79,家居,小程序
2024-05-04,12481.57,104,120.02,家居,APP
2024-05-04,5461.99,139,39.29,食品,线上
2024-05-04,13380.35,37,361.63,食品,线下
2024-05-04,9514.15,77,123.56,食品,小程序
2024-05-04,9427.08,23,409.87,食品,APP
2024-05-04,18663.45,90,207.37,美妆,线上
2024-05-04,8464.18,129,65.61,美妆,线下
2024-05-04,13222.12,98,134.92,美妆,小程序
2024-05-04,9780.69,123,79.52,美妆,APP
2024-05-05,18845.3,71,265.43,电子产品,线上
2024-05-05,5210.96,59,88.32,电子产品,线下
2024-05-05,5616.74,75,74.89,电子产品,小程序
2024-05-05,8433.39,87,96.94,电子产品,APP
2024-05-05,12947.36,52,248.99,服装,线上
2024-05-05,16658.55,118,141.17,服装,线下
2024-05-05,9231.8,90,102.58,服装,小程序
2024-05-05,19360.08,141,137.31,服装,APP
2024-05-05,7308.72,20,365.44,图书,线上
2024-05-05,16443.42,75,219.25,图书,线下
2024-05-05,5431.55,57,95.29,图书,小程序
2024-05-05,6258.92,141,44.39,图书,APP
2024-05-05,17895.42,102,175.45,家居,线上
2024-05-05,5215.92,33,158.06,家居,线下
2024-05-05,6157.74,132,46.65,家居,小程序
2024-05-05,10747.39,140,76.77,家居,APP
2024-05-05,9182.93,148,62.05,食品,线上
2024-05-05,16071.74,81,198.42,食品,线下
2024-05-05,12891.43,116,111.13,食品,小程序
2024-05-05,16293.12,141,115.55,食品,APP
2024-05-05,9626.93,101,95.32,美妆,线上
2024-05-05,12422.66,74,167.87,美妆,线下
2024-05-05,19180.29,91,210.77,美妆,小程序
2024-05-05,15297.44,131,116.77,美妆,APP
2024-05-06,12951.69,145,89.32,电子产品,线上
2024-05-06,15102.85,84,179.8,电子产品,线下
2024-05-06,14947.32,131,114.1,电子产品,小程序
2024-05-06,14415.58,65,221.78,电子产品,APP
2024-05-06,4399.27,113,38.93,服装,线上
2024-05-06,17664.03,108,163.56,服装,线下
2024-05-06,15636.45,74,211.3,服装,小程序
2024-05-06,13854.39,68,203.74,服装,APP
2024-05-06,10106.77,65,155.49,图书,线上
2024-05-06,18907.6,22,859.44,图书,线下
2024-05-06,7124.53,112,63.61,图书,小程序
2024-05-06,12400.65,21,590.51,图书,APP
2024-05-06,13362.42,104,128.48,家居,线上
2024-05-06,5498.91,114,48.24,家居,线下
2024-05-06,18629.78,148,125.88,家居,小程序
2024-05-06,18721.78,89,210.36,家居,APP
2024-05-06,4530.83,90,50.34,食品,线上
2024-05-06,14249.09,121,117.76,食品,线下
2024-05-06,4696.85,84,55.91,食品,小程序
2024-05-06,8376.38,34,246.36,食品,APP
2024-05-06,19514.02,27,722.74,美妆,线上
2024-05-06,17788.88,140,127.06,美妆,线下
2024-05-06,19930.96,136,146.55,美妆,小程序
2024-05-06,11830.12,141,83.9,美妆,APP
2024-05-07,16046.91,46,348.85,电子产品,线上
2024-05-07,4624.91,27,171.29,电子产品,线下
2024-05-07,13848.1,59,234.71,电子产品,小程序
2024-05-07,15336.05,65,235.94,电子产品,APP
2024-05-07,17988.35,53,339.4,服装,线上
2024-05-07,5341.15,50,106.82,服装,线下
2024-05-07,4911.44,35,140.33,服装,小程序
2024-05-07,9054.83,91,99.5,服装,APP
2024-05-07,19793.58,69,286.86,图书,线上
2024-05-07,14525.07,24,605.21,图书,线下
2024-05-07,9350.57,101,92.58,图书,小程序
2024-05-07,18418.81,63,292.36,图书,APP
2024-05-07,18547.0,113,164.13,家居,线上
2024-05-07,12298.19,123,99.99,家居,线下
2024-05-07,10694.01,35,305.54,家居,小程序
2024-05-07,5054.38,148,34.15,家居,APP
2024-05-07,6379.28,88,72.49,食品,线上
2024-05-07,5359.51,133,40.3,食品,线下
2024-05-07,4726.25,70,67.52,食品,小程序
2024-05-07,15064.47,124,121.49,食品,APP
2024-05-07,6787.77,20,339.39,美妆,线上
2024-05-07,9005.53,109,82.62,美妆,线下
2024-05-07,5901.06,139,42.45,美妆,小程序
2024-05-07,13130.0,42,312.62,美妆,APP
2024-05-08,13153.58,138,95.32,电子产品,线上
2024-05-08,5449.76,43,126.74,电子产品,线下
2024-05-08,6970.12,42,165.96,电子产品,小程序
2024-05-08,7021.01,25,280.84,电子产品,APP
2024-05-08,16385.34,22,744.79,服装,线上
2024-05-08,7534.57,115,65.52,服装,线下
2024-05-08,11447.87,83,137.93,服装,小程序
2024-05-08,8989.13,68,132.19,服装,APP
2024-05-08,16074.07,53,303.28,图书,线上
2024-05-08,9032.72,117,77.2,图书,线下
2024-05-08,15405.36,65,237.01,图书,小程序
2024-05-08,8524.69,100,85.25,图书,APP
2024-05-08,10700.64,68,157.36,家居,线上
2024-05-08,8425.35,71,118.67,家居,线下
2024-05-08,6883.27,95,72.46,家居,小程序
2024-05-08,8208.67,132,62.19,家居,APP
2024-05-08,8292.33,145,57.19,食品,线上
2024-05-08,9752.55,113,86.31,食品,线下
2024-05-08,9651.12,135,71.49,食品,小程序
2024-05-08,17397.05,63,276.14,食品,APP
2024-05-08,4620.91,118,39.16,美妆,线上
2024-05-08,6538.26,73,89.57,美妆,线下
2024-05-08,20044.17,131,153.01,美妆,小程序
2024-05-08,9619.89,93,103.44,美妆,APP
2024-05-09,7403.26,148,50.02,电子产品,线上
2024-05-09,12973.16,88,147.42,电子产品,线下
2024-05-09,5514.77,73,75.54,电子产品,小程序
2024-05-09,8224.86,139,59.17,电子产品,APP
2024-05-09,8267.46,49,168.72,服装,线上
2024-05-09,12413.5,67,185.28,服装,线下
2024-05-09,11736.69,139,84.44,服装,小程序
2024-05-09,13542.99,115,117.77,服装,APP
2024-05-09,13169.93,28,470.35,图书,线上
2024-05-09,9263.19,46,201.37,图书,线下
2024-05-09,14233.25,22,646.97,图书,小程序
2024-05-09,6615.16,141,46.92,图书,APP
2024-05-09,9462.9,45,210.29,家居,线上
2024-05-09,7074.15,111,63.73,家居,线下
2024-05-09,9002.69,139,64.77,家居,小程序
2024-05-09,12894.95,25,515.8,家居,APP
2024-05-09,11150.82,136,81.99,食品,线上
2024-05-09,13652.3,131,104.22,食品,线下
2024-05-09,15875.64,141,112.59,食品,小程序
2024-05-09,17544.86,84,208.87,食品,APP
2024-05-09,15752.92,106,148.61,美妆,线上
2024-05-09,11855.61,122,97.18,美妆,线下
2024-05-09,8903.93,79,112.71,美妆,小程序
2024-05-09,16397.05,149,110.05,美妆,APP
2024-05-10,5815.86,129,45.08,电子产品,线上
2024-05-10,16643.23,122,136.42,电子产品,线下
2024-05-10,13701.67,61,224.62,电子产品,小程序
2024-05-10,12387.35,96,129.03,电子产品,APP
2024-05-10,18471.95,70,263.88,服装,线上
2024-05-10,19526.68,55,355.03,服装,线下
2024-05-10,6173.99,105,58.8,服装,小程序
2024-05-10,16878.83,33,511.48,服装,APP
2024-05-10,19832.72,99,200.33,图书,线上
2024-05-10,16948.62,56,302.65,图书,线下
2024-05-10,17088.81,137,124.74,图书,小程序
2024-05-10,10498.69,137,76.63,图书,APP
2024-05-10,4076.7,57,71.52,家居,线上
2024-05-10,7320.01,64,114.38,家居,线下
2024-05-10,8959.44,40,223.99,家居,小程序
2024-05-10,7063.02,72,98.1,家居,APP
2024-05-10,11157.79,82,136.07,食品,线上
2024-05-10,6568.05,115,57.11,食品,线下
2024-05-10,4143.36,60,69.06,食品,小程序
2024-05-10,9665.26,140,69.04,食品,APP
2024-05-10,12998.82,120,108.32,美妆,线上
2024-05-10,15419.57,140,110.14,美妆,线下
2024-05-10,14926.44,138,108.16,美妆,小程序
2024-05-10,15540.55,44,353.19,美妆,APP
2024-05-11,10405.37,101,103.02,电子产品,线上
2024-05-11,16533.15,54,306.17,电子产品,线下
2024-05-11,10606.27,103,102.97,电子产品,小程序
2024-05-11,18736.01,128,146.38,电子产品,APP
2024-05-11,13822.26,38,363.74,服装,线上
2024-05-11,9741.03,26,374.66,服装,线下
2024-05-11,7698.17,65,118.43,服装,小程序
2024-05-11,16611.48,114,145.71,服装,APP
2024-05-11,9992.58,148,67.52,图书,线上
2024-05-11,17515.53,121,144.76,图书,线下
2024-05-11,19006.35,78,243.67,图书,小程序
2024-05-11,6333.56,68,93.14,图书,APP
2024-05-11,4802.2,97,49.51,家居,线上
2024-05-11,11185.92,106,105.53,家居,线下
2024-05-11,10348.13,66,156.79,家居,小程序
2024-05-11,11027.78,92,119.87,家居,APP
2024-05-11,9157.17,143,64.04,食品,线上
2024-05-11,4648.45,127,36.6,食品,线下
2024-05-11,7009.84,121,57.93,食品,小程序
2024-05-11,15216.03,47,323.75,食品,APP
2024-05-11,11667.72,41,284.58,美妆,线上
2024-05-11,9731.56,45,216.26,美妆,线下
2024-05-11,14784.01,123,120.2,美妆,小程序
2024-05-11,17194.21,23,747.57,美妆,APP
2024-05-12,6733.83,52,129.5,电子产品,线上
2024-05-12,13515.42,118,114.54,电子产品,线下
2024-05-12,15344.66,22,697.48,电子产品,小程序
2024-05-12,12064.32,122,98.89,电子产品,APP
2024-05-12,11020.66,33,333.96,服装,线上
2024-05-12,9062.17,86,105.37,服装,线下
2024-05-12,16258.6,49,331.81,服装,小程序
2024-05-12,13989.93,135,103.63,服装,APP
2024-05-12,12325.27,141,87.41,图书,线上
2024-05-12,15766.26,113,139.52,图书,线下
2024-05-12,5927.31,65,91.19,图书,小程序
2024-05-12,20170.06,118,170.93,图书,APP
2024-05-12,18360.43,40,459.01,家居,线上
2024-05-12,6561.8,106,61.9,家居,线下
2024-05-12,19636.89,86,228.34,家居,小程序
2024-05-12,7335.77,136,53.94,家居,APP
2024-05-12,11224.38,138,81.34,食品,线上
2024-05-12,8714.07,51,170.86,食品,线下
2024-05-12,18320.81,137,133.73,食品,小程序
2024-05-12,10113.5,114,88.71,食品,APP
2024-05-12,8232.45,106,77.66,美妆,线上
2024-05-12,15159.43,26,583.06,美妆,线下
2024-05-12,12992.07,65,199.88,美妆,小程序
2024-05-12,8902.96,126,70.66,美妆,APP
2024-05-13,4402.6,103,42.74,电子产品,线上
2024-05-13,9013.3,29,310.8,电子产品,线下
2024-05-13,13919.1,111,125.4,电子产品,小程序
2024-05-13,16159.34,121,133.55,电子产品,APP
2024-05-13,8205.97,41,200.15,服装,线上
2024-05-13,12918.61,52,248.43,服装,线下
2024-05-13,16075.13,146,110.1,服装,小程序
2024-05-13,11208.97,90,124.54,服装,APP
2024-05-13,9798.36,137,71.52,图书,线上
2024-05-13,15453.12,82,188.45,图书,线下
2024-05-13,19234.7,137,140.4,图书,小程序
2024-05-13,4783.12,103,46.44,图书,APP
2024-05-13,10249.43,57,179.81,家居,线上
2024-05-13,14142.5,45,314.28,家居,线下
2024-05-13,10399.48,40,259.99,家居,小程序
2024-05-13,9673.06,97,99.72,家居,APP
2024-05-13,11067.92,25,442.72,食品,线上
2024-05-13,7141.25,85,84.01,食品,线下
2024-05-13,15989.66,40,399.74,食品,小程序
2024-05-13,17886.5,130,137.59,食品,APP
2024-05-13,19998.06,69,289.83,美妆,线上
2024-05-13,13509.59,97,139.27,美妆,线下
2024-05-13,14245.0,82,173.72,美妆,小程序
2024-05-13,15539.77,32,485.62,美妆,APP
2024-05-14,10315.98,141,73.16,电子产品,线上
2024-05-14,7687.94,131,58.69,电子产品,线下
2024-05-14,8672.5,67,129.44,电子产品,小程序
2024-05-14,8706.66,31,280.86,电子产品,APP
2024-05-14,14123.29,66,213.99,服装,线上
2024-05-14,15339.35,89,172.35,服装,线下
2024-05-14,4214.91,73,57.74,服装,小程序
2024-05-14,4440.78,126,35.24,服装,APP
2024-05-14,14992.38,90,166.58,图书,线上
2024-05-14,8544.7,101,84.6,图书,线下
2024-05-14,5736.88,77,74.5,图书,小程序
2024-05-14,4430.11,103,43.01,图书,APP
2024-05-14,7784.59,93,83.71,家居,线上
2024-05-14,16164.9,137,117.99,家居,线下
2024-05-14,13847.17,104,133.15,家居,小程序
2024-05-14,13079.44,141,92.76,家居,APP
2024-05-14,19498.29,23,847.75,食品,线上
2024-05-14,9798.96,101,97.02,食品,线下
2024-05-14,9855.41,133,74.1,食品,小程序
2024-05-14,6639.7,147,45.17,食品,APP
2024-05-14,7612.38,63,120.83,美妆,线上
2024-05-14,15253.04,85,179.45,美妆,线下
2024-05-14,10790.3,40,269.76,美妆,小程序
2024-05-14,14565.54,108,134.87,美妆,APP
2024-05-15,5527.5,114,48.49,电子产品,线上
2024-05-15,9193.9,100,91.94,电子产品,线下
2024-05-15,11641.03,139,83.75,电子产品,小程序
2024-05-15,4639.23,62,74.83,电子产品,APP
2024-05-15,14507.99,130,111.6,服装,线上
2024-05-15,11041.86,25,441.67,服装,线下
2024-05-15,16617.54,92,180.63,服装,小程序
2024-05-15,13382.46,145,92.29,服装,APP
2024-05-15,20571.87,116,177.34,图书,线上
2024-05-15,19435.08,53,366.7,图书,线下
2024-05-15,10428.46,51,204.48,图书,小程序
2024-05-15,5757.96,75,76.77,图书,APP
2024-05-15,7655.13,48,159.48,家居,线上
2024-05-15,13619.85,65,209.54,家居,线下
2024-05-15,18501.1,122,151.65,家居,小程序
2024-05-15,13276.77,110,120.7,家居,APP
2024-05-15,16615.76,127,130.83,食品,线上
2024-05-15,19091.29,91,209.79,食品,线下
2024-05-15,9448.97,112,84.37,食品,小程序
2024-05-15,14607.73,101,144.63,食品,APP
2024-05-15,12484.12,120,104.03,美妆,线上
2024-05-15,7884.03,123,64.1,美妆,线下
2024-05-15,12360.13,138,89.57,美妆,小程序
2024-05-15,8899.36,135,65.92,美妆,APP
2024-05-16,6781.45,65,104.33,电子产品,线上
2024-05-16,10832.09,20,541.6,电子产品,线下
2024-05-16,13041.84,105,124.21,电子产品,小程序
2024-05-16,16878.9,64,263.73,电子产品,APP
2024-05-16,15552.78,45,345.62,服装,线上
2024-05-16,10553.8,127,83.1,服装,线下
2024-05-16,20400.08,125,163.2,服装,小程序
2024-05-16,7313.13,27,270.86,服装,APP
2024-05-16,14478.39,55,263.24,图书,线上
2024-05-16,14325.59,148,96.79,图书,线下
2024-05-16,20811.04,124,167.83,图书,小程序
2024-05-16,19920.86,103,193.41,图书,APP
2024-05-16,14327.37,62,231.09,家居,线上
2024-05-16,13652.39,140,97.52,家居,线下
2024-05-16,15569.63,114,136.58,家居,小程序
2024-05-16,4544.42,119,38.19,家居,APP
2024-05-16,13364.97,69,193.7,食品,线上
2024-05-16,18334.85,61,300.57,食品,线下
2024-05-16,11793.81,81,145.6,食品,小程序
2024-05-16,7085.44,71,99.79,食品,APP
2024-05-16,9543.51,95,100.46,美妆,线上
2024-05-16,5245.84,27,194.29,美妆,线下
2024-05-16,7615.28,138,55.18,美妆,小程序
2024-05-16,11817.54,133,88.85,美妆,APP
2024-05-17,20743.3,65,319.13,电子产品,线上
2024-05-17,20460.39,148,138.25,电子产品,线下
2024-05-17,14914.86,104,143.41,电子产品,小程序
2024-05-17,18775.12,60,312.92,电子产品,APP
2024-05-17,8280.22,37,223.79,服装,线上
2024-05-17,4298.26,28,153.51,服装,线下
2024-05-17,15594.94,124,125.77,服装,小程序
2024-05-17,18691.07,140,133.51,服装,APP
2024-05-17,18609.19,38,489.72,图书,线上
2024-05-17,17285.22,86,200.99,图书,线下
2024-05-17,18963.72,50,379.27,图书,小程序
2024-05-17,16160.01,26,621.54,图书,APP
2024-05-17,11520.57,35,329.16,家居,线上
2024-05-17,9085.04,121,75.08,家居,线下
2024-05-17,18042.61,30,601.42,家居,小程序
2024-05-17,10263.17,150,68.42,家居,APP
2024-05-17,14712.21,132,111.46,食品,线上
2024-05-17,11354.37,51,222.63,食品,线下
2024-05-17,5916.94,87,68.01,食品,小程序
2024-05-17,16865.2,48,351.36,食品,APP
2024-05-17,16263.74,113,143.93,美妆,线上
2024-05-17,11091.75,106,104.64,美妆,线下
2024-05-17,6558.24,82,79.98,美妆,小程序
2024-05-17,17494.55,73,239.65,美妆,APP
2024-05-18,8644.47,104,83.12,电子产品,线上
2024-05-18,14987.48,38,394.41,电子产品,线下
2024-05-18,11899.49,145,82.07,电子产品,小程序
2024-05-18,16843.49,86,195.85,电子产品,APP
2024-05-18,9953.89,133,74.84,服装,线上
2024-05-18,9755.94,135,72.27,服装,线下
2024-05-18,15954.0,90,177.27,服装,小程序
2024-05-18,14187.61,55,257.96,服装,APP
2024-05-18,6687.38,93,71.91,图书,线上
2024-05-18,4636.2,114,40.67,图书,线下
2024-05-18,13668.63,94,145.41,图书,小程序
2024-05-18,9352.74,60,155.88,图书,APP
2024-05-18,13737.53,98,140.18,家居,线上
2024-05-18,12185.83,132,92.32,家居,线下
2024-05-18,15512.41,59,262.92,家居,小程序
2024-05-18,16696.15,52,321.08,家居,APP
2024-05-18,6662.21,94,70.87,食品,线上
2024-05-18,18635.28,85,219.24,食品,线下
2024-05-18,14898.88,27,551.81,食品,小程序
2024-05-18,18497.03,97,190.69,食品,APP
2024-05-18,6693.08,23,291.0,美妆,线上
2024-05-18,8559.01,150,57.06,美妆,线下
2024-05-18,16725.12,123,135.98,美妆,小程序
2024-05-18,12214.22,63,193.88,美妆,APP
2024-05-19,20622.75,59,349.54,电子产品,线上
2024-05-19,14123.03,148,95.43,电子产品,线下
2024-05-19,9520.05,115,82.78,电子产品,小程序
2024-05-19,10594.42,144,73.57,电子产品,APP
2024-05-19,15156.2,143,105.99,服装,线上
2024-05-19,7176.57,117,61.34,服装,线下
2024-05-19,4457.78,36,123.83,服装,小程序
2024-05-19,9993.62,99,100.95,服装,APP
2024-05-19,7700.26,58,132.76,图书,线上
2024-05-19,8913.03,50,178.26,图书,线下
2024-05-19,15183.54,111,136.79,图书,小程序
2024-05-19,12632.59,23,549.24,图书,APP
2024-05-19,18388.63,78,235.75,家居,线上
2024-05-19,16725.2,113,148.01,家居,线下
2024-05-19,15423.9,122,126.43,家居,小程序
2024-05-19,14785.48,104,142.17,家居,APP
2024-05-19,12778.12,89,143.57,食品,线上
2024-05-19,13551.94,40,338.8,食品,线下
2024-05-19,20589.58,34,605.58,食品,小程序
2024-05-19,11752.66,83,141.6,食品,APP
2024-05-19,8345.78,66,126.45,美妆,线上
2024-05-19,15853.34,82,193.33,美妆,线下
2024-05-19,8069.91,136,59.34,美妆,小程序
2024-05-19,7211.04,88,81.94,美妆,APP
2024-05-20,13585.47,43,315.94,电子产品,线上
2024-05-20,16823.29,36,467.31,电子产品,线下
2024-05-20,19585.03,53,369.53,电子产品,小程序
2024-05-20,13087.13,35,373.92,电子产品,APP
2024-05-20,7753.98,82,94.56,服装,线上
2024-05-20,14156.38,142,99.69,服装,线下
2024-05-20,12099.76,33,366.66,服装,小程序
2024-05-20,9636.46,38,253.59,服装,APP
2024-05-20,7562.45,49,154.34,图书,线上
2024-05-20,11720.75,141,83.13,图书,线下
2024-05-20,7578.89,75,101.05,图书,小程序
2024-05-20,14370.1,96,149.69,图书,APP
2024-05-20,13879.44,130,106.76,家居,线上
2024-05-20,18822.7,48,392.14,家居,线下
2024-05-20,16431.49,133,123.55,家居,小程序
2024-05-20,17404.09,69,252.23,家居,APP
2024-05-20,14211.6,136,104.5,食品,线上
2024-05-20,21043.51,84,250.52,食品,线下
2024-05-20,17017.25,89,191.21,食品,小程序
2024-05-20,12579.73,65,193.53,食品,APP
2024-05-20,9802.15,143,68.55,美妆,线上
2024-05-20,12945.55,96,134.85,美妆,线下
2024-05-20,8710.55,83,104.95,美妆,小程序
2024-05-20,10013.95,148,67.66,美妆,APP
2024-05-21,9504.95,132,72.01,电子产品,线上
2024-05-21,6148.41,66,93.16,电子产品,线下
2024-05-21,12545.85,101,124.22,电子产品,小程序
2024-05-21,19448.06,150,129.65,电子产品,APP
2024-05-21,12255.42,61,200.91,服装,线上
2024-05-21,7293.57,130,56.1,服装,线下
2024-05-21,15699.33,44,356.8,服装,小程序
2024-05-21,19991.14,133,150.31,服装,APP
2024-05-21,10076.94,66,152.68,图书,线上
2024-05-21,7545.32,47,160.54,图书,线下
2024-05-21,17228.08,74,232.81,图书,小程序
2024-05-21,9477.68,98,96.71,图书,APP
2024-05-21,9695.66,140,69.25,家居,线上
2024-05-21,6002.93,96,62.53,家居,线下
2024-05-21,20029.52,73,274.38,家居,小程序
2024-05-21,13964.91,59,236.69,家居,APP
2024-05-21,9759.44,69,141.44,食品,线上
2024-05-21,17288.37,63,274.42,食品,线下
2024-05-21,18750.5,60,312.51,食品,小程序
2024-05-21,9792.03,141,69.45,食品,APP
2024-05-21,15367.89,126,121.97,美妆,线上
2024-05-21,17515.57,88,199.04,美妆,线下
2024-05-21,8142.83,87,93.6,美妆,小程序
2024-05-21,12280.52,97,126.6,美妆,APP
2024-05-22,10602.52,98,108.19,电子产品,线上
2024-05-22,9969.41,110,90.63,电子产品,线下
2024-05-22,18432.23,100,184.32,电子产品,小程序
2024-05-22,11950.34,128,93.36,电子产品,APP
2024-05-22,13890.15,126,110.24,服装,线上
2024-05-22,4366.64,123,35.5,服装,线下
2024-05-22,5214.36,124,42.05,服装,小程序
2024-05-22,10309.11,55,187.44,服装,APP
2024-05-22,20921.58,90,232.46,图书,线上
2024-05-22,4602.45,71,64.82,图书,线下
2024-05-22,7832.6,85,92.15,图书,小程序
2024-05-22,9304.61,115,80.91,图书,APP
2024-05-22,4674.17,129,36.23,家居,线上
2024-05-22,17777.91,103,172.6,家居,线下
2024-05-22,13801.03,71,194.38,家居,小程序
2024-05-22,17889.86,148,120.88,家居,APP
2024-05-22,11786.3,90,130.96,食品,线上
2024-05-22,6094.39,82,74.32,食品,线下
2024-05-22,7009.54,142,49.36,食品,小程序
2024-05-22,20349.58,140,145.35,食品,APP
2024-05-22,20529.78,31,662.25,美妆,线上
2024-05-22,17612.38,119,148.0,美妆,线下
2024-05-22,16016.74,144,111.23,美妆,小程序
2024-05-22,8536.89,116,73.59,美妆,APP
2024-05-23,5304.39,34,156.01,电子产品,线上
2024-05-23,15256.01,90,169.51,电子产品,线下
2024-05-23,13511.42,132,102.36,电子产品,小程序
2024-05-23,20125.87,48,419.29,电子产品,APP
2024-05-23,12378.66,38,325.75,服装,线上
2024-05-23,9852.73,125,78.82,服装,线下
2024-05-23,18423.07,58,317.64,服装,小程序
2024-05-23,14401.65,71,202.84,服装,APP
2024-05-23,13921.97,132,105.47,图书,线上
2024-05-23,8492.51,86,98.75,图书,线下
2024-05-23,13833.45,94,147.16,图书,小程序
2024-05-23,16112.44,55,292.95,图书,APP
2024-05-23,17527.74,37,473.72,家居,线上
2024-05-23,19219.03,100,192.19,家居,线下
2024-05-23,20701.96,112,184.84,家居,小程序
2024-05-23,19808.57,134,147.83,家居,APP
2024-05-23,17101.98,74,231.11,食品,线上
2024-05-23,7444.95,139,53.56,食品,线下
2024-05-23,8191.65,112,73.14,食品,小程序
2024-05-23,9997.92,86,116.25,食品,APP
2024-05-23,8666.25,25,346.65,美妆,线上
2024-05-23,6692.64,125,53.54,美妆,线下
2024-05-23,11615.37,144,80.66,美妆,小程序
2024-05-23,17973.54,35,513.53,美妆,APP
2024-05-24,20024.88,115,174.13,电子产品,线上
2024-05-24,4583.6,131,34.99,电子产品,线下
2024-05-24,21448.38,149,143.95,电子产品,小程序
2024-05-24,19337.84,103,187.75,电子产品,APP
2024-05-24,17909.67,145,123.51,服装,线上
2024-05-24,9171.4,105,87.35,服装,线下
2024-05-24,15227.64,39,390.45,服装,小程序
2024-05-24,14038.41,48,292.47,服装,APP
2024-05-24,13460.82,42,320.5,图书,线上
2024-05-24,14186.81,139,102.06,图书,线下
2024-05-24,14808.5,68,217.77,图书,小程序
2024-05-24,17251.4,130,132.7,图书,APP
2024-05-24,18385.22,139,132.27,家居,线上
2024-05-24,12075.18,58,208.19,家居,线下
2024-05-24,15504.34,38,408.01,家居,小程序
2024-05-24,7432.8,106,70.12,家居,APP
2024-05-24,12122.68,130,93.25,食品,线上
2024-05-24,19618.78,122,160.81,食品,线下
2024-05-24,14200.8,21,676.23,食品,小程序
2024-05-24,15043.68,119,126.42,食品,APP
2024-05-24,4629.58,77,60.12,美妆,线上
2024-05-24,9855.63,58,169.92,美妆,线下
2024-05-24,8761.72,77,113.79,美妆,小程序
2024-05-24,14366.76,103,139.48,美妆,APP
2024-05-25,13525.9,71,190.51,电子产品,线上
2024-05-25,17633.02,110,160.3,电子产品,线下
2024-05-25,19764.97,59,335.0,电子产品,小程序
2024-05-25,7587.01,57,133.11,电子产品,APP
2024-05-25,7886.05,66,119.49,服装,线上
2024-05-25,6066.47,30,202.22,服装,线下
2024-05-25,17797.87,109,163.28,服装,小程序
2024-05-25,20826.77,103,202.2,服装,APP
2024-05-25,19372.73,78,248.37,图书,线上
2024-05-25,15700.85,71,221.14,图书,线下
2024-05-25,9559.32,128,74.68,图书,小程序
2024-05-25,21455.09,79,271.58,图书,APP
2024-05-25,20509.39,75,273.46,家居,线上
2024-05-25,17674.82,26,679.8,家居,线下
2024-05-25,6696.05,132,50.73,家居,小程序
2024-05-25,6450.51,116,55.61,家居,APP
2024-05-25,4761.67,73,65.23,食品,线上
2024-05-25,10898.96,134,81.34,食品,线下
2024-05-25,11903.94,70,170.06,食品,小程序
2024-05-25,7877.2,117,67.33,食品,APP
2024-05-25,14526.09,51,284.83,美妆,线上
2024-05-25,5927.39,64,92.62,美妆,线下
2024-05-25,13082.27,51,256.52,美妆,小程序
2024-05-25,7138.13,73,97.78,美妆,APP
2024-05-26,6428.89,145,44.34,电子产品,线上
2024-05-26,17196.12,111,154.92,电子产品,线下
2024-05-26,17353.05,101,171.81,电子产品,小程序
2024-05-26,11545.66,73,158.16,电子产品,APP
2024-05-26,21440.46,149,143.9,服装,线上
2024-05-26,10586.27,85,124.54,服装,线下
2024-05-26,13170.55,136,96.84,服装,小程序
2024-05-26,4619.9,117,39.49,服装,APP
2024-05-26,18285.71,122,149.88,图书,线上
2024-05-26,21031.09,45,467.36,图书,线下
2024-05-26,10496.39,99,106.02,图书,小程序
2024-05-26,18860.68,131,143.97,图书,APP
2024-05-26,20759.81,96,216.25,家居,线上
2024-05-26,8320.98,41,202.95,家居,线下
2024-05-26,15630.21,119,131.35,家居,小程序
2024-05-26,19544.73,24,814.36,家居,APP
2024-05-26,20853.0,90,231.7,食品,线上
2024-05-26,17004.95,102,166.72,食品,线下
2024-05-26,5127.19,83,61.77,食品,小程序
2024-05-26,7418.33,22,337.2,食品,APP
2024-05-26,6560.64,59,111.2,美妆,线上
2024-05-26,6773.66,140,48.38,美妆,线下
2024-05-26,17571.86,35,502.05,美妆,小程序
2024-05-26,14688.89,73,201.22,美妆,APP
2024-05-27,19456.49,95,204.81,电子产品,线上
2024-05-27,10835.52,126,86.0,电子产品,线下
2024-05-27,18705.41,127,147.29,电子产品,小程序
2024-05-27,7362.25,58,126.94,电子产品,APP
2024-05-27,17288.73,66,261.95,服装,线上
2024-05-27,10719.86,48,223.33,服装,线下
2024-05-27,18065.88,27,669.11,服装,小程序
2024-05-27,13028.95,98,132.95,服装,APP
2024-05-27,11392.37,115,99.06,图书,线上
2024-05-27,20199.58,87,232.18,图书,线下
2024-05-27,15196.35,27,562.83,图书,小程序
2024-05-27,18008.57,104,173.16,图书,APP
2024-05-27,4853.85,140,34.67,家居,线上
2024-05-27,4953.64,56,88.46,家居,线下
2024-05-27,20279.68,31,654.18,家居,小程序
2024-05-27,13759.55,63,218.41,家居,APP
2024-05-27,7113.93,23,309.3,食品,线上
2024-05-27,10434.0,77,135.51,食品,线下
2024-05-27,5962.79,36,165.63,食品,小程序
2024-05-27,6316.36,141,44.8,食品,APP
2024-05-27,12451.67,126,98.82,美妆,线上
2024-05-27,19278.63,132,146.05,美妆,线下
2024-05-27,6699.7,20,334.99,美妆,小程序
2024-05-27,9785.03,140,69.89,美妆,APP
2024-05-28,20116.0,85,236.66,电子产品,线上
2024-05-28,6618.11,113,58.57,电子产品,线下
2024-05-28,21119.69,44,479.99,电子产品,小程序
2024-05-28,12735.62,70,181.94,电子产品,APP
2024-05-28,6576.72,53,124.09,服装,线上
2024-05-28,18469.32,56,329.81,服装,线下
2024-05-28,8321.7,41,202.97,服装,小程序
2024-05-28,17379.79,123,141.3,服装,APP
2024-05-28,9314.74,46,202.49,图书,线上
2024-05-28,8745.65,84,104.11,图书,线下
2024-05-28,7605.55,97,78.41,图书,小程序
2024-05-28,10125.4,138,73.37,图书,APP
2024-05-28,16070.35,88,182.62,家居,线上
2024-05-28,17672.17,53,333.44,家居,线下
2024-05-28,10113.47,115,87.94,家居,小程序
2024-05-28,15945.16,28,569.47,家居,APP
2024-05-28,17462.92,118,147.99,食品,线上
2024-05-28,15432.06,70,220.46,食品,线下
2024-05-28,21515.61,23,935.46,食品,小程序
2024-05-28,6876.33,28,245.58,食品,APP
2024-05-28,18993.09,80,237.41,美妆,线上
2024-05-28,7207.6,102,70.66,美妆,线下
2024-05-28,4579.72,143,32.03,美妆,小程序
2024-05-28,12841.58,108,118.9,美妆,APP
2024-05-29,7691.0,123,62.53,电子产品,线上
2024-05-29,12335.59,74,166.7,电子产品,线下
2024-05-29,12354.73,87,142.01,电子产品,小程序
2024-05-29,13983.17,50,279.66,电子产品,APP
2024-05-29,17480.92,106,164.91,服装,线上
2024-05-29,10317.75,67,154.0,服装,线下
2024-05-29,8877.57,144,61.65,服装,小程序
2024-05-29,17956.12,136,132.03,服装,APP
2024-05-29,16045.28,107,149.96,图书,线上
2024-05-29,17802.59,87,204.63,图书,线下
2024-05-29,5501.31,113,48.68,图书,小程序
2024-05-29,11885.99,26,457.15,图书,APP
2024-05-29,21342.56,52,410.43,家居,线上
2024-05-29,6054.15,137,44.19,家居,线下
2024-05-29,18976.39,50,379.53,家居,小程序
2024-05-29,14063.73,95,148.04,家居,APP
2024-05-29,6611.37,108,61.22,食品,线上
2024-05-29,9786.72,131,74.71,食品,线下
2024-05-29,14113.52,41,344.23,食品,小程序
2024-05-29,21369.6,149,143.42,食品,APP
2024-05-29,7600.77,150,50.67,美妆,线上
2024-05-29,7816.27,76,102.85,美妆,线下
2024-05-29,18024.71,70,257.5,美妆,小程序
2024-05-29,17278.02,110,157.07,美妆,APP
2024-05-30,13681.14,58,235.88,电子产品,线上
2024-05-30,14339.26,32,448.1,电子产品,线下
2024-05-30,18526.59,112,165.42,电子产品,小程序
2024-05-30,13926.03,62,224.61,电子产品,APP
2024-05-30,11015.69,45,244.79,服装,线上
2024-05-30,16412.2,77,213.15,服装,线下
2024-05-30,19284.73,58,332.5,服装,小程序
2024-05-30,13950.09,128,108.99,服装,APP
2024-05-30,19550.33,91,214.84,图书,线上
2024-05-30,5272.81,122,43.22,图书,线下
2024-05-30,9640.2,127,75.91,图书,小程序
2024-05-30,20175.65,139,145.15,图书,APP
2024-05-30,10088.69,96,105.09,家居,线上
2024-05-30,4416.24,84,52.57,家居,线下
2024-05-30,16905.14,99,170.76,家居,小程序
2024-05-30,8092.43,37,218.71,家居,APP
2024-05-30,5454.68,125,43.64,食品,线上
2024-05-30,6884.95,143,48.15,食品,线下
2024-05-30,18917.86,82,230.71,食品,小程序
2024-05-30,11311.44,60,188.52,食品,APP
2024-05-30,15806.93,120,131.72,美妆,线上
2024-05-30,14842.59,83,178.83,美妆,线下
2024-05-30,19127.56,38,503.36,美妆,小程序
2024-05-30,8402.02,90,93.36,美妆,APP
2024-05-31,6914.96,122,56.68,电子产品,线上
2024-05-31,6614.43,58,114.04,电子产品,线下
2024-05-31,8073.07,56,144.16,电子产品,小程序
2024-05-31,16333.44,103,158.58,电子产品,APP
2024-05-31,4618.39,50,92.37,服装,线上
2024-05-31,13648.19,46,296.7,服装,线下
2024-05-31,18094.24,140,129.24,服装,小程序
2024-05-31,8539.75,132,64.7,服装,APP
2024-05-31,9720.0,51,190.59,图书,线上
2024-05-31,14013.73,136,103.04,图书,线下
2024-05-31,7149.38,107,66.82,图书,小程序
2024-05-31,19928.66,30,664.29,图书,APP
2024-05-31,11184.31,85,131.58,家居,线上
2024-05-31,6426.09,139,46.23,家居,线下
2024-05-31,11970.82,63,190.01,家居,小程序
2024-05-31,19946.49,144,138.52,家居,APP
2024-05-31,17860.48,77,231.95,食品,线上
2024-05-31,13687.49,42,325.89,食品,线下
2024-05-31,22095.91,112,197.28,食品,小程序
2024-05-31,8701.12,146,59.6,食品,APP
2024-05-31,19246.34,130,148.05,美妆,线上
2024-05-31,11895.79,46,258.6,美妆,线下
2024-05-31,19750.35,91,217.04,美妆,小程序
2024-05-31,19345.8,90,214.95,美妆,APP
2024-06-01,20532.79,150,136.89,电子产品,线上
2024-06-01,10292.43,84,122.53,电子产品,线下
2024-06-01,21926.06,41,534.78,电子产品,小程序
2024-06-01,4675.2,144,32.47,电子产品,APP
2024-06-01,8761.7,146,60.01,服装,线上
2024-06-01,8381.96,131,63.98,服装,线下
2024-06-01,16281.19,46,353.94,服装,小程序
2024-06-01,22178.84,144,154.02,服装,APP
2024-06-01,14414.89,116,124.27,图书,线上
2024-06-01,15232.08,117,130.19,图书,线下
2024-06-01,5193.98,47,110.51,图书,小程序
2024-06-01,14942.51,45,332.06,图书,APP
2024-06-01,14680.81,50,293.62,家居,线上
2024-06-01,21635.2,81,267.1,家居,线下
2024-06-01,10859.14,127,85.51,家居,小程序
2024-06-01,18942.28,30,631.41,家居,APP
2024-06-01,10620.93,132,80.46,食品,线上
2024-06-01,19599.29,29,675.84,食品,线下
2024-06-01,21163.42,130,162.8,食品,小程序
2024-06-01,16342.36,26,628.55,食品,APP
2024-06-01,8286.85,66,125.56,美妆,线上
2024-06-01,4874.68,104,46.87,美妆,线下
2024-06-01,6202.24,125,49.62,美妆,小程序
2024-06-01,18704.21,136,137.53,美妆,APP
2024-06-02,19627.4,84,233.66,电子产品,线上
2024-06-02,10864.74,108,100.6,电子产品,线下
2024-06-02,10753.86,83,129.56,电子产品,小程序
2024-06-02,9401.62,32,293.8,电子产品,APP
2024-06-02,10256.39,87,117.89,服装,线上
2024-06-02,18184.59,61,298.11,服装,线下
2024-06-02,8201.03,102,80.4,服装,小程序
2024-06-02,17686.4,109,162.26,服装,APP
2024-06-02,18405.2,64,287.58,图书,线上
2024-06-02,19543.31,42,465.32,图书,线下
2024-06-02,10421.54,78,133.61,图书,小程序
2024-06-02,10113.96,98,103.2,图书,APP
2024-06-02,6271.49,43,145.85,家居,线上
2024-06-02,15878.79,100,158.79,家居,线下
2024-06-02,15563.67,67,232.29,家居,小程序
2024-06-02,17969.53,71,253.09,家居,APP
2024-06-02,9188.25,144,63.81,食品,线上
2024-06-02,10722.01,132,81.23,食品,线下
2024-06-02,20454.86,60,340.91,食品,小程序
2024-06-02,21588.98,102,211.66,食品,APP
2024-06-02,4747.43,68,69.82,美妆,线上
2024-06-02,14850.41,149,99.67,美妆,线下
2024-06-02,16963.8,95,178.57,美妆,小程序
2024-06-02,17973.21,65,276.51,美妆,APP
2024-06-03,11613.82,39,297.79,电子产品,线上
2024-06-03,8040.77,43,186.99,电子产品,线下
2024-06-03,17236.28,123,140.13,电子产品,小程序
2024-06-03,19755.29,57,346.58,电子产品,APP
2024-06-03,17311.96,110,157.38,服装,线上
2024-06-03,11592.05,118,98.24,服装,线下
2024-06-03,6338.17,95,66.72,服装,小程序
2024-06-03,15475.39,41,377.45,服装,APP
2024-06-03,10285.07,77,133.57,图书,线上
2024-06-03,12412.57,30,413.75,图书,线下
2024-06-03,8888.26,59,150.65,图书,小程序
2024-06-03,16445.07,90,182.72,图书,APP
2024-06-03,4953.29,77,64.33,家居,线上
2024-06-03,19415.44,76,255.47,家居,线下
2024-06-03,8878.37,77,115.3,家居,小程序
2024-06-03,12373.5,75,164.98,家居,APP
2024-06-03,7086.48,95,74.59,食品,线上
2024-06-03,8848.41,25,353.94,食品,线下
2024-06-03,19850.68,143,138.82,食品,小程序
2024-06-03,19499.37,126,154.76,食品,APP
2024-06-03,14452.01,69,209.45,美妆,线上
2024-06-03,11871.06,122,97.3,美妆,线下
2024-06-03,15723.36,119,132.13,美妆,小程序
2024-06-03,17865.88,113,158.11,美妆,APP
2024-06-04,18955.88,87,217.88,电子产品,线上
2024-06-04,12259.92,113,108.49,电子产品,线下
2024-06-04,20694.63,80,258.68,电子产品,小程序
2024-06-04,10259.65,111,92.43,电子产品,APP
2024-06-04,5884.93,54,108.98,服装,线上
2024-06-04,10286.78,83,123.94,服装,线下
2024-06-04,18814.28,52,361.81,服装,小程序
2024-06-04,6237.28,149,41.86,服装,APP
2024-06-04,17245.1,100,172.45,图书,线上
2024-06-04,6384.59,78,81.85,图书,线下
2024-06-04,17456.58,77,226.71,图书,小程序
2024-06-04,12871.22,33,390.04,图书,APP
2024-06-04,12780.39,132,96.82,家居,线上
2024-06-04,13444.28,131,102.63,家居,线下
2024-06-04,5662.11,63,89.87,家居,小程序
2024-06-04,4896.58,134,36.54,家居,APP
2024-06-04,14557.48,34,428.16,食品,线上
2024-06-04,20618.85,142,145.2,食品,线下
2024-06-04,20110.24,57,352.81,食品,小程序
2024-06-04,5646.26,110,51.33,食品,APP
2024-06-04,5675.69,90,63.06,美妆,线上
2024-06-04,14751.06,27,546.34,美妆,线下
2024-06-04,17339.72,145,119.58,美妆,小程序
2024-06-04,12251.2,54,226.87,美妆,APP
2024-06-05,22333.01,75,297.77,电子产品,线上
2024-06-05,16472.37,99,166.39,电子产品,线下
2024-06-05,14242.97,97,146.83,电子产品,小程序
2024-06-05,10487.77,150,69.92,电子产品,APP
2024-06-05,21611.49,56,385.92,服装,线上
2024-06-05,18360.24,100,183.6,服装,线下
2024-06-05,20102.39,33,609.16,服装,小程序
2024-06-05,17381.32,111,156.59,服装,APP
2024-06-05,15129.13,38,398.13,图书,线上
2024-06-05,15606.12,125,124.85,图书,线下
2024-06-05,17711.32,69,256.69,图书,小程序
2024-06-05,9011.19,65,138.63,图书,APP
2024-06-05,19614.71,27,726.47,家居,线上
2024-06-05,16248.47,146,111.29,家居,线下
2024-06-05,17680.37,104,170.0,家居,小程序
2024-06-05,6126.2,123,49.81,家居,APP
2024-06-05,14886.24,119,125.09,食品,线上
2024-06-05,19057.82,117,162.89,食品,线下
2024-06-05,17097.71,55,310.87,食品,小程序
2024-06-05,19822.94,66,300.35,食品,APP
2024-06-05,6248.28,110,56.8,美妆,线上
2024-06-05,7721.5,130,59.4,美妆,线下
2024-06-05,20397.41,147,138.76,美妆,小程序
2024-06-05,6155.63,86,71.58,美妆,APP
2024-06-06,11815.04,78,151.47,电子产品,线上
2024-06-06,10904.06,40,272.6,电子产品,线下
2024-06-06,10695.84,44,243.09,电子产品,小程序
2024-06-06,14035.74,25,561.43,电子产品,APP
2024-06-06,20482.3,35,585.21,服装,线上
2024-06-06,22345.14,35,638.43,服装,线下
2024-06-06,16916.69,44,384.47,服装,小程序
2024-06-06,7590.63,23,330.03,服装,APP
2024-06-06,4618.82,118,39.14,图书,线上
2024-06-06,10089.04,115,87.73,图书,线下
2024-06-06,20120.59,64,314.38,图书,小程序
2024-06-06,7952.81,147,54.1,图书,APP
2024-06-06,7831.38,75,104.42,家居,线上
2024-06-06,22232.04,44,505.27,家居,线下
2024-06-06,20351.63,59,344.94,家居,小程序
2024-06-06,15411.46,65,237.1,家居,APP
2024-06-06,20702.4,65,318.5,食品,线上
2024-06-06,13735.78,133,103.28,食品,线下
2024-06-06,5084.6,29,175.33,食品,小程序
2024-06-06,21497.83,50,429.96,食品,APP
2024-06-06,19174.67,99,193.68,美妆,线上
2024-06-06,21493.1,47,457.3,美妆,线下
2024-06-06,10865.13,66,164.62,美妆,小程序
2024-06-06,15237.13,62,245.76,美妆,APP
2024-06-07,20944.13,147,142.48,电子产品,线上
2024-06-07,8069.34,59,136.77,电子产品,线下
2024-06-07,22712.4,106,214.27,电子产品,小程序
2024-06-07,21628.56,119,181.75,电子产品,APP
2024-06-07,18828.87,49,384.26,服装,线上
2024-06-07,16728.37,36,464.68,服装,线下
2024-06-07,10712.94,113,94.8,服装,小程序
2024-06-07,7126.52,145,49.15,服装,APP
2024-06-07,7981.58,123,64.89,图书,线上
2024-06-07,5309.46,35,151.7,图书,线下
2024-06-07,21242.39,142,149.59,图书,小程序
2024-06-07,19317.68,45,429.28,图书,APP
2024-06-07,19988.97,43,464.86,家居,线上
2024-06-07,16633.82,102,163.08,家居,线下
2024-06-07,21156.02,120,176.3,家居,小程序
2024-06-07,18334.71,71,258.24,家居,APP
2024-06-07,9697.22,54,179.58,食品,线上
2024-06-07,12707.89,70,181.54,食品,线下
2024-06-07,9886.55,129,76.64,食品,小程序
2024-06-07,11912.79,116,102.7,食品,APP
2024-06-07,6052.35,26,232.78,美妆,线上
2024-06-07,13496.96,102,132.32,美妆,线下
2024-06-07,14771.81,119,124.13,美妆,小程序
2024-06-07,10122.14,93,108.84,美妆,APP
2024-06-08,18661.27,34,548.86,电子产品,线上
2024-06-08,14213.82,30,473.79,电子产品,线下
2024-06-08,8008.2,42,190.67,电子产品,小程序
2024-06-08,10184.3,64,159.13,电子产品,APP
2024-06-08,16286.48,32,508.95,服装,线上
2024-06-08,14337.06,32,448.03,服装,线下
2024-06-08,22242.84,118,188.5,服装,小程序
2024-06-08,8011.12,33,242.76,服装,APP
2024-06-08,19628.36,131,149.83,图书,线上
2024-06-08,18070.77,65,278.01,图书,线下
2024-06-08,13870.07,31,447.42,图书,小程序
2024-06-08,21217.2,45,471.49,图书,APP
2024-06-08,12928.42,67,192.96,家居,线上
2024-06-08,20882.57,101,206.76,家居,线下
2024-06-08,5903.86,72,82.0,家居,小程序
2024-06-08,13623.82,23,592.34,家居,APP
2024-06-08,5396.95,117,46.13,食品,线上
2024-06-08,8336.34,49,170.13,食品,线下
2024-06-08,21466.73,21,1022.23,食品,小程序
2024-06-08,21102.66,104,202.91,食品,APP
2024-06-08,22565.19,119,189.62,美妆,线上
2024-06-08,19680.02,115,171.13,美妆,线下
2024-06-08,21343.73,122,174.95,美妆,小程序
2024-06-08,5388.23,56,96.22,美妆,APP
2024-06-09,15576.29,86,181.12,电子产品,线上
2024-06-09,20773.45,128,162.29,电子产品,线下
2024-06-09,17074.62,99,172.47,电子产品,小程序
2024-06-09,8347.89,89,93.8,电子产品,APP
2024-06-09,12097.7,22,549.9,服装,线上
2024-06-09,12220.37,125,97.76,服装,线下
2024-06-09,11509.12,68,169.25,服装,小程序
2024-06-09,19576.53,144,135.95,服装,APP
2024-06-09,9238.86,22,419.95,图书,线上
2024-06-09,16086.21,121,132.94,图书,线下
2024-06-09,5355.1,134,39.96,图书,小程序
2024-06-09,6953.36,77,90.3,图书,APP
2024-06-09,5882.26,49,120.05,家居,线上
2024-06-09,6703.59,145,46.23,家居,线下
2024-06-09,5808.41,103,56.39,家居,小程序
2024-06-09,7659.51,85,90.11,家居,APP
2024-06-09,22119.98,121,182.81,食品,线上
2024-06-09,9814.77,93,105.54,食品,线下
2024-06-09,9812.9,86,114.1,食品,小程序
2024-06-09,6579.05,50,131.58,食品,APP
2024-06-09,11835.32,71,166.69,美妆,线上
2024-06-09,22026.24,147,149.84,美妆,线下
2024-06-09,8272.86,29,285.27,美妆,小程序
2024-06-09,13194.3,47,280.73,美妆,APP
2024-06-10,6658.51,29,229.6,电子产品,线上
2024-06-10,19954.79,67,297.83,电子产品,线下
2024-06-10,6146.35,37,166.12,电子产品,小程序
2024-06-10,9059.97,114,79.47,电子产品,APP
2024-06-10,12677.62,56,226.39,服装,线上
2024-06-10,12749.75,30,424.99,服装,线下
2024-06-10,16818.71,148,113.64,服装,小程序
2024-06-10,18733.2,68,275.49,服装,APP
2024-06-10,18765.61,101,185.8,图书,线上
2024-06-10,5412.15,23,235.31,图书,线下
2024-06-10,22082.64,107,206.38,图书,小程序
2024-06-10,20441.04,84,243.35,图书,APP
2024-06-10,21589.81,109,198.07,家居,线上
2024-06-10,13118.44,34,385.84,家居,线下
2024-06-10,11815.44,59,200.26,家居,小程序
2024-06-10,22050.07,149,147.99,家居,APP
2024-06-10,5778.63,67,86.25,食品,线上
2024-06-10,16161.66,105,153.92,食品,线下
2024-06-10,16729.09,132,126.74,食品,小程序
2024-06-10,5072.27,132,38.43,食品,APP
2024-06-10,5884.27,82,71.76,美妆,线上
2024-06-10,15690.87,93,168.72,美妆,线下
2024-06-10,14865.35,56,265.45,美妆,小程序
2024-06-10,14686.09,101,145.41,美妆,APP
2024-06-11,5672.92,36,157.58,电子产品,线上
2024-06-11,12205.85,24,508.58,电子产品,线下
2024-06-11,16065.23,63,255.0,电子产品,小程序
2024-06-11,18016.42,102,176.63,电子产品,APP
2024-06-11,11474.3,56,204.9,服装,线上
2024-06-11,21298.32,79,269.6,服装,线下
2024-06-11,4733.12,20,236.66,服装,小程序
2024-06-11,15031.78,119,126.32,服装,APP
2024-06-11,18841.63,50,376.83,图书,线上
2024-06-11,20474.95,29,706.03,图书,线下
2024-06-11,15048.93,38,396.02,图书,小程序
2024-06-11,4990.05,141,35.39,图书,APP
2024-06-11,21958.46,118,186.09,家居,线上
2024-06-11,9848.45,119,82.76,家居,线下
2024-06-11,12941.01,80,161.76,家居,小程序
2024-06-11,17254.42,84,205.41,家居,APP
2024-06-11,11007.73,136,80.94,食品,线上
2024-06-11,13485.85,59,228.57,食品,线下
2024-06-11,13025.2,112,116.3,食品,小程序
2024-06-11,8764.07,93,94.24,食品,APP
2024-06-11,16407.53,64,256.37,美妆,线上
2024-06-11,22436.19,119,188.54,美妆,线下
2024-06-11,23103.9,61,378.75,美妆,小程序
2024-06-11,11431.87,25,457.27,美妆,APP
2024-06-12,12658.44,96,131.86,电子产品,线上
2024-06-12,7315.47,137,53.4,电子产品,线下
2024-06-12,12261.74,78,157.2,电子产品,小程序
2024-06-12,22977.63,52,441.88,电子产品,APP
2024-06-12,20241.57,110,184.01,服装,线上
2024-06-12,8505.99,123,69.15,服装,线下
2024-06-12,12461.7,126,98.9,服装,小程序
2024-06-12,13194.04,135,97.73,服装,APP
2024-06-12,12884.16,119,108.27,图书,线上
2024-06-12,13248.54,106,124.99,图书,线下
2024-06-12,10695.34,122,87.67,图书,小程序
2024-06-12,7113.65,72,98.8,图书,APP
2024-06-12,9209.83,68,135.44,家居,线上
2024-06-12,15195.75,113,134.48,家居,线下
2024-06-12,21359.71,124,172.26,家居,小程序
2024-06-12,11601.56,98,118.38,家居,APP
2024-06-12,8606.49,56,153.69,食品,线上
2024-06-12,13373.23,135,99.06,食品,线下
2024-06-12,10218.31,125,81.75,食品,小程序
2024-06-12,5586.83,75,74.49,食品,APP
2024-06-12,10912.07,60,181.87,美妆,线上
2024-06-12,16890.35,130,129.93,美妆,线下
2024-06-12,7990.07,133,60.08,美妆,小程序
2024-06-12,5084.56,72,70.62,美妆,APP
2024-06-13,11854.6,64,185.23,电子产品,线上
2024-06-13,9754.77,59,165.34,电子产品,线下
2024-06-13,16612.82,70,237.33,电子产品,小程序
2024-06-13,7468.8,101,73.95,电子产品,APP
2024-06-13,13394.44,53,252.73,服装,线上
2024-06-13,18875.4,144,131.08,服装,线下
2024-06-13,10554.33,29,363.94,服装,小程序
2024-06-13,17264.32,36,479.56,服装,APP
2024-06-13,6258.43,22,284.47,图书,线上
2024-06-13,21812.19,33,660.98,图书,线下
2024-06-13,10839.41,43,252.08,图书,小程序
2024-06-13,10499.89,111,94.59,图书,APP
2024-06-13,8444.12,58,145.59,家居,线上
2024-06-13,22516.5,98,229.76,家居,线下
2024-06-13,20330.42,112,181.52,家居,小程序
2024-06-13,16277.18,100,162.77,家居,APP
2024-06-13,15535.61,134,115.94,食品,线上
2024-06-13,13515.74,64,211.18,食品,线下
2024-06-13,10060.86,45,223.57,食品,小程序
2024-06-13,19615.71,60,326.93,食品,APP
2024-06-13,21451.41,58,369.85,美妆,线上
2024-06-13,7703.17,50,154.06,美妆,线下
2024-06-13,14582.29,124,117.6,美妆,小程序
2024-06-13,7610.41,140,54.36,美妆,APP
2024-06-14,17774.3,91,195.32,电子产品,线上
2024-06-14,17589.07,83,211.92,电子产品,线下
2024-06-14,22943.86,57,402.52,电子产品,小程序
2024-06-14,21691.25,44,492.98,电子产品,APP
2024-06-14,18818.67,54,348.49,服装,线上
2024-06-14,21149.46,141,150.0,服装,线下
2024-06-14,11777.08,63,186.94,服装,小程序
2024-06-14,19033.2,112,169.94,服装,APP
2024-06-14,22098.38,66,334.82,图书,线上
2024-06-14,13048.85,25,521.95,图书,线下
2024-06-14,22834.8,108,211.43,图书,小程序
2024-06-14,21249.99,41,518.29,图书,APP
2024-06-14,21266.58,37,574.77,家居,线上
2024-06-14,7994.64,96,83.28,家居,线下
2024-06-14,17353.47,58,299.2,家居,小程序
2024-06-14,6754.69,70,96.5,家居,APP
2024-06-14,22671.6,102,222.27,食品,线上
2024-06-14,10148.71,41,247.53,食品,线下
2024-06-14,11315.67,146,77.5,食品,小程序
2024-06-14,4976.69,126,39.5,食品,APP
2024-06-14,23235.35,113,205.62,美妆,线上
2024-06-14,20607.19,69,298.65,美妆,线下
2024-06-14,14285.55,26,549.44,美妆,小程序
2024-06-14,13839.93,62,223.22,美妆,APP
2024-06-15,5673.27,81,70.04,电子产品,线上
2024-06-15,17855.38,87,205.23,电子产品,线下
2024-06-15,13129.39,130,101.0,电子产品,小程序
2024-06-15,11036.5,89,124.01,电子产品,APP
2024-06-15,18784.92,137,137.12,服装,线上
2024-06-15,17083.24,105,162.7,服装,线下
2024-06-15,15051.9,53,284.0,服装,小程序
2024-06-15,21077.48,22,958.07,服装,APP
2024-06-15,18496.45,24,770.69,图书,线上
2024-06-15,10382.64,71,146.23,图书,线下
2024-06-15,21687.89,117,185.37,图书,小程序
2024-06-15,11992.26,89,134.74,图书,APP
2024-06-15,17786.65,105,169.4,家居,线上
2024-06-15,11586.45,128,90.52,家居,线下
2024-06-15,12345.38,107,115.38,家居,小程序
2024-06-15,7182.24,108,66.5,家居,APP
2024-06-15,18204.83,69,263.84,食品,线上
2024-06-15,13878.9,88,157.71,食品,线下
2024-06-15,6261.14,135,46.38,食品,小程序
2024-06-15,21955.41,41,535.5,食品,APP
2024-06-15,19827.06,101,196.31,美妆,线上
2024-06-15,20879.09,49,426.1,美妆,线下
2024-06-15,5128.43,52,98.62,美妆,小程序
2024-06-15,19841.18,47,422.15,美妆,APP
2024-06-16,9296.03,65,143.02,电子产品,线上
2024-06-16,11755.57,59,199.25,电子产品,线下
2024-06-16,15499.18,80,193.74,电子产品,小程序
2024-06-16,19402.08,39,497.49,电子产品,APP
2024-06-16,4896.27,23,212.88,服装,线上
2024-06-16,18603.03,107,173.86,服装,线下
2024-06-16,21123.45,38,555.88,服装,小程序
2024-06-16,7660.76,137,55.92,服装,APP
2024-06-16,16613.55,104,159.75,图书,线上
2024-06-16,19538.89,47,415.72,图书,线下
2024-06-16,16265.86,34,478.41,图书,小程序
2024-06-16,17992.88,71,253.42,图书,APP
2024-06-16,22025.65,40,550.64,家居,线上
2024-06-16,8213.87,43,191.02,家居,线下
2024-06-16,4786.82,79,60.59,家居,小程序
2024-06-16,8678.6,40,216.97,家居,APP
2024-06-16,12010.39,69,174.06,食品,线上
2024-06-16,13691.41,70,195.59,食品,线下
2024-06-16,18070.0,146,123.77,食品,小程序
2024-06-16,16131.83,67,240.77,食品,APP
2024-06-16,13562.54,35,387.5,美妆,线上
2024-06-16,13059.15,149,87.65,美妆,线下
2024-06-16,4833.44,65,74.36,美妆,小程序
2024-06-16,23085.22,87,265.35,美妆,APP
2024-06-17,7456.48,68,109.65,电子产品,线上
2024-06-17,17983.1,39,461.11,电子产品,线下
2024-06-17,8295.2,102,81.33,电子产品,小程序
2024-06-17,19049.24,78,244.22,电子产品,APP
2024-06-17,7807.28,95,82.18,服装,线上
2024-06-17,16120.12,149,108.19,服装,线下
2024-06-17,16859.18,75,224.79,服装,小程序
2024-06-17,12806.75,108,118.58,服装,APP
2024-06-17,18654.68,21,888.32,图书,线上
2024-06-17,17128.88,84,203.92,图书,线下
2024-06-17,10060.46,61,164.93,图书,小程序
2024-06-17,5956.46,36,165.46,图书,APP
2024-06-17,14082.64,35,402.36,家居,线上
2024-06-17,16466.38,130,126.66,家居,线下
2024-06-17,6246.06,134,46.61,家居,小程序
2024-06-17,4959.7,42,118.09,家居,APP
2024-06-17,10759.91,112,96.07,食品,线上
2024-06-17,17947.31,36,498.54,食品,线下
2024-06-17,15507.67,101,153.54,食品,小程序
2024-06-17,13266.07,142,93.42,食品,APP
2024-06-17,11745.14,96,122.35,美妆,线上
2024-06-17,19184.14,100,191.84,美妆,线下
2024-06-17,15066.9,68,221.57,美妆,小程序
2024-06-17,9050.77,63,143.66,美妆,APP
2024-06-18,5562.19,110,50.57,电子产品,线上
2024-06-18,12536.93,138,90.85,电子产品,线下
2024-06-18,10914.75,123,88.74,电子产品,小程序
2024-06-18,13561.04,138,98.27,电子产品,APP
2024-06-18,13343.5,56,238.28,服装,线上
2024-06-18,18772.35,118,159.09,服装,线下
2024-06-18,12724.4,26,489.4,服装,小程序
2024-06-18,21347.31,101,211.36,服装,APP
2024-06-18,11999.62,58,206.89,图书,线上
2024-06-18,12340.93,23,536.56,图书,线下
2024-06-18,13005.34,64,203.21,图书,小程序
2024-06-18,7620.96,67,113.75,图书,APP
2024-06-18,8874.31,24,369.76,家居,线上
2024-06-18,12186.5,58,210.11,家居,线下
2024-06-18,9898.51,70,141.41,家居,小程序
2024-06-18,5162.76,120,43.02,家居,APP
2024-06-18,7759.26,91,85.27,食品,线上
2024-06-18,9078.51,144,63.05,食品,线下
2024-06-18,16282.3,147,110.76,食品,小程序
2024-06-18,12976.36,60,216.27,食品,APP
2024-06-18,14011.76,35,400.34,美妆,线上
2024-06-18,11465.87,47,243.95,美妆,线下
2024-06-18,6022.19,102,59.04,美妆,小程序
2024-06-18,18167.38,94,193.27,美妆,APP
2024-06-19,7467.83,146,51.15,电子产品,线上
2024-06-19,20098.89,126,159.51,电子产品,线下
2024-06-19,14125.91,98,144.14,电子产品,小程序
2024-06-19,16815.66,106,158.64,电子产品,APP
2024-06-19,16795.64,129,130.2,服装,线上
2024-06-19,16436.39,53,310.12,服装,线下
2024-06-19,14872.35,107,138.99,服装,小程序
2024-06-19,18594.46,52,357.59,服装,APP
2024-06-19,11818.87,141,83.82,图书,线上
2024-06-19,5973.17,134,44.58,图书,线下
2024-06-19,11827.28,83,142.5,图书,小程序
2024-06-19,8764.58,103,85.09,图书,APP
2024-06-19,17898.66,100,178.99,家居,线上
2024-06-19,16860.73,141,119.58,家居,线下
2024-06-19,19778.11,107,184.84,家居,小程序
2024-06-19,15780.04,104,151.73,家居,APP
2024-06-19,18090.33,52,347.89,食品,线上
2024-06-19,23186.38,78,297.26,食品,线下
2024-06-19,18276.81,80,228.46,食品,小程序
2024-06-19,20283.93,83,244.38,食品,APP
2024-06-19,14089.3,140,100.64,美妆,线上
2024-06-19,21757.27,100,217.57,美妆,线下
2024-06-19,14516.08,44,329.91,美妆,小程序
2024-06-19,12096.92,57,212.23,美妆,APP
2024-06-20,16728.75,40,418.22,电子产品,线上
2024-06-20,14921.63,138,108.13,电子产品,线下
2024-06-20,16326.48,88,185.53,电子产品,小程序
2024-06-20,6068.82,119,51.0,电子产品,APP
2024-06-20,19674.38,90,218.6,服装,线上
2024-06-20,18419.63,113,163.01,服装,线下
2024-06-20,21021.32,35,600.61,服装,小程序
2024-06-20,13859.07,77,179.99,服装,APP
2024-06-20,16909.96,103,164.17,图书,线上
2024-06-20,11607.56,143,81.17,图书,线下
2024-06-20,15546.7,89,174.68,图书,小程序
2024-06-20,23106.55,144,160.46,图书,APP
2024-06-20,23654.54,71,333.16,家居,线上
2024-06-20,20568.7,68,302.48,家居,线下
2024-06-20,23126.81,50,462.54,家居,小程序
2024-06-20,10448.1,35,298.52,家居,APP
2024-06-20,18871.3,69,273.5,食品,线上
2024-06-20,14811.84,149,99.41,食品,线下
2024-06-20,10196.04,116,87.9,食品,小程序
2024-06-20,12887.15,22,585.78,食品,APP
2024-06-20,10497.07,72,145.79,美妆,线上
2024-06-20,7545.87,26,290.23,美妆,线下
2024-06-20,5339.16,127,42.04,美妆,小程序
2024-06-20,6294.48,139,45.28,美妆,APP
2024-06-21,19718.11,57,345.93,电子产品,线上
2024-06-21,13391.85,117,114.46,电子产品,线下
2024-06-21,15478.98,133,116.38,电子产品,小程序
2024-06-21,19384.89,47,412.44,电子产品,APP
2024-06-21,22814.93,136,167.76,服装,线上
2024-06-21,10109.93,136,74.34,服装,线下
2024-06-21,10279.34,52,197.68,服装,小程序
2024-06-21,11010.57,24,458.77,服装,APP
2024-06-21,7187.48,103,69.78,图书,线上
2024-06-21,15427.29,114,135.33,图书,线下
2024-06-21,7530.37,116,64.92,图书,小程序
2024-06-21,15380.24,131,117.41,图书,APP
2024-06-21,17229.44,121,142.39,家居,线上
2024-06-21,8227.09,28,293.82,家居,线下
2024-06-21,17177.4,102,168.41,家居,小程序
2024-06-21,15677.98,30,522.6,家居,APP
2024-06-21,21783.79,34,640.7,食品,线上
2024-06-21,18698.95,53,352.81,食品,线下
2024-06-21,14352.8,37,387.91,食品,小程序
2024-06-21,7494.97,46,162.93,食品,APP
2024-06-21,14854.57,80,185.68,美妆,线上
2024-06-21,6571.3,112,58.67,美妆,线下
2024-06-21,23495.72,106,221.66,美妆,小程序
2024-06-21,6365.61,107,59.49,美妆,APP
2024-06-22,19311.95,146,132.27,电子产品,线上
2024-06-22,12552.9,35,358.65,电子产品,线下
2024-06-22,14947.86,121,123.54,电子产品,小程序
2024-06-22,18226.31,42,433.96,电子产品,APP
2024-06-22,20537.48,134,153.26,服装,线上
2024-06-22,7893.04,86,91.78,服装,线下
2024-06-22,9211.62,34,270.93,服装,小程序
2024-06-22,17264.85,26,664.03,服装,APP
2024-06-22,5836.57,77,75.8,图书,线上
2024-06-22,14060.53,30,468.68,图书,线下
2024-06-22,9049.63,79,114.55,图书,小程序
2024-06-22,23153.99,55,420.98,图书,APP
2024-06-22,14482.92,102,141.99,家居,线上
2024-06-22,12301.39,121,101.66,家居,线下
2024-06-22,5195.43,94,55.27,家居,小程序
2024-06-22,14321.68,126,113.66,家居,APP
2024-06-22,15437.03,30,514.57,食品,线上
2024-06-22,8685.39,29,299.5,食品,线下
2024-06-22,8853.5,145,61.06,食品,小程序
2024-06-22,4961.89,40,124.05,食品,APP
2024-06-22,16045.85,114,140.75,美妆,线上
2024-06-22,14648.18,62,236.26,美妆,线下
2024-06-22,12487.72,58,215.31,美妆,小程序
2024-06-22,15170.73,92,164.9,美妆,APP
2024-06-23,9987.54,115,86.85,电子产品,线上
2024-06-23,14737.45,60,245.62,电子产品,线下
2024-06-23,21011.88,85,247.2,电子产品,小程序
2024-06-23,11320.88,103,109.91,电子产品,APP
2024-06-23,22234.17,120,185.28,服装,线上
2024-06-23,7150.39,93,76.89,服装,线下
2024-06-23,13590.23,134,101.42,服装,小程序
2024-06-23,16528.85,123,134.38,服装,APP
2024-06-23,8804.94,48,183.44,图书,线上
2024-06-23,5649.15,47,120.19,图书,线下
2024-06-23,19229.76,72,267.08,图书,小程序
2024-06-23,8718.79,96,90.82,图书,APP
2024-06-23,20975.22,74,283.45,家居,线上
2024-06-23,22015.77,97,226.97,家居,线下
2024-06-23,11833.24,33,358.58,家居,小程序
2024-06-23,17390.04,78,222.95,家居,APP
2024-06-23,15821.47,84,188.35,食品,线上
2024-06-23,9041.55,26,347.75,食品,线下
2024-06-23,10844.71,75,144.6,食品,小程序
2024-06-23,20910.48,105,199.15,食品,APP
2024-06-23,8839.08,119,74.28,美妆,线上
2024-06-23,18787.3,137,137.13,美妆,线下
2024-06-23,23905.74,62,385.58,美妆,小程序
2024-06-23,22677.55,142,159.7,美妆,APP
2024-06-24,15764.56,93,169.51,电子产品,线上
2024-06-24,20317.47,83,244.79,电子产品,线下
2024-06-24,6370.8,47,135.55,电子产品,小程序
2024-06-24,22055.81,27,816.88,电子产品,APP
2024-06-24,16900.91,22,768.22,服装,线上
2024-06-24,23268.53,20,1163.43,服装,线下
2024-06-24,10760.38,117,91.97,服装,小程序
2024-06-24,19029.31,60,317.16,服装,APP
2024-06-24,6751.07,114,59.22,图书,线上
2024-06-24,9046.76,68,133.04,图书,线下
2024-06-24,23738.13,115,206.42,图书,小程序
2024-06-24,6340.19,126,50.32,图书,APP
2024-06-24,17568.75,96,183.01,家居,线上
2024-06-24,19839.98,50,396.8,家居,线下
2024-06-24,10733.23,87,123.37,家居,小程序
2024-06-24,13744.44,72,190.9,家居,APP
2024-06-24,7200.04,27,266.67,食品,线上
2024-06-24,21975.67,141,155.86,食品,线下
2024-06-24,8254.92,48,171.98,食品,小程序
2024-06-24,6534.53,80,81.68,食品,APP
2024-06-24,13711.72,89,154.06,美妆,线上
2024-06-24,10111.4,142,71.21,美妆,线下
2024-06-24,6091.02,59,103.24,美妆,小程序
2024-06-24,9050.01,121,74.79,美妆,APP
2024-06-25,18111.37,27,670.79,电子产品,线上
2024-06-25,5604.28,130,43.11,电子产品,线下
2024-06-25,21086.26,125,168.69,电子产品,小程序
2024-06-25,8294.81,23,360.64,电子产品,APP
2024-06-25,16135.19,31,520.49,服装,线上
2024-06-25,17693.55,91,194.43,服装,线下
2024-06-25,18733.6,142,131.93,服装,小程序
2024-06-25,8834.94,88,100.4,服装,APP
2024-06-25,5355.49,89,60.17,图书,线上
2024-06-25,23676.8,68,348.19,图书,线下
2024-06-25,9461.8,134,70.61,图书,小程序
2024-06-25,20694.04,31,667.55,图书,APP
2024-06-25,21926.81,131,167.38,家居,线上
2024-06-25,15787.49,145,108.88,家居,线下
2024-06-25,20335.13,32,635.47,家居,小程序
2024-06-25,10470.75,42,249.3,家居,APP
2024-06-25,16550.66,136,121.7,食品,线上
2024-06-25,20896.23,61,342.56,食品,线下
2024-06-25,12163.79,115,105.77,食品,小程序
2024-06-25,19051.65,57,334.24,食品,APP
2024-06-25,11138.09,108,103.13,美妆,线上
2024-06-25,12822.15,122,105.1,美妆,线下
2024-06-25,12141.2,108,112.42,美妆,小程序
2024-06-25,19854.05,57,348.32,美妆,APP
2024-06-26,20848.15,146,142.8,电子产品,线上
2024-06-26,18134.62,124,146.25,电子产品,线下
2024-06-26,11956.31,130,91.97,电子产品,小程序
2024-06-26,6590.95,84,78.46,电子产品,APP
2024-06-26,22230.12,105,211.72,服装,线上
2024-06-26,23012.68,139,165.56,服装,线下
2024-06-26,13728.02,62,221.42,服装,小程序
2024-06-26,22327.46,107,208.67,服装,APP
2024-06-26,14816.91,57,259.95,图书,线上
2024-06-26,16627.8,60,277.13,图书,线下
2024-06-26,21570.44,55,392.19,图书,小程序
2024-06-26,24041.4,72,333.91,图书,APP
2024-06-26,21053.02,121,173.99,家居,线上
2024-06-26,6498.83,127,51.17,家居,线下
2024-06-26,22150.8,148,149.67,家居,小程序
2024-06-26,15554.35,46,338.14,家居,APP
2024-06-26,16170.8,85,190.24,食品,线上
2024-06-26,23204.39,62,374.26,食品,线下
2024-06-26,19388.38,105,184.65,食品,小程序
2024-06-26,14480.49,103,140.59,食品,APP
2024-06-26,19234.47,115,167.26,美妆,线上
2024-06-26,15641.6,121,129.27,美妆,线下
2024-06-26,15145.39,120,126.21,美妆,小程序
2024-06-26,9189.08,109,84.3,美妆,APP
2024-06-27,19660.42,47,418.31,电子产品,线上
2024-06-27,9356.35,136,68.8,电子产品,线下
2024-06-27,7977.64,68,117.32,电子产品,小程序
2024-06-27,18999.24,149,127.51,电子产品,APP
2024-06-27,20645.76,146,141.41,服装,线上
2024-06-27,7754.54,38,204.07,服装,线下
2024-06-27,18581.1,98,189.6,服装,小程序
2024-06-27,9671.33,123,78.63,服装,APP
2024-06-27,10871.3,73,148.92,图书,线上
2024-06-27,15573.11,44,353.93,图书,线下
2024-06-27,23627.1,68,347.46,图书,小程序
2024-06-27,5378.17,27,199.19,图书,APP
2024-06-27,10732.21,73,147.02,家居,线上
2024-06-27,8567.81,38,225.47,家居,线下
2024-06-27,6233.87,135,46.18,家居,小程序
2024-06-27,23616.52,128,184.5,家居,APP
2024-06-27,23495.82,123,191.02,食品,线上
2024-06-27,5123.78,96,53.37,食品,线下
2024-06-27,11663.99,115,101.43,食品,小程序
2024-06-27,9014.86,129,69.88,食品,APP
2024-06-27,17092.95,142,120.37,美妆,线上
2024-06-27,17406.82,30,580.23,美妆,线下
2024-06-27,18270.02,28,652.5,美妆,小程序
2024-06-27,14747.78,109,135.3,美妆,APP
2024-06-28,5547.13,141,39.34,电子产品,线上
2024-06-28,21932.21,118,185.87,电子产品,线下
2024-06-28,19795.45,45,439.9,电子产品,小程序
2024-06-28,13277.69,109,121.81,电子产品,APP
2024-06-28,23668.11,145,163.23,服装,线上
2024-06-28,24566.5,117,209.97,服装,线下
2024-06-28,5697.76,144,39.57,服装,小程序
2024-06-28,19916.48,42,474.2,服装,APP
2024-06-28,14307.42,43,332.73,图书,线上
2024-06-28,6572.01,44,149.36,图书,线下
2024-06-28,13909.0,106,131.22,图书,小程序
2024-06-28,9698.76,140,69.28,图书,APP
2024-06-28,5612.31,99,56.69,家居,线上
2024-06-28,15842.12,135,117.35,家居,线下
2024-06-28,9208.8,125,73.67,家居,小程序
2024-06-28,6808.65,52,130.94,家居,APP
2024-06-28,16647.48,27,616.57,食品,线上
2024-06-28,23399.99,133,175.94,食品,线下
2024-06-28,6298.34,66,95.43,食品,小程序
2024-06-28,14076.65,119,118.29,食品,APP
2024-06-28,20750.56,32,648.46,美妆,线上
2024-06-28,9932.18,50,198.64,美妆,线下
2024-06-28,18715.77,145,129.07,美妆,小程序
2024-06-28,8367.25,135,61.98,美妆,APP
2024-06-29,8281.26,61,135.76,电子产品,线上
2024-06-29,4416.8,104,42.47,电子产品,线下
2024-06-29,10313.39,59,174.8,电子产品,小程序
2024-06-29,18570.93,39,476.18,电子产品,APP
2024-06-29,6844.64,144,47.53,服装,线上
2024-06-29,7605.41,119,63.91,服装,线下
2024-06-29,15632.28,65,240.5,服装,小程序
2024-06-29,15582.33,31,502.66,服装,APP
2024-06-29,8416.7,77,109.31,图书,线上
2024-06-29,8992.67,146,61.59,图书,线下
2024-06-29,7295.88,133,54.86,图书,小程序
2024-06-29,16130.3,49,329.19,图书,APP
2024-06-29,5357.43,55,97.41,家居,线上
2024-06-29,5821.66,26,223.91,家居,线下
2024-06-29,10486.6,113,92.8,家居,小程序
2024-06-29,15915.7,130,122.43,家居,APP
2024-06-29,4122.99,114,36.17,食品,线上
2024-06-29,13484.84,47,286.91,食品,线下
2024-06-29,10189.84,28,363.92,食品,小程序
2024-06-29,8060.47,128,62.97,食品,APP
2024-06-29,4830.14,42,115.0,美妆,线上
2024-06-29,7814.7,111,70.4,美妆,线下
2024-06-29,11043.29,149,74.12,美妆,小程序
2024-06-29,17819.74,55,324.0,美妆,APP
2024-06-30,5679.75,61,93.11,电子产品,线上
2024-06-30,5149.56,67,76.86,电子产品,线下
2024-06-30,14002.11,134,104.49,电子产品,小程序
2024-06-30,13928.95,115,121.12,电子产品,APP
2024-06-30,12359.89,142,87.04,服装,线上
2024-06-30,4850.14,67,72.39,服装,线下
2024-06-30,12738.82,49,259.98,服装,小程序
2024-06-30,12395.07,79,156.9,服装,APP
2024-06-30,6926.45,96,72.15,图书,线上
2024-06-30,5866.58,120,48.89,图书,线下
2024-06-30,3998.58,35,114.25,图书,小程序
2024-06-30,11637.73,23,505.99,图书,APP
2024-06-30,5553.33,88,63.11,家居,线上
2024-06-30,12791.67,22,581.44,家居,线下
2024-06-30,8471.07,55,154.02,家居,小程序
2024-06-30,8718.84,82,106.33,家居,APP
2024-06-30,17001.8,74,229.75,食品,线上
2024-06-30,6715.49,141,47.63,食品,线下
2024-06-30,11149.07,74,150.66,食品,小程序
2024-06-30,5343.51,119,44.9,食品,APP
2024-06-30,12293.51,38,323.51,美妆,线上
2024-06-30,6064.03,52,116.62,美妆,线下
2024-06-30,16959.85,57,297.54,美妆,小程序
2024-06-30,17010.98,37,459.76,美妆,APP
2024-07-01,11190.28,38,294.48,电子产品,线上
2024-07-01,12550.74,83,151.21,电子产品,线下
2024-07-01,13485.46,125,107.88,电子产品,小程序
2024-07-01,16758.32,112,149.63,电子产品,APP
2024-07-01,18262.85,87,209.92,服装,线上
2024-07-01,10093.88,130,77.65,服装,线下
2024-07-01,4504.31,102,44.16,服装,小程序
2024-07-01,15848.89,27,587.0,服装,APP
2024-07-01,6806.32,115,59.19,图书,线上
2024-07-01,9853.75,77,127.97,图书,线下
2024-07-01,15356.44,52,295.32,图书,小程序
2024-07-01,11216.07,150,74.77,图书,APP
2024-07-01,17511.43,60,291.86,家居,线上
2024-07-01,7555.76,93,81.24,家居,线下
2024-07-01,11489.3,39,294.6,家居,小程序
2024-07-01,10499.09,27,388.86,家居,APP
2024-07-01,10261.89,41,250.29,食品,线上
2024-07-01,14677.75,57,257.5,食品,线下
2024-07-01,15730.27,30,524.34,食品,小程序
2024-07-01,9526.9,120,79.39,食品,APP
2024-07-01,8163.07,107,76.29,美妆,线上
2024-07-01,8511.59,103,82.64,美妆,线下
2024-07-01,17981.72,140,128.44,美妆,小程序
2024-07-01,11709.3,118,99.23,美妆,APP
2024-07-02,15561.52,55,282.94,电子产品,线上
2024-07-02,11111.42,43,258.41,电子产品,线下
2024-07-02,14542.12,107,135.91,电子产品,小程序
2024-07-02,12090.92,36,335.86,电子产品,APP
2024-07-02,7748.08,88,88.05,服装,线上
2024-07-02,18291.66,93,196.68,服装,线下
2024-07-02,13043.92,78,167.23,服装,小程序
2024-07-02,8697.42,102,85.27,服装,APP
2024-07-02,17875.47,68,262.87,图书,线上
2024-07-02,9245.2,98,94.34,图书,线下
2024-07-02,6825.18,105,65.0,图书,小程序
2024-07-02,11858.18,125,94.87,图书,APP
2024-07-02,8164.05,128,63.78,家居,线上
2024-07-02,14206.31,68,208.92,家居,线下
2024-07-02,15729.84,55,286.0,家居,小程序
2024-07-02,16253.96,95,171.09,家居,APP
2024-07-02,6796.13,112,60.68,食品,线上
2024-07-02,14869.55,102,145.78,食品,线下
2024-07-02,7020.09,138,50.87,食品,小程序
2024-07-02,12847.98,64,200.75,食品,APP
2024-07-02,5672.28,94,60.34,美妆,线上
2024-07-02,13726.08,72,190.64,美妆,线下
2024-07-02,13101.03,106,123.59,美妆,小程序
2024-07-02,6689.73,147,45.51,美妆,APP
2024-07-03,9697.58,120,80.81,电子产品,线上
2024-07-03,11394.19,89,128.02,电子产品,线下
2024-07-03,18347.61,137,133.92,电子产品,小程序
2024-07-03,12217.56,57,214.34,电子产品,APP
2024-07-03,7831.4,38,206.09,服装,线上
2024-07-03,7797.42,116,67.22,服装,线下
2024-07-03,16495.46,120,137.46,服装,小程序
2024-07-03,3929.73,68,57.79,服装,APP
2024-07-03,16478.03,85,193.86,图书,线上
2024-07-03,18275.02,136,134.38,图书,线下
2024-07-03,18382.79,90,204.25,图书,小程序
2024-07-03,11809.64,127,92.99,图书,APP
2024-07-03,6969.7,33,211.2,家居,线上
2024-07-03,19109.36,145,131.79,家居,线下
2024-07-03,13115.37,141,93.02,家居,小程序
2024-07-03,10662.27,100,106.62,家居,APP
2024-07-03,5732.36,66,86.85,食品,线上
2024-07-03,5786.23,33,175.34,食品,线下
2024-07-03,4515.74,37,122.05,食品,小程序
2024-07-03,8182.54,88,92.98,食品,APP
2024-07-03,5856.14,44,133.09,美妆,线上
2024-07-03,18243.09,128,142.52,美妆,线下
2024-07-03,7058.19,35,201.66,美妆,小程序
2024-07-03,4031.97,106,38.04,美妆,APP
2024-07-04,19120.86,90,212.45,电子产品,线上
2024-07-04,8325.59,81,102.79,电子产品,线下
2024-07-04,7488.65,88,85.1,电子产品,小程序
2024-07-04,18357.41,110,166.89,电子产品,APP
2024-07-04,17000.16,58,293.11,服装,线上
2024-07-04,4254.13,101,42.12,服装,线下
2024-07-04,15778.0,63,250.44,服装,小程序
2024-07-04,16453.77,118,139.44,服装,APP
2024-07-04,7062.43,24,294.27,图书,线上
2024-07-04,18772.32,43,436.57,图书,线下
2024-07-04,12799.44,89,143.81,图书,小程序
2024-07-04,16513.62,51,323.8,图书,APP
2024-07-04,5387.65,124,43.45,家居,线上
2024-07-04,7340.36,137,53.58,家居,线下
2024-07-04,13397.41,64,209.33,家居,小程序
2024-07-04,18198.03,91,199.98,家居,APP
2024-07-04,5570.05,81,68.77,食品,线上
2024-07-04,14356.76,131,109.59,食品,线下
2024-07-04,12930.32,118,109.58,食品,小程序
2024-07-04,10850.08,79,137.34,食品,APP
2024-07-04,5460.64,40,136.52,美妆,线上
2024-07-04,10263.59,133,77.17,美妆,线下
2024-07-04,10793.39,118,91.47,美妆,小程序
2024-07-04,17153.19,117,146.61,美妆,APP
2024-07-05,4274.22,89,48.02,电子产品,线上
2024-07-05,7125.02,145,49.14,电子产品,线下
2024-07-05,10749.48,107,100.46,电子产品,小程序
2024-07-05,8955.89,147,60.92,电子产品,APP
2024-07-05,11859.56,119,99.66,服装,线上
2024-07-05,17036.02,72,236.61,服装,线下
2024-07-05,9752.43,39,250.06,服装,小程序
2024-07-05,13321.64,116,114.84,服装,APP
2024-07-05,6549.75,123,53.25,图书,线上
2024-07-05,7156.37,100,71.56,图书,线下
2024-07-05,9444.1,90,104.93,图书,小程序
2024-07-05,7808.16,94,83.07,图书,APP
2024-07-05,17978.98,117,153.67,家居,线上
2024-07-05,13313.54,140,95.1,家居,线下
2024-07-05,18952.76,82,231.13,家居,小程序
2024-07-05,14018.66,36,389.41,家居,APP
2024-07-05,10993.63,25,439.75,食品,线上
2024-07-05,10001.48,108,92.61,食品,线下
2024-07-05,9542.02,25,381.68,食品,小程序
2024-07-05,11599.66,134,86.56,食品,APP
2024-07-05,18147.04,42,432.07,美妆,线上
2024-07-05,10760.63,109,98.72,美妆,线下
2024-07-05,7491.79,113,66.3,美妆,小程序
2024-07-05,18184.78,86,211.45,美妆,APP
2024-07-06,11455.81,63,181.84,电子产品,线上
2024-07-06,7376.96,70,105.39,电子产品,线下
2024-07-06,17232.56,117,147.29,电子产品,小程序
2024-07-06,9663.86,78,123.9,电子产品,APP
2024-07-06,5345.91,60,89.1,服装,线上
2024-07-06,5383.72,32,168.24,服装,线下
2024-07-06,7868.42,85,92.57,服装,小程序
2024-07-06,11055.94,95,116.38,服装,APP
2024-07-06,6158.27,131,47.01,图书,线上
2024-07-06,8310.63,67,124.04,图书,线下
2024-07-06,7533.45,99,76.1,图书,小程序
2024-07-06,6551.3,37,177.06,图书,APP
2024-07-06,7576.33,43,176.19,家居,线上
2024-07-06,13695.2,65,210.7,家居,线下
2024-07-06,8463.62,140,60.45,家居,小程序
2024-07-06,18743.9,62,302.32,家居,APP
2024-07-06,7645.98,70,109.23,食品,线上
2024-07-06,13407.28,39,343.78,食品,线下
2024-07-06,4990.69,45,110.9,食品,小程序
2024-07-06,8161.73,65,125.57,食品,APP
2024-07-06,12327.31,138,89.33,美妆,线上
2024-07-06,12633.7,114,110.82,美妆,线下
2024-07-06,15303.26,59,259.38,美妆,小程序
2024-07-06,12322.65,67,183.92,美妆,APP
2024-07-07,7828.36,22,355.83,电子产品,线上
2024-07-07,9089.24,63,144.27,电子产品,线下
2024-07-07,16052.47,25,642.1,电子产品,小程序
2024-07-07,11860.1,34,348.83,电子产品,APP
2024-07-07,10168.42,62,164.01,服装,线上
2024-07-07,4712.12,59,79.87,服装,线下
2024-07-07,17318.97,81,213.81,服装,小程序
2024-07-07,17558.27,114,154.02,服装,APP
2024-07-07,13012.31,91,142.99,图书,线上
2024-07-07,11251.9,136,82.73,图书,线下
2024-07-07,6714.84,48,139.89,图书,小程序
2024-07-07,15216.64,61,249.45,图书,APP
2024-07-07,14059.02,30,468.63,家居,线上
2024-07-07,5007.94,116,43.17,家居,线下
2024-07-07,6095.06,93,65.54,家居,小程序
2024-07-07,11226.11,145,77.42,家居,APP
2024-07-07,14649.56,121,121.07,食品,线上
2024-07-07,12640.38,123,102.77,食品,线下
2024-07-07,17986.37,139,129.4,食品,小程序
2024-07-07,19144.28,110,174.04,食品,APP
2024-07-07,16368.91,123,133.08,美妆,线上
2024-07-07,15820.0,124,127.58,美妆,线下
2024-07-07,6584.55,147,44.79,美妆,小程序
2024-07-07,5942.42,29,204.91,美妆,APP
2024-07-08,7248.18,114,63.58,电子产品,线上
2024-07-08,17322.7,49,353.52,电子产品,线下
2024-07-08,13554.19,125,108.43,电子产品,小程序
2024-07-08,10035.16,96,104.53,电子产品,APP
2024-07-08,9893.2,100,98.93,服装,线上
2024-07-08,11695.33,24,487.31,服装,线下
2024-07-08,7385.84,57,129.58,服装,小程序
2024-07-08,11103.9,55,201.89,服装,APP
2024-07-08,14262.92,97,147.04,图书,线上
2024-07-08,10253.91,56,183.11,图书,线下
2024-07-08,4225.84,78,54.18,图书,小程序
2024-07-08,18301.79,84,217.88,图书,APP
2024-07-08,11688.26,139,84.09,家居,线上
2024-07-08,15275.35,115,132.83,家居,线下
2024-07-08,17964.2,138,130.18,家居,小程序
2024-07-08,6034.91,33,182.88,家居,APP
2024-07-08,7858.52,57,137.87,食品,线上
2024-07-08,18196.69,45,404.37,食品,线下
2024-07-08,8652.55,33,262.2,食品,小程序
2024-07-08,9527.24,118,80.74,食品,APP
2024-07-08,18038.17,130,138.76,美妆,线上
2024-07-08,5205.37,95,54.79,美妆,线下
2024-07-08,9594.18,142,67.56,美妆,小程序
2024-07-08,4608.9,142,32.46,美妆,APP
2024-07-09,5063.12,104,48.68,电子产品,线上
2024-07-09,7066.4,149,47.43,电子产品,线下
2024-07-09,6627.67,45,147.28,电子产品,小程序
2024-07-09,6308.89,89,70.89,电子产品,APP
2024-07-09,4937.74,150,32.92,服装,线上
2024-07-09,7468.17,115,64.94,服装,线下
2024-07-09,4368.14,123,35.51,服装,小程序
2024-07-09,9306.11,137,67.93,服装,APP
2024-07-09,9511.41,103,92.34,图书,线上
2024-07-09,8523.53,33,258.29,图书,线下
2024-07-09,16750.2,51,328.44,图书,小程序
2024-07-09,18061.72,144,125.43,图书,APP
2024-07-09,10889.43,29,375.5,家居,线上
2024-07-09,14600.64,149,97.99,家居,线下
2024-07-09,5055.69,59,85.69,家居,小程序
2024-07-09,18849.09,116,162.49,家居,APP
2024-07-09,9244.14,132,70.03,食品,线上
2024-07-09,15638.42,88,177.71,食品,线下
2024-07-09,6277.22,70,89.67,食品,小程序
2024-07-09,5468.38,118,46.34,食品,APP
2024-07-09,8377.46,76,110.23,美妆,线上
2024-07-09,4651.0,97,47.95,美妆,线下
2024-07-09,4176.54,54,77.34,美妆,小程序
2024-07-09,7082.56,69,102.65,美妆,APP
2024-07-10,10684.14,58,184.21,电子产品,线上
2024-07-10,10833.33,85,127.45,电子产品,线下
2024-07-10,19851.86,73,271.94,电子产品,小程序
2024-07-10,4010.09,36,111.39,电子产品,APP
2024-07-10,6615.94,29,228.14,服装,线上
2024-07-10,8250.22,143,57.69,服装,线下
2024-07-10,16596.4,76,218.37,服装,小程序
2024-07-10,11495.82,62,185.42,服装,APP
2024-07-10,18801.92,146,128.78,图书,线上
2024-07-10,5829.27,137,42.55,图书,线下
2024-07-10,16991.35,107,158.8,图书,小程序
2024-07-10,13872.29,115,120.63,图书,APP
2024-07-10,17613.97,86,204.81,家居,线上
2024-07-10,13236.05,104,127.27,家居,线下
2024-07-10,14107.97,103,136.97,家居,小程序
2024-07-10,12430.5,91,136.6,家居,APP
2024-07-10,16903.31,82,206.14,食品,线上
2024-07-10,7621.12,25,304.84,食品,线下
2024-07-10,10944.75,89,122.97,食品,小程序
2024-07-10,9252.81,150,61.69,食品,APP
2024-07-10,8811.34,123,71.64,美妆,线上
2024-07-10,4821.81,96,50.23,美妆,线下
2024-07-10,16831.05,85,198.01,美妆,小程序
2024-07-10,5705.4,57,100.09,美妆,APP
2024-07-11,12939.99,76,170.26,电子产品,线上
2024-07-11,18175.89,83,218.99,电子产品,线下
2024-07-11,11482.59,59,194.62,电子产品,小程序
2024-07-11,18904.14,149,126.87,电子产品,APP
2024-07-11,9853.4,122,80.77,服装,线上
2024-07-11,10758.35,104,103.45,服装,线下
2024-07-11,8826.12,82,107.64,服装,小程序
2024-07-11,6629.75,143,46.36,服装,APP
2024-07-11,19264.84,36,535.13,图书,线上
2024-07-11,16475.55,34,484.57,图书,线下
2024-07-11,11020.88,130,84.78,图书,小程序
2024-07-11,6494.73,141,46.06,图书,APP
2024-07-11,19744.93,105,188.05,家居,线上
2024-07-11,19089.67,50,381.79,家居,线下
2024-07-11,8969.55,144,62.29,家居,小程序
2024-07-11,18149.52,145,125.17,家居,APP
2024-07-11,18932.81,121,156.47,食品,线上
2024-07-11,13477.02,123,109.57,食品,线下
2024-07-11,10932.18,80,136.65,食品,小程序
2024-07-11,8623.31,62,139.09,食品,APP
2024-07-11,9421.29,103,91.47,美妆,线上
2024-07-11,13557.75,41,330.68,美妆,线下
2024-07-11,5636.59,41,137.48,美妆,小程序
2024-07-11,16816.78,22,764.4,美妆,APP
2024-07-12,6458.56,129,50.07,电子产品,线上
2024-07-12,11989.72,43,278.83,电子产品,线下
2024-07-12,19121.18,58,329.68,电子产品,小程序
2024-07-12,20048.89,20,1002.44,电子产品,APP
2024-07-12,11643.57,28,415.84,服装,线上
2024-07-12,6191.16,113,54.79,服装,线下
2024-07-12,14994.08,111,135.08,服装,小程序
2024-07-12,14789.34,42,352.13,服装,APP
2024-07-12,4688.86,99,47.36,图书,线上
2024-07-12,9366.12,29,322.97,图书,线下
2024-07-12,20121.19,41,490.76,图书,小程序
2024-07-12,19989.92,20,999.5,图书,APP
2024-07-12,17297.74,69,250.69,家居,线上
2024-07-12,16782.94,120,139.86,家居,线下
2024-07-12,17342.32,145,119.6,家居,小程序
2024-07-12,5772.29,94,61.41,家居,APP
2024-07-12,13972.05,38,367.69,食品,线上
2024-07-12,17465.2,92,189.84,食品,线下
2024-07-12,6274.03,138,45.46,食品,小程序
2024-07-12,13822.43,86,160.73,食品,APP
2024-07-12,6577.19,44,149.48,美妆,线上
2024-07-12,12050.54,77,156.5,美妆,线下
2024-07-12,15160.24,28,541.44,美妆,小程序
2024-07-12,10387.29,106,97.99,美妆,APP
2024-07-13,14836.83,141,105.23,电子产品,线上
2024-07-13,17192.25,111,154.89,电子产品,线下
2024-07-13,19485.59,98,198.83,电子产品,小程序
2024-07-13,8815.32,122,72.26,电子产品,APP
2024-07-13,10831.1,80,135.39,服装,线上
2024-07-13,16932.59,99,171.04,服装,线下
2024-07-13,14857.04,73,203.52,服装,小程序
2024-07-13,7956.38,58,137.18,服装,APP
2024-07-13,15456.66,29,532.99,图书,线上
2024-07-13,5342.07,50,106.84,图书,线下
2024-07-13,6448.36,134,48.12,图书,小程序
2024-07-13,6098.6,38,160.49,图书,APP
2024-07-13,8634.07,105,82.23,家居,线上
2024-07-13,15205.19,81,187.72,家居,线下
2024-07-13,15706.47,131,119.9,家居,小程序
2024-07-13,10699.94,97,110.31,家居,APP
2024-07-13,19254.23,73,263.76,食品,线上
2024-07-13,18575.69,28,663.42,食品,线下
2024-07-13,9959.38,120,82.99,食品,小程序
2024-07-13,7158.72,36,198.85,食品,APP
2024-07-13,4846.85,84,57.7,美妆,线上
2024-07-13,10370.42,147,70.55,美妆,线下
2024-07-13,11569.44,121,95.62,美妆,小程序
2024-07-13,16761.81,102,164.33,美妆,APP
2024-07-14,11393.54,103,110.62,电子产品,线上
2024-07-14,16208.65,128,126.63,电子产品,线下
2024-07-14,14793.83,67,220.8,电子产品,小程序
2024-07-14,4192.52,62,67.62,电子产品,APP
2024-07-14,19612.46,126,155.65,服装,线上
2024-07-14,5589.45,105,53.23,服装,线下
2024-07-14,6484.36,55,117.9,服装,小程序
2024-07-14,7980.28,146,54.66,服装,APP
2024-07-14,19657.62,71,276.87,图书,线上
2024-07-14,15809.71,126,125.47,图书,线下
2024-07-14,4697.54,22,213.52,图书,小程序
2024-07-14,14356.29,107,134.17,图书,APP
2024-07-14,17103.17,115,148.72,家居,线上
2024-07-14,9562.52,46,207.88,家居,线下
2024-07-14,11933.99,148,80.64,家居,小程序
2024-07-14,7356.38,57,129.06,家居,APP
2024-07-14,9486.6,149,63.67,食品,线上
2024-07-14,8524.58,120,71.04,食品,线下
2024-07-14,18558.73,70,265.12,食品,小程序
2024-07-14,11154.55,30,371.82,食品,APP
2024-07-14,11480.5,94,122.13,美妆,线上
2024-07-14,12845.88,136,94.45,美妆,线下
2024-07-14,4796.3,105,45.68,美妆,小程序
2024-07-14,4363.13,36,121.2,美妆,APP
2024-07-15,11850.33,126,94.05,电子产品,线上
2024-07-15,19284.7,79,244.11,电子产品,线下
2024-07-15,19187.24,77,249.18,电子产品,小程序
2024-07-15,11437.39,96,119.14,电子产品,APP
2024-07-15,18670.77,29,643.82,服装,线上
2024-07-15,17447.71,85,205.27,服装,线下
2024-07-15,10546.66,21,502.22,服装,小程序
2024-07-15,12769.95,30,425.67,服装,APP
2024-07-15,7716.85,135,57.16,图书,线上
2024-07-15,7997.83,20,399.89,图书,线下
2024-07-15,11122.36,39,285.19,图书,小程序
2024-07-15,17213.08,90,191.26,图书,APP
2024-07-15,12843.8,126,101.93,家居,线上
2024-07-15,4356.36,98,44.45,家居,线下
2024-07-15,16665.31,33,505.01,家居,小程序
2024-07-15,12212.09,74,165.03,家居,APP
2024-07-15,12824.7,93,137.9,食品,线上
2024-07-15,16841.53,80,210.52,食品,线下
2024-07-15,19228.78,119,161.59,食品,小程序
2024-07-15,13260.83,104,127.51,食品,APP
2024-07-15,6987.95,71,98.42,美妆,线上
2024-07-15,4321.48,129,33.5,美妆,线下
2024-07-15,5392.25,82,65.76,美妆,小程序
2024-07-15,19571.43,25,782.86,美妆,APP
2024-07-16,5740.56,86,66.75,电子产品,线上
2024-07-16,6883.26,94,73.23,电子产品,线下
2024-07-16,15142.53,126,120.18,电子产品,小程序
2024-07-16,6765.62,129,52.45,电子产品,APP
2024-07-16,7459.36,61,122.28,服装,线上
2024-07-16,10043.92,93,108.0,服装,线下
2024-07-16,9190.75,37,248.4,服装,小程序
2024-07-16,5358.89,59,90.83,服装,APP
2024-07-16,18451.09,20,922.55,图书,线上
2024-07-16,19771.23,36,549.2,图书,线下
2024-07-16,16897.82,89,189.86,图书,小程序
2024-07-16,19961.09,49,407.37,图书,APP
2024-07-16,16671.71,106,157.28,家居,线上
2024-07-16,6101.61,139,43.9,家居,线下
2024-07-16,12497.28,143,87.39,家居,小程序
2024-07-16,15079.9,91,165.71,家居,APP
2024-07-16,17010.05,111,153.24,食品,线上
2024-07-16,17067.59,110,155.16,食品,线下
2024-07-16,7004.42,68,103.01,食品,小程序
2024-07-16,13064.42,84,155.53,食品,APP
2024-07-16,16021.44,42,381.46,美妆,线上
2024-07-16,20404.28,61,334.5,美妆,线下
2024-07-16,6502.0,61,106.59,美妆,小程序
2024-07-16,12683.02,69,183.81,美妆,APP
2024-07-17,12021.82,109,110.29,电子产品,线上
2024-07-17,4615.92,119,38.79,电子产品,线下
2024-07-17,17201.73,130,132.32,电子产品,小程序
2024-07-17,5833.13,123,47.42,电子产品,APP
2024-07-17,7627.94,68,112.18,服装,线上
2024-07-17,14370.86,143,100.5,服装,线下
2024-07-17,16884.94,37,456.35,服装,小程序
2024-07-17,20228.62,78,259.34,服装,APP
2024-07-17,17892.09,146,122.55,图书,线上
2024-07-17,13321.31,137,97.24,图书,线下
2024-07-17,10513.67,114,92.23,图书,小程序
2024-07-17,7409.4,30,246.98,图书,APP
2024-07-17,4724.64,68,69.48,家居,线上
2024-07-17,4185.86,110,38.05,家居,线下
2024-07-17,4406.92,115,38.32,家居,小程序
2024-07-17,14826.89,126,117.67,家居,APP
2024-07-17,16493.43,21,785.4,食品,线上
2024-07-17,20120.5,138,145.8,食品,线下
2024-07-17,5530.49,44,125.69,食品,小程序
2024-07-17,13934.88,49,284.39,食品,APP
2024-07-17,13905.79,141,98.62,美妆,线上
2024-07-17,12280.09,107,114.77,美妆,线下
2024-07-17,6100.13,28,217.86,美妆,小程序
2024-07-17,17094.17,101,169.25,美妆,APP
2024-07-18,8218.78,128,64.21,电子产品,线上
2024-07-18,9004.37,47,191.58,电子产品,线下
2024-07-18,5052.06,96,52.63,电子产品,小程序
2024-07-18,15157.59,55,275.59,电子产品,APP
2024-07-18,15672.6,117,133.95,服装,线上
2024-07-18,20699.16,91,227.46,服装,线下
2024-07-18,9774.65,125,78.2,服装,小程序
2024-07-18,20401.41,113,180.54,服装,APP
2024-07-18,5386.73,98,54.97,图书,线上
2024-07-18,16380.45,124,132.1,图书,线下
2024-07-18,4518.86,92,49.12,图书,小程序
2024-07-18,9572.72,43,222.62,图书,APP
2024-07-18,18548.92,45,412.2,家居,线上
2024-07-18,10148.96,44,230.66,家居,线下
2024-07-18,20290.87,105,193.25,家居,小程序
2024-07-18,9416.28,51,184.63,家居,APP
2024-07-18,7168.0,74,96.86,食品,线上
2024-07-18,13789.07,40,344.73,食品,线下
2024-07-18,7978.23,90,88.65,食品,小程序
2024-07-18,9303.22,40,232.58,食品,APP
2024-07-18,17589.12,96,183.22,美妆,线上
2024-07-18,19158.89,96,199.57,美妆,线下
2024-07-18,5806.32,123,47.21,美妆,小程序
2024-07-18,16607.0,30,553.57,美妆,APP
2024-07-19,9349.89,127,73.62,电子产品,线上
2024-07-19,5706.98,105,54.35,电子产品,线下
2024-07-19,8636.96,33,261.73,电子产品,小程序
2024-07-19,6437.88,44,146.32,电子产品,APP
2024-07-19,19951.09,21,950.05,服装,线上
2024-07-19,5937.63,142,41.81,服装,线下
2024-07-19,4867.61,112,43.46,服装,小程序
2024-07-19,10915.65,47,232.25,服装,APP
2024-07-19,8557.66,83,103.1,图书,线上
2024-07-19,5524.63,63,87.69,图书,线下
2024-07-19,7240.55,46,157.4,图书,小程序
2024-07-19,14657.16,24,610.72,图书,APP
2024-07-19,11986.05,52,230.5,家居,线上
2024-07-19,6978.31,150,46.52,家居,线下
2024-07-19,8130.08,124,65.57,家居,小程序
2024-07-19,4247.97,89,47.73,家居,APP
2024-07-19,13756.13,68,202.3,食品,线上
2024-07-19,12357.74,80,154.47,食品,线下
2024-07-19,5147.94,74,69.57,食品,小程序
2024-07-19,14364.61,119,120.71,食品,APP
2024-07-19,7362.73,94,78.33,美妆,线上
2024-07-19,9888.62,123,80.4,美妆,线下
2024-07-19,20362.73,125,162.9,美妆,小程序
2024-07-19,19314.82,93,207.69,美妆,APP
2024-07-20,8679.16,51,170.18,电子产品,线上
2024-07-20,15991.08,85,188.13,电子产品,线下
2024-07-20,15012.35,147,102.12,电子产品,小程序
2024-07-20,4202.09,49,85.76,电子产品,APP
2024-07-20,10954.98,68,161.1,服装,线上
2024-07-20,16657.54,52,320.34,服装,线下
2024-07-20,13813.8,50,276.28,服装,小程序
2024-07-20,20340.52,83,245.07,服装,APP
2024-07-20,6391.2,30,213.04,图书,线上
2024-07-20,8035.7,83,96.82,图书,线下
2024-07-20,16625.7,38,437.52,图书,小程序
2024-07-20,15609.46,54,289.06,图书,APP
2024-07-20,20307.86,90,225.64,家居,线上
2024-07-20,20210.59,20,1010.53,家居,线下
2024-07-20,15071.1,48,313.98,家居,小程序
2024-07-20,18047.67,23,784.68,家居,APP
2024-07-20,11085.51,107,103.6,食品,线上
2024-07-20,7625.91,56,136.18,食品,线下
2024-07-20,6634.16,51,130.08,食品,小程序
2024-07-20,18696.58,103,181.52,食品,APP
2024-07-20,20508.89,116,176.8,美妆,线上
2024-07-20,15199.23,90,168.88,美妆,线下
2024-07-20,11587.78,71,163.21,美妆,小程序
2024-07-20,18512.0,57,324.77,美妆,APP
2024-07-21,7666.0,110,69.69,电子产品,线上
2024-07-21,7350.81,82,89.64,电子产品,线下
2024-07-21,12417.7,90,137.97,电子产品,小程序
2024-07-21,11537.24,84,137.35,电子产品,APP
2024-07-21,4246.97,138,30.78,服装,线上
2024-07-21,6857.47,35,195.93,服装,线下
2024-07-21,16754.52,94,178.24,服装,小程序
2024-07-21,7616.63,48,158.68,服装,APP
2024-07-21,18986.31,56,339.04,图书,线上
2024-07-21,8952.64,65,137.73,图书,线下
2024-07-21,11347.62,23,493.37,图书,小程序
2024-07-21,12137.78,36,337.16,图书,APP
2024-07-21,14038.42,109,128.79,家居,线上
2024-07-21,9284.08,77,120.57,家居,线下
2024-07-21,11736.82,90,130.41,家居,小程序
2024-07-21,18284.15,119,153.65,家居,APP
2024-07-21,8720.92,142,61.41,食品,线上
2024-07-21,7897.33,54,146.25,食品,线下
2024-07-21,4483.41,80,56.04,食品,小程序
2024-07-21,15024.16,118,127.32,食品,APP
2024-07-21,7868.92,150,52.46,美妆,线上
2024-07-21,14968.24,57,262.6,美妆,线下
2024-07-21,6038.8,114,52.97,美妆,小程序
2024-07-21,12956.67,45,287.93,美妆,APP
2024-07-22,8794.69,99,88.84,电子产品,线上
2024-07-22,16793.51,25,671.74,电子产品,线下
2024-07-22,5274.8,47,112.23,电子产品,小程序
2024-07-22,8279.19,92,89.99,电子产品,APP
2024-07-22,8462.44,82,103.2,服装,线上
2024-07-22,16984.54,66,257.34,服装,线下
2024-07-22,14789.83,20,739.49,服装,小程序
2024-07-22,6726.42,25,269.06,服装,APP
2024-07-22,9731.19,127,76.62,图书,线上
2024-07-22,13785.86,20,689.29,图书,线下
2024-07-22,12320.7,67,183.89,图书,小程序
2024-07-22,6041.64,98,61.65,图书,APP
2024-07-22,16363.36,128,127.84,家居,线上
2024-07-22,8446.75,89,94.91,家居,线下
2024-07-22,14093.3,122,115.52,家居,小程序
2024-07-22,15503.05,111,139.67,家居,APP
2024-07-22,5833.05,140,41.66,食品,线上
2024-07-22,14740.95,82,179.77,食品,线下
2024-07-22,9686.33,106,91.38,食品,小程序
2024-07-22,10228.45,81,126.28,食品,APP
2024-07-22,13188.13,146,90.33,美妆,线上
2024-07-22,8049.16,24,335.38,美妆,线下
2024-07-22,15838.33,46,344.31,美妆,小程序
2024-07-22,13738.8,55,249.8,美妆,APP
2024-07-23,8146.44,31,262.79,电子产品,线上
2024-07-23,7700.53,125,61.6,电子产品,线下
2024-07-23,13286.4,38,349.64,电子产品,小程序
2024-07-23,5968.28,132,45.21,电子产品,APP
2024-07-23,16391.43,76,215.68,服装,线上
2024-07-23,16723.07,75,222.97,服装,线下
2024-07-23,10508.81,29,362.37,服装,小程序
2024-07-23,8572.16,124,69.13,服装,APP
2024-07-23,6267.23,91,68.87,图书,线上
2024-07-23,15115.03,135,111.96,图书,线下
2024-07-23,19347.88,43,449.95,图书,小程序
2024-07-23,9999.98,80,125.0,图书,APP
2024-07-23,14586.18,43,339.21,家居,线上
2024-07-23,17863.71,81,220.54,家居,线下
2024-07-23,4979.06,90,55.32,家居,小程序
2024-07-23,13389.55,21,637.6,家居,APP
2024-07-23,19908.56,145,137.3,食品,线上
2024-07-23,18060.89,75,240.81,食品,线下
2024-07-23,17699.64,104,170.19,食品,小程序
2024-07-23,5925.6,148,40.04,食品,APP
2024-07-23,14097.11,91,154.91,美妆,线上
2024-07-23,4233.01,109,38.83,美妆,线下
2024-07-23,20051.18,135,148.53,美妆,小程序
2024-07-23,13647.02,62,220.11,美妆,APP
2024-07-24,4706.6,44,106.97,电子产品,线上
2024-07-24,20918.91,25,836.76,电子产品,线下
2024-07-24,15591.78,69,225.97,电子产品,小程序
2024-07-24,7174.1,60,119.57,电子产品,APP
2024-07-24,8230.52,31,265.5,服装,线上
2024-07-24,16699.03,70,238.56,服装,线下
2024-07-24,18311.02,70,261.59,服装,小程序
2024-07-24,6503.72,137,47.47,服装,APP
2024-07-24,5290.9,135,39.19,图书,线上
2024-07-24,8084.44,54,149.71,图书,线下
2024-07-24,4784.64,72,66.45,图书,小程序
2024-07-24,10481.38,96,109.18,图书,APP
2024-07-24,18437.98,130,141.83,家居,线上
2024-07-24,6865.79,36,190.72,家居,线下
2024-07-24,18418.83,60,306.98,家居,小程序
2024-07-24,12301.6,21,585.79,家居,APP
2024-07-24,7162.32,28,255.8,食品,线上
2024-07-24,13309.55,127,104.8,食品,线下
2024-07-24,6094.02,60,101.57,食品,小程序
2024-07-24,7849.19,59,133.04,食品,APP
2024-07-24,11304.24,131,86.29,美妆,线上
2024-07-24,8146.17,62,131.39,美妆,线下
2024-07-24,8773.09,104,84.36,美妆,小程序
2024-07-24,19315.76,60,321.93,美妆,APP
2024-07-25,18414.01,75,245.52,电子产品,线上
2024-07-25,20544.99,128,160.51,电子产品,线下
2024-07-25,7205.57,133,54.18,电子产品,小程序
2024-07-25,9032.69,86,105.03,电子产品,APP
2024-07-25,14616.17,25,584.65,服装,线上
2024-07-25,7617.54,95,80.18,服装,线下
2024-07-25,10677.33,139,76.82,服装,小程序
2024-07-25,20094.86,49,410.1,服装,APP
2024-07-25,17864.82,52,343.55,图书,线上
2024-07-25,19643.95,78,251.85,图书,线下
2024-07-25,16847.52,48,350.99,图书,小程序
2024-07-25,13827.29,121,114.28,图书,APP
2024-07-25,19789.07,54,366.46,家居,线上
2024-07-25,5169.14,66,78.32,家居,线下
2024-07-25,13468.16,79,170.48,家居,小程序
2024-07-25,17904.78,81,221.05,家居,APP
2024-07-25,19766.34,150,131.78,食品,线上
2024-07-25,18918.03,38,497.84,食品,线下
2024-07-25,8389.5,41,204.62,食品,小程序
2024-07-25,10055.76,43,233.85,食品,APP
2024-07-25,8699.54,105,82.85,美妆,线上
2024-07-25,13636.84,65,209.8,美妆,线下
2024-07-25,5018.71,145,34.61,美妆,小程序
2024-07-25,18780.48,72,260.84,美妆,APP
2024-07-26,6680.19,76,87.9,电子产品,线上
2024-07-26,16263.28,42,387.22,电子产品,线下
2024-07-26,13163.78,133,98.98,电子产品,小程序
2024-07-26,5509.83,40,137.75,电子产品,APP
2024-07-26,16931.21,102,165.99,服装,线上
2024-07-26,12185.76,90,135.4,服装,线下
2024-07-26,21302.43,106,200.97,服装,小程序
2024-07-26,4798.89,22,218.13,服装,APP
2024-07-26,17656.4,26,679.09,图书,线上
2024-07-26,19076.35,27,706.53,图书,线下
2024-07-26,5718.93,62,92.24,图书,小程序
2024-07-26,17270.9,40,431.77,图书,APP
2024-07-26,5701.77,68,83.85,家居,线上
2024-07-26,12526.55,45,278.37,家居,线下
2024-07-26,11810.02,115,102.7,家居,小程序
2024-07-26,5266.64,26,202.56,家居,APP
2024-07-26,16613.82,110,151.03,食品,线上
2024-07-26,9647.9,49,196.9,食品,线下
2024-07-26,17907.38,149,120.18,食品,小程序
2024-07-26,15351.9,94,163.32,食品,APP
2024-07-26,8755.87,41,213.56,美妆,线上
2024-07-26,13640.65,57,239.31,美妆,线下
2024-07-26,14576.11,142,102.65,美妆,小程序
2024-07-26,9208.05,39,236.1,美妆,APP
2024-07-27,6895.31,93,74.14,电子产品,线上
2024-07-27,12934.44,30,431.15,电子产品,线下
2024-07-27,9710.34,140,69.36,电子产品,小程序
2024-07-27,4998.49,131,38.16,电子产品,APP
2024-07-27,12347.42,31,398.3,服装,线上
2024-07-27,14617.85,20,730.89,服装,线下
2024-07-27,15699.3,82,191.45,服装,小程序
2024-07-27,10808.25,107,101.01,服装,APP
2024-07-27,5830.0,90,64.78,图书,线上
2024-07-27,13427.09,123,109.16,图书,线下
2024-07-27,10805.24,51,211.87,图书,小程序
2024-07-27,8362.32,58,144.18,图书,APP
2024-07-27,18034.52,150,120.23,家居,线上
2024-07-27,8225.35,102,80.64,家居,线下
2024-07-27,10664.87,32,333.28,家居,小程序
2024-07-27,10607.1,63,168.37,家居,APP
2024-07-27,17818.32,116,153.61,食品,线上
2024-07-27,16862.28,30,562.08,食品,线下
2024-07-27,15062.05,33,456.43,食品,小程序
2024-07-27,11304.62,81,139.56,食品,APP
2024-07-27,11364.03,137,82.95,美妆,线上
2024-07-27,14942.83,24,622.62,美妆,线下
2024-07-27,17598.44,67,262.66,美妆,小程序
2024-07-27,6468.24,35,184.81,美妆,APP
2024-07-28,8950.7,32,279.71,电子产品,线上
2024-07-28,20364.9,120,169.71,电子产品,线下
2024-07-28,8691.49,51,170.42,电子产品,小程序
2024-07-28,19709.2,21,938.53,电子产品,APP
2024-07-28,8843.48,86,102.83,服装,线上
2024-07-28,20952.85,65,322.35,服装,线下
2024-07-28,13784.93,141,97.77,服装,小程序
2024-07-28,12937.4,83,155.87,服装,APP
2024-07-28,13235.0,116,114.09,图书,线上
2024-07-28,16735.65,68,246.11,图书,线下
2024-07-28,13453.8,36,373.72,图书,小程序
2024-07-28,11230.64,82,136.96,图书,APP
2024-07-28,6998.29,36,194.4,家居,线上
2024-07-28,6767.35,122,55.47,家居,线下
2024-07-28,15022.53,95,158.13,家居,小程序
2024-07-28,16870.62,98,172.15,家居,APP
2024-07-28,11367.76,60,189.46,食品,线上
2024-07-28,4679.39,127,36.85,食品,线下
2024-07-28,17397.66,53,328.26,食品,小程序
2024-07-28,10686.97,130,82.21,食品,APP
2024-07-28,8018.37,99,80.99,美妆,线上
2024-07-28,20929.02,84,249.16,美妆,线下
2024-07-28,5741.75,30,191.39,美妆,小程序
2024-07-28,18530.87,94,197.14,美妆,APP
2024-07-29,20750.67,119,174.38,电子产品,线上
2024-07-29,7059.01,115,61.38,电子产品,线下
2024-07-29,17490.93,30,583.03,电子产品,小程序
2024-07-29,7578.31,78,97.16,电子产品,APP
2024-07-29,16856.77,114,147.87,服装,线上
2024-07-29,10240.02,67,152.84,服装,线下
2024-07-29,9439.85,25,377.59,服装,小程序
2024-07-29,15946.18,140,113.9,服装,APP
2024-07-29,10888.17,125,87.11,图书,线上
2024-07-29,18088.66,94,192.43,图书,线下
2024-07-29,13243.81,149,88.88,图书,小程序
2024-07-29,20244.19,25,809.77,图书,APP
2024-07-29,17740.52,47,377.46,家居,线上
2024-07-29,10733.7,148,72.53,家居,线下
2024-07-29,13343.91,90,148.27,家居,小程序
2024-07-29,10094.57,54,186.94,家居,APP
2024-07-29,12422.82,35,354.94,食品,线上
2024-07-29,16033.2,107,149.84,食品,线下
2024-07-29,4991.14,34,146.8,食品,小程序
2024-07-29,21578.18,94,229.56,食品,APP
2024-07-29,8484.89,75,113.13,美妆,线上
2024-07-29,7966.23,110,72.42,美妆,线下
2024-07-29,7712.66,85,90.74,美妆,小程序
2024-07-29,14530.76,51,284.92,美妆,APP
2024-07-30,11237.77,76,147.87,电子产品,线上
2024-07-30,18418.85,46,400.41,电子产品,线下
2024-07-30,5927.36,136,43.58,电子产品,小程序
2024-07-30,13529.72,51,265.29,电子产品,APP
2024-07-30,13846.37,70,197.81,服装,线上
2024-07-30,8560.03,43,199.07,服装,线下
2024-07-30,15354.03,70,219.34,服装,小程序
2024-07-30,12943.53,54,239.7,服装,APP
2024-07-30,11416.86,102,111.93,图书,线上
2024-07-30,21778.38,30,725.95,图书,线下
2024-07-30,19737.95,28,704.93,图书,小程序
2024-07-30,16966.13,41,413.81,图书,APP
2024-07-30,20361.05,149,136.65,家居,线上
2024-07-30,13014.74,103,126.36,家居,线下
2024-07-30,21638.56,44,491.79,家居,小程序
2024-07-30,12405.49,148,83.82,家居,APP
2024-07-30,19319.55,22,878.16,食品,线上
2024-07-30,4543.63,67,67.82,食品,线下
2024-07-30,7995.41,26,307.52,食品,小程序
2024-07-30,21740.37,27,805.2,食品,APP
2024-07-30,14573.44,105,138.79,美妆,线上
2024-07-30,17929.55,48,373.53,美妆,线下
2024-07-30,13939.84,23,606.08,美妆,小程序
2024-07-30,8617.37,116,74.29,美妆,APP
2024-07-31,10219.18,147,69.52,电子产品,线上
2024-07-31,8994.59,92,97.77,电子产品,线下
2024-07-31,18781.48,50,375.63,电子产品,小程序
2024-07-31,21185.13,126,168.14,电子产品,APP
2024-07-31,20420.31,74,275.95,服装,线上
2024-07-31,11232.78,108,104.01,服装,线下
2024-07-31,6719.88,34,197.64,服装,小程序
2024-07-31,5710.4,38,150.27,服装,APP
2024-07-31,18527.21,93,199.22,图书,线上
2024-07-31,6281.07,94,66.82,图书,线下
2024-07-31,8328.72,121,68.83,图书,小程序
2024-07-31,13650.42,107,127.57,图书,APP
2024-07-31,19044.45,55,346.26,家居,线上
2024-07-31,17617.18,124,142.07,家居,线下
2024-07-31,7783.71,60,129.73,家居,小程序
2024-07-31,20856.62,149,139.98,家居,APP
2024-07-31,6964.15,81,85.98,食品,线上
2024-07-31,12274.74,105,116.9,食品,线下
2024-07-31,10286.44,39,263.75,食品,小程序
2024-07-31,5989.97,29,206.55,食品,APP
2024-07-31,16547.67,95,174.19,美妆,线上
2024-07-31,6652.07,124,53.65,美妆,线下
2024-07-31,20840.3,30,694.68,美妆,小程序
2024-07-31,18895.99,25,755.84,美妆,APP
2024-08-01,18068.18,106,170.45,电子产品,线上
2024-08-01,8570.79,121,70.83,电子产品,线下
2024-08-01,11928.12,31,384.78,电子产品,小程序
2024-08-01,13521.71,44,307.31,电子产品,APP
2024-08-01,6441.73,52,123.88,服装,线上
2024-08-01,11890.27,24,495.43,服装,线下
2024-08-01,20894.83,69,302.82,服装,小程序
2024-08-01,19769.7,34,581.46,服装,APP
2024-08-01,13537.83,72,188.03,图书,线上
2024-08-01,10744.44,121,88.8,图书,线下
2024-08-01,19940.37,42,474.77,图书,小程序
2024-08-01,18773.92,26,722.07,图书,APP
2024-08-01,11183.16,136,82.23,家居,线上
2024-08-01,5671.33,74,76.64,家居,线下
2024-08-01,6150.56,64,96.1,家居,小程序
2024-08-01,17884.98,85,210.41,家居,APP
2024-08-01,20168.05,111,181.69,食品,线上
2024-08-01,5308.79,130,40.84,食品,线下
2024-08-01,13341.32,66,202.14,食品,小程序
2024-08-01,12061.18,47,256.62,食品,APP
2024-08-01,12924.96,144,89.76,美妆,线上
2024-08-01,11854.37,56,211.69,美妆,线下
2024-08-01,15311.61,87,176.0,美妆,小程序
2024-08-01,9497.94,30,316.6,美妆,APP
2024-08-02,6456.35,97,66.56,电子产品,线上
2024-08-02,20231.61,21,963.41,电子产品,线下
2024-08-02,18421.77,134,137.48,电子产品,小程序
2024-08-02,18182.31,107,169.93,电子产品,APP
2024-08-02,9679.18,142,68.16,服装,线上
2024-08-02,19639.91,54,363.7,服装,线下
2024-08-02,11603.17,74,156.8,服装,小程序
2024-08-02,8537.45,115,74.24,服装,APP
2024-08-02,15257.33,51,299.16,图书,线上
2024-08-02,5354.58,114,46.97,图书,线下
2024-08-02,12381.06,24,515.88,图书,小程序
2024-08-02,15101.56,32,471.92,图书,APP
2024-08-02,13367.01,36,371.31,家居,线上
2024-08-02,18588.99,93,199.88,家居,线下
2024-08-02,14543.96,24,606.0,家居,小程序
2024-08-02,17024.73,135,126.11,家居,APP
2024-08-02,21917.64,62,353.51,食品,线上
2024-08-02,11521.95,127,90.72,食品,线下
2024-08-02,17942.03,116,154.67,食品,小程序
2024-08-02,19758.97,95,207.99,食品,APP
2024-08-02,19065.42,136,140.19,美妆,线上
2024-08-02,5994.42,95,63.1,美妆,线下
2024-08-02,6974.38,113,61.72,美妆,小程序
2024-08-02,14635.59,83,176.33,美妆,APP
2024-08-03,7034.23,46,152.92,电子产品,线上
2024-08-03,9647.72,148,65.19,电子产品,线下
2024-08-03,20155.34,69,292.11,电子产品,小程序
2024-08-03,21324.08,68,313.59,电子产品,APP
2024-08-03,6350.59,77,82.48,服装,线上
2024-08-03,9648.15,56,172.29,服装,线下
2024-08-03,18187.02,130,139.9,服装,小程序
2024-08-03,11593.62,34,340.99,服装,APP
2024-08-03,11657.54,25,466.3,图书,线上
2024-08-03,21975.06,141,155.85,图书,线下
2024-08-03,7177.22,50,143.54,图书,小程序
2024-08-03,12532.32,126,99.46,图书,APP
2024-08-03,21661.74,27,802.29,家居,线上
2024-08-03,15806.44,64,246.98,家居,线下
2024-08-03,17708.68,99,178.88,家居,小程序
2024-08-03,14383.83,78,184.41,家居,APP
2024-08-03,13645.44,76,179.55,食品,线上
2024-08-03,10203.65,112,91.1,食品,线下
2024-08-03,15952.71,55,290.05,食品,小程序
2024-08-03,16077.99,24,669.92,食品,APP
2024-08-03,19245.04,92,209.19,美妆,线上
2024-08-03,19104.02,108,176.89,美妆,线下
2024-08-03,21443.38,50,428.87,美妆,小程序
2024-08-03,21825.76,131,166.61,美妆,APP
2024-08-04,10522.63,57,184.61,电子产品,线上
2024-08-04,11677.34,111,105.2,电子产品,线下
2024-08-04,14137.79,57,248.03,电子产品,小程序
2024-08-04,12174.07,88,138.34,电子产品,APP
2024-08-04,6112.38,117,52.24,服装,线上
2024-08-04,14643.38,108,135.59,服装,线下
2024-08-04,11689.69,38,307.62,服装,小程序
2024-08-04,20881.23,75,278.42,服装,APP
2024-08-04,4714.37,143,32.97,图书,线上
2024-08-04,18839.85,45,418.66,图书,线下
2024-08-04,16406.79,57,287.84,图书,小程序
2024-08-04,18088.01,100,180.88,图书,APP
2024-08-04,14618.36,50,292.37,家居,线上
2024-08-04,8931.63,69,129.44,家居,线下
2024-08-04,18278.9,122,149.83,家居,小程序
2024-08-04,14083.83,81,173.87,家居,APP
2024-08-04,14904.92,99,150.55,食品,线上
2024-08-04,19569.81,89,219.89,食品,线下
2024-08-04,15588.77,30,519.63,食品,小程序
2024-08-04,19656.53,62,317.04,食品,APP
2024-08-04,12961.87,77,168.34,美妆,线上
2024-08-04,4466.05,131,34.09,美妆,线下
2024-08-04,15132.36,119,127.16,美妆,小程序
2024-08-04,5562.67,34,163.61,美妆,APP
2024-08-05,6553.6,119,55.07,电子产品,线上
2024-08-05,13470.48,39,345.4,电子产品,线下
2024-08-05,5918.05,69,85.77,电子产品,小程序
2024-08-05,19016.88,105,181.11,电子产品,APP
2024-08-05,19182.1,26,737.77,服装,线上
2024-08-05,5323.09,36,147.86,服装,线下
2024-08-05,11170.76,34,328.55,服装,小程序
2024-08-05,15403.2,91,169.27,服装,APP
2024-08-05,5898.22,38,155.22,图书,线上
2024-08-05,19794.54,102,194.06,图书,线下
2024-08-05,5437.57,124,43.85,图书,小程序
2024-08-05,18290.39,70,261.29,图书,APP
2024-08-05,20044.76,133,150.71,家居,线上
2024-08-05,15939.33,56,284.63,家居,线下
2024-08-05,5365.67,114,47.07,家居,小程序
2024-08-05,8406.96,91,92.38,家居,APP
2024-08-05,9293.4,146,63.65,食品,线上
2024-08-05,12340.35,92,134.13,食品,线下
2024-08-05,11448.54,34,336.72,食品,小程序
2024-08-05,17230.14,134,128.58,食品,APP
2024-08-05,20287.67,123,164.94,美妆,线上
2024-08-05,18099.42,125,144.8,美妆,线下
2024-08-05,16463.22,55,299.33,美妆,小程序
2024-08-05,10623.27,43,247.05,美妆,APP
2024-08-06,17866.82,145,123.22,电子产品,线上
2024-08-06,17492.3,141,124.06,电子产品,线下
2024-08-06,21041.77,32,657.56,电子产品,小程序
2024-08-06,22103.05,37,597.38,电子产品,APP
2024-08-06,18283.95,87,210.16,服装,线上
2024-08-06,4893.15,87,56.24,服装,线下
2024-08-06,5690.15,69,82.47,服装,小程序
2024-08-06,8045.47,136,59.16,服装,APP
2024-08-06,8649.61,53,163.2,图书,线上
2024-08-06,21604.48,100,216.04,图书,线下
2024-08-06,10905.98,63,173.11,图书,小程序
2024-08-06,8120.45,122,66.56,图书,APP
2024-08-06,6435.69,40,160.89,家居,线上
2024-08-06,12814.48,72,177.98,家居,线下
2024-08-06,19726.99,62,318.18,家居,小程序
2024-08-06,16649.87,40,416.25,家居,APP
2024-08-06,15302.4,20,765.12,食品,线上
2024-08-06,11299.8,76,148.68,食品,线下
2024-08-06,17947.1,80,224.34,食品,小程序
2024-08-06,19289.62,101,190.99,食品,APP
2024-08-06,6859.87,146,46.99,美妆,线上
2024-08-06,14283.09,108,132.25,美妆,线下
2024-08-06,11230.75,68,165.16,美妆,小程序
2024-08-06,8400.96,39,215.41,美妆,APP
2024-08-07,20561.71,95,216.44,电子产品,线上
2024-08-07,10035.82,32,313.62,电子产品,线下
2024-08-07,17581.87,63,279.08,电子产品,小程序
2024-08-07,20078.16,102,196.84,电子产品,APP
2024-08-07,5364.45,121,44.33,服装,线上
2024-08-07,9800.16,31,316.13,服装,线下
2024-08-07,22033.1,44,500.75,服装,小程序
2024-08-07,12270.72,92,133.38,服装,APP
2024-08-07,22426.72,80,280.33,图书,线上
2024-08-07,12641.44,84,150.49,图书,线下
2024-08-07,19491.65,121,161.09,图书,小程序
2024-08-07,12977.58,47,276.12,图书,APP
2024-08-07,21215.34,138,153.73,家居,线上
2024-08-07,17850.82,147,121.43,家居,线下
2024-08-07,16524.24,63,262.29,家居,小程序
2024-08-07,20989.92,39,538.2,家居,APP
2024-08-07,4756.06,61,77.97,食品,线上
2024-08-07,16015.98,145,110.46,食品,线下
2024-08-07,20613.34,66,312.32,食品,小程序
2024-08-07,6347.18,69,91.99,食品,APP
2024-08-07,9207.16,127,72.5,美妆,线上
2024-08-07,7595.25,107,70.98,美妆,线下
2024-08-07,17736.1,145,122.32,美妆,小程序
2024-08-07,18634.06,132,141.17,美妆,APP
2024-08-08,8752.14,129,67.85,电子产品,线上
2024-08-08,20196.76,79,255.66,电子产品,线下
2024-08-08,20344.18,82,248.1,电子产品,小程序
2024-08-08,20378.72,65,313.52,电子产品,APP
2024-08-08,14353.04,101,142.11,服装,线上
2024-08-08,11909.59,106,112.35,服装,线下
2024-08-08,8662.49,135,64.17,服装,小程序
2024-08-08,21882.27,25,875.29,服装,APP
2024-08-08,13436.24,129,104.16,图书,线上
2024-08-08,11807.51,50,236.15,图书,线下
2024-08-08,12726.24,35,363.61,图书,小程序
2024-08-08,11805.3,147,80.31,图书,APP
2024-08-08,8789.86,123,71.46,家居,线上
2024-08-08,13896.6,57,243.8,家居,线下
2024-08-08,20079.51,23,873.02,家居,小程序
2024-08-08,11125.68,20,556.28,家居,APP
2024-08-08,11325.2,56,202.24,食品,线上
2024-08-08,6047.77,63,96.0,食品,线下
2024-08-08,7785.96,109,71.43,食品,小程序
2024-08-08,10452.89,60,174.21,食品,APP
2024-08-08,6080.99,120,50.67,美妆,线上
2024-08-08,16799.18,113,148.67,美妆,线下
2024-08-08,4790.28,105,45.62,美妆,小程序
2024-08-08,14272.78,134,106.51,美妆,APP
2024-08-09,21558.96,87,247.8,电子产品,线上
2024-08-09,11894.7,58,205.08,电子产品,线下
2024-08-09,17843.64,64,278.81,电子产品,小程序
2024-08-09,5861.74,55,106.58,电子产品,APP
2024-08-09,10486.41,121,86.66,服装,线上
2024-08-09,22137.55,30,737.92,服装,线下
2024-08-09,14666.02,88,166.66,服装,小程序
2024-08-09,8812.39,93,94.76,服装,APP
2024-08-09,18767.34,24,781.97,图书,线上
2024-08-09,21850.06,52,420.19,图书,线下
2024-08-09,20743.82,29,715.3,图书,小程序
2024-08-09,19993.67,28,714.06,图书,APP
2024-08-09,21819.42,78,279.74,家居,线上
2024-08-09,16569.13,130,127.45,家居,线下
2024-08-09,22248.2,84,264.86,家居,小程序
2024-08-09,13754.94,94,146.33,家居,APP
2024-08-09,16315.9,96,169.96,食品,线上
2024-08-09,20567.92,106,194.04,食品,线下
2024-08-09,19907.64,36,552.99,食品,小程序
2024-08-09,16295.93,92,177.13,食品,APP
2024-08-09,10838.5,149,72.74,美妆,线上
2024-08-09,12856.37,29,443.32,美妆,线下
2024-08-09,17167.86,132,130.06,美妆,小程序
2024-08-09,6205.22,65,95.46,美妆,APP
2024-08-10,8849.31,122,72.54,电子产品,线上
2024-08-10,12720.66,142,89.58,电子产品,线下
2024-08-10,8132.8,67,121.39,电子产品,小程序
2024-08-10,5036.95,135,37.31,电子产品,APP
2024-08-10,9571.78,39,245.43,服装,线上
2024-08-10,22129.14,36,614.7,服装,线下
2024-08-10,17677.59,138,128.1,服装,小程序
2024-08-10,13583.55,146,93.04,服装,APP
2024-08-10,11569.92,58,199.48,图书,线上
2024-08-10,20187.07,131,154.1,图书,线下
2024-08-10,13782.45,59,233.6,图书,小程序
2024-08-10,19822.74,53,374.01,图书,APP
2024-08-10,10396.32,70,148.52,家居,线上
2024-08-10,13565.47,29,467.77,家居,线下
2024-08-10,18974.49,101,187.87,家居,小程序
2024-08-10,16987.46,20,849.37,家居,APP
2024-08-10,11827.39,67,176.53,食品,线上
2024-08-10,17001.61,80,212.52,食品,线下
2024-08-10,11281.92,88,128.2,食品,小程序
2024-08-10,20661.13,112,184.47,食品,APP
2024-08-10,18336.96,119,154.09,美妆,线上
2024-08-10,11505.45,104,110.63,美妆,线下
2024-08-10,17061.3,29,588.32,美妆,小程序
2024-08-10,5117.49,51,100.34,美妆,APP
2024-08-11,7651.83,65,117.72,电子产品,线上
2024-08-11,18828.94,107,175.97,电子产品,线下
2024-08-11,20185.71,88,229.38,电子产品,小程序
2024-08-11,9176.75,120,76.47,电子产品,APP
2024-08-11,13012.19,120,108.43,服装,线上
2024-08-11,8167.93,110,74.25,服装,线下
2024-08-11,19709.43,95,207.47,服装,小程序
2024-08-11,7977.18,83,96.11,服装,APP
2024-08-11,16184.52,54,299.71,图书,线上
2024-08-11,17092.24,88,194.23,图书,线下
2024-08-11,19033.2,76,250.44,图书,小程序
2024-08-11,20438.57,69,296.21,图书,APP
2024-08-11,14577.57,46,316.9,家居,线上
2024-08-11,10805.92,62,174.29,家居,线下
2024-08-11,9351.1,103,90.79,家居,小程序
2024-08-11,7993.89,106,75.41,家居,APP
2024-08-11,17804.38,143,124.51,食品,线上
2024-08-11,7834.54,107,73.22,食品,线下
2024-08-11,11701.07,63,185.73,食品,小程序
2024-08-11,11967.93,76,157.47,食品,APP
2024-08-11,20475.96,76,269.42,美妆,线上
2024-08-11,10863.39,114,95.29,美妆,线下
2024-08-11,6448.93,149,43.28,美妆,小程序
2024-08-11,6521.98,120,54.35,美妆,APP
2024-08-12,11383.55,26,437.83,电子产品,线上
2024-08-12,22089.97,145,152.34,电子产品,线下
2024-08-12,14135.61,118,119.79,电子产品,小程序
2024-08-12,22052.26,103,214.1,电子产品,APP
2024-08-12,4883.22,102,47.87,服装,线上
2024-08-12,18493.44,93,198.85,服装,线下
2024-08-12,19759.57,77,256.62,服装,小程序
2024-08-12,4735.6,98,48.32,服装,APP
2024-08-12,16142.94,50,322.86,图书,线上
2024-08-12,20731.84,39,531.59,图书,线下
2024-08-12,21624.69,48,450.51,图书,小程序
2024-08-12,21396.03,143,149.62,图书,APP
2024-08-12,7625.69,70,108.94,家居,线上
2024-08-12,14183.55,105,135.08,家居,线下
2024-08-12,15294.53,88,173.8,家居,小程序
2024-08-12,19182.14,42,456.72,家居,APP
2024-08-12,20011.44,73,274.13,食品,线上
2024-08-12,11848.64,42,282.11,食品,线下
2024-08-12,10574.95,136,77.76,食品,小程序
2024-08-12,6572.47,103,63.81,食品,APP
2024-08-12,8314.74,75,110.86,美妆,线上
2024-08-12,17996.07,113,159.26,美妆,线下
2024-08-12,15982.12,74,215.97,美妆,小程序
2024-08-12,19624.95,141,139.18,美妆,APP
2024-08-13,18048.51,44,410.19,电子产品,线上
2024-08-13,9010.01,129,69.85,电子产品,线下
2024-08-13,12870.91,101,127.43,电子产品,小程序
2024-08-13,5459.58,88,62.04,电子产品,APP
2024-08-13,22199.4,58,382.75,服装,线上
2024-08-13,17481.58,47,371.95,服装,线下
2024-08-13,9846.69,42,234.45,服装,小程序
2024-08-13,5263.93,110,47.85,服装,APP
2024-08-13,7887.35,118,66.84,图书,线上
2024-08-13,15979.0,51,313.31,图书,线下
2024-08-13,17462.25,141,123.85,图书,小程序
2024-08-13,14978.0,53,282.6,图书,APP
2024-08-13,18600.82,21,885.75,家居,线上
2024-08-13,9628.95,53,181.68,家居,线下
2024-08-13,8952.07,109,82.13,家居,小程序
2024-08-13,12037.86,55,218.87,家居,APP
2024-08-13,21875.35,129,169.58,食品,线上
2024-08-13,12294.23,103,119.36,食品,线下
2024-08-13,20562.29,149,138.0,食品,小程序
2024-08-13,12283.7,135,90.99,食品,APP
2024-08-13,14561.4,91,160.02,美妆,线上
2024-08-13,10126.71,62,163.33,美妆,线下
2024-08-13,7165.55,106,67.6,美妆,小程序
2024-08-13,14031.55,91,154.19,美妆,APP
2024-08-14,14665.1,106,138.35,电子产品,线上
2024-08-14,18214.64,128,142.3,电子产品,线下
2024-08-14,22507.48,101,222.85,电子产品,小程序
2024-08-14,19228.7,93,206.76,电子产品,APP
2024-08-14,7927.43,52,152.45,服装,线上
2024-08-14,10276.63,50,205.53,服装,线下
2024-08-14,22564.91,129,174.92,服装,小程序
2024-08-14,22893.88,26,880.53,服装,APP
2024-08-14,7155.58,21,340.74,图书,线上
2024-08-14,20987.03,30,699.57,图书,线下
2024-08-14,7522.84,98,76.76,图书,小程序
2024-08-14,11536.09,78,147.9,图书,APP
2024-08-14,15498.69,79,196.19,家居,线上
2024-08-14,5981.09,80,74.76,家居,线下
2024-08-14,7062.97,49,144.14,家居,小程序
2024-08-14,19445.6,101,192.53,家居,APP
2024-08-14,5916.13,21,281.72,食品,线上
2024-08-14,10636.8,143,74.38,食品,线下
2024-08-14,5259.12,72,73.04,食品,小程序
2024-08-14,16371.29,128,127.9,食品,APP
2024-08-14,14928.19,66,226.18,美妆,线上
2024-08-14,17271.51,92,187.73,美妆,线下
2024-08-14,10252.93,118,86.89,美妆,小程序
2024-08-14,11782.97,145,81.26,美妆,APP
2024-08-15,7332.17,76,96.48,电子产品,线上
2024-08-15,12523.28,132,94.87,电子产品,线下
2024-08-15,18036.06,94,191.87,电子产品,小程序
2024-08-15,16617.99,58,286.52,电子产品,APP
2024-08-15,18548.46,53,349.97,服装,线上
2024-08-15,11466.85,62,184.95,服装,线下
2024-08-15,21755.06,93,233.93,服装,小程序
2024-08-15,8543.02,37,230.89,服装,APP
2024-08-15,14435.16,64,225.55,图书,线上
2024-08-15,17816.6,47,379.08,图书,线下
2024-08-15,18365.12,68,270.08,图书,小程序
2024-08-15,20212.57,52,388.7,图书,APP
2024-08-15,8376.13,56,149.57,家居,线上
2024-08-15,21000.08,21,1000.0,家居,线下
2024-08-15,16315.95,43,379.44,家居,小程序
2024-08-15,5749.01,22,261.32,家居,APP
2024-08-15,21126.94,82,257.65,食品,线上
2024-08-15,12379.93,145,85.38,食品,线下
2024-08-15,7631.32,138,55.3,食品,小程序
2024-08-15,11070.79,62,178.56,食品,APP
2024-08-15,18921.24,123,153.83,美妆,线上
2024-08-15,14302.19,42,340.53,美妆,线下
2024-08-15,17027.54,65,261.96,美妆,小程序
2024-08-15,19293.13,109,177.0,美妆,APP
2024-08-16,13638.35,102,133.71,电子产品,线上
2024-08-16,9533.49,112,85.12,电子产品,线下
2024-08-16,15169.45,88,172.38,电子产品,小程序
2024-08-16,13708.48,117,117.17,电子产品,APP
2024-08-16,7561.08,28,270.04,服装,线上
2024-08-16,10749.48,43,249.99,服装,线下
2024-08-16,14214.63,136,104.52,服装,小程序
2024-08-16,11813.88,81,145.85,服装,APP
2024-08-16,18298.74,120,152.49,图书,线上
2024-08-16,5662.04,66,85.79,图书,线下
2024-08-16,18088.26,50,361.77,图书,小程序
2024-08-16,16727.02,64,261.36,图书,APP
2024-08-16,5853.05,75,78.04,家居,线上
2024-08-16,8374.93,75,111.67,家居,线下
2024-08-16,21964.6,67,327.83,家居,小程序
2024-08-16,22541.76,27,834.88,家居,APP
2024-08-16,10756.73,64,168.07,食品,线上
2024-08-16,7569.24,74,102.29,食品,线下
2024-08-16,18512.41,63,293.85,食品,小程序
2024-08-16,22516.56,129,174.55,食品,APP
2024-08-16,19603.52,39,502.65,美妆,线上
2024-08-16,16632.45,80,207.91,美妆,线下
2024-08-16,15003.1,56,267.91,美妆,小程序
2024-08-16,9087.29,62,146.57,美妆,APP
2024-08-17,10786.2,113,95.45,电子产品,线上
2024-08-17,17863.83,82,217.85,电子产品,线下
2024-08-17,19493.31,72,270.74,电子产品,小程序
2024-08-17,10694.32,98,109.13,电子产品,APP
2024-08-17,9692.31,51,190.05,服装,线上
2024-08-17,13862.07,138,100.45,服装,线下
2024-08-17,18513.6,146,126.81,服装,小程序
2024-08-17,8793.7,120,73.28,服装,APP
2024-08-17,10124.89,25,405.0,图书,线上
2024-08-17,15398.89,86,179.06,图书,线下
2024-08-17,20920.24,147,142.31,图书,小程序
2024-08-17,16152.27,49,329.64,图书,APP
2024-08-17,8073.4,134,60.25,家居,线上
2024-08-17,16009.63,132,121.29,家居,线下
2024-08-17,4739.23,64,74.05,家居,小程序
2024-08-17,12943.79,61,212.19,家居,APP
2024-08-17,5728.56,83,69.02,食品,线上
2024-08-17,17193.33,139,123.69,食品,线下
2024-08-17,18938.04,147,128.83,食品,小程序
2024-08-17,18169.43,74,245.53,食品,APP
2024-08-17,13885.03,103,134.81,美妆,线上
2024-08-17,7282.21,82,88.81,美妆,线下
2024-08-17,7139.53,27,264.43,美妆,小程序
2024-08-17,19924.1,45,442.76,美妆,APP
2024-08-18,7244.21,113,64.11,电子产品,线上
2024-08-18,12185.49,33,369.26,电子产品,线下
2024-08-18,15025.95,64,234.78,电子产品,小程序
2024-08-18,5416.58,31,174.73,电子产品,APP
2024-08-18,9703.32,145,66.92,服装,线上
2024-08-18,16129.4,139,116.04,服装,线下
2024-08-18,14473.19,149,97.14,服装,小程序
2024-08-18,20969.52,132,158.86,服装,APP
2024-08-18,11285.06,73,154.59,图书,线上
2024-08-18,17762.71,115,154.46,图书,线下
2024-08-18,17273.66,111,155.62,图书,小程序
2024-08-18,8184.58,120,68.2,图书,APP
2024-08-18,22112.12,30,737.07,家居,线上
2024-08-18,8511.07,91,93.53,家居,线下
2024-08-18,23123.05,80,289.04,家居,小程序
2024-08-18,22079.02,40,551.98,家居,APP
2024-08-18,20047.79,102,196.55,食品,线上
2024-08-18,6769.02,37,182.95,食品,线下
2024-08-18,11239.39,61,184.25,食品,小程序
2024-08-18,22673.09,43,527.28,食品,APP
2024-08-18,5137.59,58,88.58,美妆,线上
2024-08-18,16813.53,62,271.19,美妆,线下
2024-08-18,19380.22,109,177.8,美妆,小程序
2024-08-18,17210.78,43,400.25,美妆,APP
2024-08-19,10450.43,142,73.59,电子产品,线上
2024-08-19,9966.34,150,66.44,电子产品,线下
2024-08-19,8372.04,70,119.6,电子产品,小程序
2024-08-19,21960.91,126,174.29,电子产品,APP
2024-08-19,23483.21,41,572.76,服装,线上
2024-08-19,8704.12,147,59.21,服装,线下
2024-08-19,6483.03,49,132.31,服装,小程序
2024-08-19,7470.9,32,233.47,服装,APP
2024-08-19,16698.49,58,287.91,图书,线上
2024-08-19,6910.85,60,115.18,图书,线下
2024-08-19,6958.49,137,50.79,图书,小程序
2024-08-19,12479.32,55,226.9,图书,APP
2024-08-19,5737.69,42,136.61,家居,线上
2024-08-19,6917.93,117,59.13,家居,线下
2024-08-19,12339.13,53,232.81,家居,小程序
2024-08-19,21991.75,30,733.06,家居,APP
2024-08-19,7012.89,28,250.46,食品,线上
2024-08-19,13167.06,107,123.06,食品,线下
2024-08-19,17235.89,132,130.57,食品,小程序
2024-08-19,22353.15,70,319.33,食品,APP
2024-08-19,22222.34,74,300.3,美妆,线上
2024-08-19,5426.13,69,78.64,美妆,线下
2024-08-19,12882.69,106,121.53,美妆,小程序
2024-08-19,8666.02,23,376.78,美妆,APP
2024-08-20,17278.05,136,127.04,电子产品,线上
2024-08-20,17093.75,97,176.22,电子产品,线下
2024-08-20,19485.63,46,423.6,电子产品,小程序
2024-08-20,7584.95,92,82.45,电子产品,APP
2024-08-20,8088.02,43,188.09,服装,线上
2024-08-20,10143.78,121,83.83,服装,线下
2024-08-20,16613.97,55,302.07,服装,小程序
2024-08-20,22243.02,22,1011.05,服装,APP
2024-08-20,15685.5,103,152.29,图书,线上
2024-08-20,23382.86,58,403.15,图书,线下
2024-08-20,16063.08,116,138.47,图书,小程序
2024-08-20,7189.7,69,104.2,图书,APP
2024-08-20,18042.72,113,159.67,家居,线上
2024-08-20,23621.68,109,216.71,家居,线下
2024-08-20,18440.32,36,512.23,家居,小程序
2024-08-20,20127.45,20,1006.37,家居,APP
2024-08-20,20030.6,74,270.68,食品,线上
2024-08-20,18328.33,108,169.71,食品,线下
2024-08-20,7178.24,147,48.83,食品,小程序
2024-08-20,20374.74,44,463.06,食品,APP
2024-08-20,9088.75,136,66.83,美妆,线上
2024-08-20,6996.92,90,77.74,美妆,线下
2024-08-20,8365.49,111,75.36,美妆,小程序
2024-08-20,15178.08,113,134.32,美妆,APP
2024-08-21,12145.02,53,229.15,电子产品,线上
2024-08-21,8803.62,26,338.6,电子产品,线下
2024-08-21,9705.77,39,248.87,电子产品,小程序
2024-08-21,21686.47,59,367.57,电子产品,APP
2024-08-21,5252.41,143,36.73,服装,线上
2024-08-21,22488.36,128,175.69,服装,线下
2024-08-21,7109.64,61,116.55,服装,小程序
2024-08-21,13896.97,146,95.18,服装,APP
2024-08-21,10059.69,62,162.25,图书,线上
2024-08-21,16178.92,35,462.25,图书,线下
2024-08-21,13207.26,41,322.13,图书,小程序
2024-08-21,12980.64,25,519.23,图书,APP
2024-08-21,12620.87,53,238.13,家居,线上
2024-08-21,7173.86,92,77.98,家居,线下
2024-08-21,14882.81,47,316.66,家居,小程序
2024-08-21,11287.96,86,131.26,家居,APP
2024-08-21,22921.46,60,382.02,食品,线上
2024-08-21,20536.8,21,977.94,食品,线下
2024-08-21,8990.82,93,96.68,食品,小程序
2024-08-21,5380.79,35,153.74,食品,APP
2024-08-21,7139.78,112,63.75,美妆,线上
2024-08-21,22065.25,123,179.39,美妆,线下
2024-08-21,22991.48,135,170.31,美妆,小程序
2024-08-21,11786.74,98,120.27,美妆,APP
2024-08-22,16698.84,114,146.48,电子产品,线上
2024-08-22,13253.61,109,121.59,电子产品,线下
2024-08-22,11898.38,128,92.96,电子产品,小程序
2024-08-22,20918.93,83,252.04,电子产品,APP
2024-08-22,9589.59,47,204.03,服装,线上
2024-08-22,7400.68,84,88.1,服装,线下
2024-08-22,13615.81,20,680.79,服装,小程序
2024-08-22,6897.57,35,197.07,服装,APP
2024-08-22,19496.63,51,382.29,图书,线上
2024-08-22,5523.46,26,212.44,图书,线下
2024-08-22,20203.3,125,161.63,图书,小程序
2024-08-22,15377.65,45,341.73,图书,APP
2024-08-22,13378.21,90,148.65,家居,线上
2024-08-22,19387.35,43,450.87,家居,线下
2024-08-22,14136.89,128,110.44,家居,小程序
2024-08-22,14659.06,23,637.35,家居,APP
2024-08-22,14670.0,113,129.82,食品,线上
2024-08-22,13348.28,57,234.18,食品,线下
2024-08-22,16121.89,47,343.02,食品,小程序
2024-08-22,23419.16,35,669.12,食品,APP
2024-08-22,13648.51,70,194.98,美妆,线上
2024-08-22,14507.61,124,117.0,美妆,线下
2024-08-22,13447.8,83,162.02,美妆,小程序
2024-08-22,5813.33,78,74.53,美妆,APP
2024-08-23,11180.28,32,349.38,电子产品,线上
2024-08-23,20415.39,93,219.52,电子产品,线下
2024-08-23,11736.89,90,130.41,电子产品,小程序
2024-08-23,14251.12,71,200.72,电子产品,APP
2024-08-23,20185.49,64,315.4,服装,线上
2024-08-23,6994.76,70,99.93,服装,线下
2024-08-23,5277.48,131,40.29,服装,小程序
2024-08-23,8291.51,110,75.38,服装,APP
2024-08-23,13382.77,129,103.74,图书,线上
2024-08-23,16250.93,147,110.55,图书,线下
2024-08-23,5371.47,50,107.43,图书,小程序
2024-08-23,15580.61,105,148.39,图书,APP
2024-08-23,8622.59,71,121.44,家居,线上
2024-08-23,16458.4,60,274.31,家居,线下
2024-08-23,20599.54,132,156.06,家居,小程序
2024-08-23,22508.26,131,171.82,家居,APP
2024-08-23,21887.29,131,167.08,食品,线上
2024-08-23,20611.21,40,515.28,食品,线下
2024-08-23,11585.41,36,321.82,食品,小程序
2024-08-23,14876.89,55,270.49,食品,APP
2024-08-23,18235.19,141,129.33,美妆,线上
2024-08-23,5165.91,34,151.94,美妆,线下
2024-08-23,23619.36,123,192.03,美妆,小程序
2024-08-23,12767.89,45,283.73,美妆,APP
2024-08-24,10808.93,104,103.93,电子产品,线上
2024-08-24,16906.27,26,650.24,电子产品,线下
2024-08-24,19379.22,49,395.49,电子产品,小程序
2024-08-24,5795.42,144,40.25,电子产品,APP
2024-08-24,17671.7,51,346.5,服装,线上
2024-08-24,22441.68,29,773.85,服装,线下
2024-08-24,5199.07,87,59.76,服装,小程序
2024-08-24,16110.49,37,435.42,服装,APP
2024-08-24,20641.18,89,231.92,图书,线上
2024-08-24,15890.77,100,158.91,图书,线下
2024-08-24,9626.8,36,267.41,图书,小程序
2024-08-24,10925.86,64,170.72,图书,APP
2024-08-24,5635.77,148,38.08,家居,线上
2024-08-24,5550.95,96,57.82,家居,线下
2024-08-24,17287.0,147,117.6,家居,小程序
2024-08-24,22737.28,121,187.91,家居,APP
2024-08-24,19923.51,146,136.46,食品,线上
2024-08-24,17138.49,36,476.07,食品,线下
2024-08-24,8650.67,132,65.54,食品,小程序
2024-08-24,18030.7,126,143.1,食品,APP
2024-08-24,12189.83,94,129.68,美妆,线上
2024-08-24,6787.97,117,58.02,美妆,线下
2024-08-24,23242.27,58,400.73,美妆,小程序
2024-08-24,8990.4,93,96.67,美妆,APP
2024-08-25,23277.14,144,161.65,电子产品,线上
2024-08-25,14128.18,88,160.55,电子产品,线下
2024-08-25,9644.24,64,150.69,电子产品,小程序
2024-08-25,19592.6,131,149.56,电子产品,APP
2024-08-25,8381.68,94,89.17,服装,线上
2024-08-25,16121.36,49,329.01,服装,线下
2024-08-25,24111.87,134,179.94,服装,小程序
2024-08-25,20460.12,37,552.98,服装,APP
2024-08-25,18611.06,87,213.92,图书,线上
2024-08-25,8035.73,130,61.81,图书,线下
2024-08-25,21255.83,55,386.47,图书,小程序
2024-08-25,5348.35,139,38.48,图书,APP
2024-08-25,5825.95,137,42.53,家居,线上
2024-08-25,20707.89,63,328.7,家居,线下
2024-08-25,6884.95,125,55.08,家居,小程序
2024-08-25,5902.24,60,98.37,家居,APP
2024-08-25,17629.08,27,652.93,食品,线上
2024-08-25,17049.72,86,198.25,食品,线下
2024-08-25,6679.52,41,162.92,食品,小程序
2024-08-25,9392.0,149,63.03,食品,APP
2024-08-25,21968.72,134,163.95,美妆,线上
2024-08-25,22276.13,48,464.09,美妆,线下
2024-08-25,6455.42,133,48.54,美妆,小程序
2024-08-25,23470.18,148,158.58,美妆,APP
2024-08-26,17021.88,94,181.08,电子产品,线上
2024-08-26,22887.36,150,152.58,电子产品,线下
2024-08-26,5451.44,38,143.46,电子产品,小程序
2024-08-26,23717.21,122,194.4,电子产品,APP
2024-08-26,22233.66,97,229.21,服装,线上
2024-08-26,15256.33,61,250.1,服装,线下
2024-08-26,19584.45,135,145.07,服装,小程序
2024-08-26,23256.57,111,209.52,服装,APP
2024-08-26,15000.65,79,189.88,图书,线上
2024-08-26,15955.57,132,120.88,图书,线下
2024-08-26,23756.29,115,206.58,图书,小程序
2024-08-26,13362.93,22,607.41,图书,APP
2024-08-26,15333.98,35,438.11,家居,线上
2024-08-26,20634.52,86,239.94,家居,线下
2024-08-26,15353.32,127,120.89,家居,小程序
2024-08-26,14074.92,141,99.82,家居,APP
2024-08-26,17811.28,66,269.87,食品,线上
2024-08-26,21222.31,117,181.39,食品,线下
2024-08-26,15806.75,96,164.65,食品,小程序
2024-08-26,16433.46,43,382.17,食品,APP
2024-08-26,19716.14,41,480.88,美妆,线上
2024-08-26,23010.66,150,153.4,美妆,线下
2024-08-26,22171.99,89,249.12,美妆,小程序
2024-08-26,20237.96,128,158.11,美妆,APP
2024-08-27,15795.46,149,106.01,电子产品,线上
2024-08-27,7811.75,120,65.1,电子产品,线下
2024-08-27,16164.3,142,113.83,电子产品,小程序
2024-08-27,17841.75,32,557.55,电子产品,APP
2024-08-27,10088.29,110,91.71,服装,线上
2024-08-27,9350.94,50,187.02,服装,线下
2024-08-27,9922.8,42,236.26,服装,小程序
2024-08-27,20290.66,128,158.52,服装,APP
2024-08-27,7071.54,129,54.82,图书,线上
2024-08-27,5735.78,83,69.11,图书,线下
2024-08-27,8330.51,92,90.55,图书,小程序
2024-08-27,18029.2,77,234.15,图书,APP
2024-08-27,11379.19,116,98.1,家居,线上
2024-08-27,11783.7,137,86.01,家居,线下
2024-08-27,16211.86,121,133.98,家居,小程序
2024-08-27,8422.12,31,271.68,家居,APP
2024-08-27,22137.11,127,174.31,食品,线上
2024-08-27,18571.89,92,201.87,食品,线下
2024-08-27,21167.93,116,182.48,食品,小程序
2024-08-27,12362.86,83,148.95,食品,APP
2024-08-27,18929.74,129,146.74,美妆,线上
2024-08-27,5376.83,135,39.83,美妆,线下
2024-08-27,14859.3,58,256.19,美妆,小程序
2024-08-27,6140.36,22,279.11,美妆,APP
2024-08-28,7891.36,106,74.45,电子产品,线上
2024-08-28,6897.67,56,123.17,电子产品,线下
2024-08-28,8025.67,111,72.3,电子产品,小程序
2024-08-28,16254.67,82,198.23,电子产品,APP
2024-08-28,21062.98,124,169.86,服装,线上
2024-08-28,10285.85,52,197.8,服装,线下
2024-08-28,4902.72,76,64.51,服装,小程序
2024-08-28,10103.74,122,82.82,服装,APP
2024-08-28,15328.46,148,103.57,图书,线上
2024-08-28,9360.21,30,312.01,图书,线下
2024-08-28,22136.47,55,402.48,图书,小程序
2024-08-28,24186.48,121,199.89,图书,APP
2024-08-28,14286.99,133,107.42,家居,线上
2024-08-28,16684.44,37,450.93,家居,线下
2024-08-28,13217.52,36,367.15,家居,小程序
2024-08-28,6642.54,38,174.8,家居,APP
2024-08-28,9095.82,48,189.5,食品,线上
2024-08-28,16381.98,83,197.37,食品,线下
2024-08-28,11902.12,61,195.12,食品,小程序
2024-08-28,24452.17,72,339.61,食品,APP
2024-08-28,18893.37,47,401.99,美妆,线上
2024-08-28,9452.2,141,67.04,美妆,线下
2024-08-28,18990.89,20,949.54,美妆,小程序
2024-08-28,11588.42,83,139.62,美妆,APP
2024-08-29,5775.95,85,67.95,电子产品,线上
2024-08-29,11230.17,150,74.87,电子产品,线下
2024-08-29,6770.84,105,64.48,电子产品,小程序
2024-08-29,20245.12,25,809.8,电子产品,APP
2024-08-29,22805.86,112,203.62,服装,线上
2024-08-29,22735.47,91,249.84,服装,线下
2024-08-29,19669.43,146,134.72,服装,小程序
2024-08-29,7758.74,51,152.13,服装,APP
2024-08-29,17031.11,129,132.02,图书,线上
2024-08-29,11164.63,28,398.74,图书,线下
2024-08-29,22079.07,94,234.88,图书,小程序
2024-08-29,10294.01,126,81.7,图书,APP
2024-08-29,12819.63,36,356.1,家居,线上
2024-08-29,14156.15,143,98.99,家居,线下
2024-08-29,22541.75,36,626.16,家居,小程序
2024-08-29,20100.44,52,386.55,家居,APP
2024-08-29,18680.88,30,622.7,食品,线上
2024-08-29,15663.26,20,783.16,食品,线下
2024-08-29,21946.5,138,159.03,食品,小程序
2024-08-29,21298.29,57,373.65,食品,APP
2024-08-29,6820.04,40,170.5,美妆,线上
2024-08-29,13621.49,125,108.97,美妆,线下
2024-08-29,15078.71,46,327.8,美妆,小程序
2024-08-29,20392.93,103,197.99,美妆,APP
2024-08-30,17220.81,120,143.51,电子产品,线上
2024-08-30,17300.59,87,198.86,电子产品,线下
2024-08-30,15708.37,83,189.26,电子产品,小程序
2024-08-30,18727.34,121,154.77,电子产品,APP
2024-08-30,18679.94,132,141.51,服装,线上
2024-08-30,11084.18,149,74.39,服装,线下
2024-08-30,12456.77,99,125.83,服装,小程序
2024-08-30,18526.19,43,430.84,服装,APP
2024-08-30,11394.26,86,132.49,图书,线上
2024-08-30,24253.79,32,757.93,图书,线下
2024-08-30,7117.8,54,131.81,图书,小程序
2024-08-30,19191.16,66,290.78,图书,APP
2024-08-30,6090.37,142,42.89,家居,线上
2024-08-30,24565.38,83,295.97,家居,线下
2024-08-30,18690.04,117,159.74,家居,小程序
2024-08-30,22482.61,31,725.25,家居,APP
2024-08-30,11866.63,38,312.28,食品,线上
2024-08-30,14298.53,128,111.71,食品,线下
2024-08-30,18409.29,35,525.98,食品,小程序
2024-08-30,9415.55,121,77.81,食品,APP
2024-08-30,9022.26,100,90.22,美妆,线上
2024-08-30,9839.56,52,189.22,美妆,线下
2024-08-30,6907.85,86,80.32,美妆,小程序
2024-08-30,11400.71,34,335.31,美妆,APP
2024-08-31,12461.75,21,593.42,电子产品,线上
2024-08-31,5926.96,97,61.1,电子产品,线下
2024-08-31,20941.73,96,218.14,电子产品,小程序
2024-08-31,15460.77,84,184.06,电子产品,APP
2024-08-31,8498.14,95,89.45,服装,线上
2024-08-31,23190.75,116,199.92,服装,线下
2024-08-31,18473.38,90,205.26,服装,小程序
2024-08-31,20516.22,131,156.61,服装,APP
2024-08-31,13499.08,125,107.99,图书,线上
2024-08-31,5943.81,131,45.37,图书,线下
2024-08-31,10146.61,23,441.16,图书,小程序
2024-08-31,21203.21,99,214.17,图书,APP
2024-08-31,11189.08,113,99.02,家居,线上
2024-08-31,14661.86,133,110.24,家居,线下
2024-08-31,11687.75,27,432.88,家居,小程序
2024-08-31,16270.26,98,166.02,家居,APP
2024-08-31,20169.27,76,265.39,食品,线上
2024-08-31,8762.84,149,58.81,食品,线下
2024-08-31,20907.47,27,774.35,食品,小程序
2024-08-31,13376.47,82,163.13,食品,APP
2024-08-31,21933.22,114,192.4,美妆,线上
2024-08-31,10066.52,123,81.84,美妆,线下
2024-08-31,22306.65,53,420.88,美妆,小程序
2024-08-31,21878.75,67,326.55,美妆,APP
2024-09-01,20295.19,106,191.46,电子产品,线上
2024-09-01,18906.41,33,572.92,电子产品,线下
2024-09-01,7128.18,105,67.89,电子产品,小程序
2024-09-01,16978.22,108,157.21,电子产品,APP
2024-09-01,9524.87,33,288.63,服装,线上
2024-09-01,5154.35,128,40.27,服装,线下
2024-09-01,8159.73,67,121.79,服装,小程序
2024-09-01,7327.38,58,126.33,服装,APP
2024-09-01,10821.83,135,80.16,图书,线上
2024-09-01,13488.33,142,94.99,图书,线下
2024-09-01,18774.18,141,133.15,图书,小程序
2024-09-01,11150.07,54,206.48,图书,APP
2024-09-01,20163.6,37,544.96,家居,线上
2024-09-01,12731.79,46,276.78,家居,线下
2024-09-01,6544.76,91,71.92,家居,小程序
2024-09-01,19076.32,45,423.92,家居,APP
2024-09-01,6807.99,148,46.0,食品,线上
2024-09-01,21187.42,84,252.23,食品,线下
2024-09-01,15581.19,119,130.93,食品,小程序
2024-09-01,24729.41,21,1177.59,食品,APP
2024-09-01,20097.65,23,873.81,美妆,线上
2024-09-01,7127.17,121,58.9,美妆,线下
2024-09-01,14542.81,146,99.61,美妆,小程序
2024-09-01,24694.87,52,474.9,美妆,APP
2024-09-02,8902.29,40,222.56,电子产品,线上
2024-09-02,8443.19,111,76.06,电子产品,线下
2024-09-02,13857.82,23,602.51,电子产品,小程序
2024-09-02,23578.96,89,264.93,电子产品,APP
2024-09-02,13898.29,124,112.08,服装,线上
2024-09-02,20814.6,62,335.72,服装,线下
2024-09-02,17741.22,128,138.6,服装,小程序
2024-09-02,6511.54,48,135.66,服装,APP
2024-09-02,23350.09,33,707.58,图书,线上
2024-09-02,9062.16,84,107.88,图书,线下
2024-09-02,9559.63,142,67.32,图书,小程序
2024-09-02,11822.58,130,90.94,图书,APP
2024-09-02,11893.83,118,100.8,家居,线上
2024-09-02,22289.45,32,696.55,家居,线下
2024-09-02,14199.55,109,130.27,家居,小程序
2024-09-02,24431.84,63,387.81,家居,APP
2024-09-02,12348.58,87,141.94,食品,线上
2024-09-02,23918.43,64,373.73,食品,线下
2024-09-02,11175.95,51,219.14,食品,小程序
2024-09-02,18403.18,79,232.95,食品,APP
2024-09-02,15043.26,84,179.09,美妆,线上
2024-09-02,12219.47,88,138.86,美妆,线下
2024-09-02,5932.73,129,45.99,美妆,小程序
2024-09-02,10071.89,114,88.35,美妆,APP
2024-09-03,10726.7,139,77.17,电子产品,线上
2024-09-03,11795.6,57,206.94,电子产品,线下
2024-09-03,22444.62,39,575.5,电子产品,小程序
2024-09-03,7243.31,69,104.98,电子产品,APP
2024-09-03,8100.32,134,60.45,服装,线上
2024-09-03,10731.89,145,74.01,服装,线下
2024-09-03,18682.74,41,455.68,服装,小程序
2024-09-03,14044.55,121,116.07,服装,APP
2024-09-03,20325.9,82,247.88,图书,线上
2024-09-03,18328.52,62,295.62,图书,线下
2024-09-03,14816.87,27,548.77,图书,小程序
2024-09-03,8851.18,117,75.65,图书,APP
2024-09-03,18741.08,38,493.19,家居,线上
2024-09-03,23003.17,110,209.12,家居,线下
2024-09-03,19324.99,35,552.14,家居,小程序
2024-09-03,21068.24,37,569.41,家居,APP
2024-09-03,17170.93,119,144.29,食品,线上
2024-09-03,24297.44,30,809.91,食品,线下
2024-09-03,10119.89,69,146.67,食品,小程序
2024-09-03,5675.94,78,72.77,食品,APP
2024-09-03,11524.24,148,77.87,美妆,线上
2024-09-03,21640.39,88,245.91,美妆,线下
2024-09-03,17519.43,78,224.61,美妆,小程序
2024-09-03,11644.98,78,149.29,美妆,APP
2024-09-04,22756.46,23,989.41,电子产品,线上
2024-09-04,5749.27,46,124.98,电子产品,线下
2024-09-04,15385.0,121,127.15,电子产品,小程序
2024-09-04,13892.96,149,93.24,电子产品,APP
2024-09-04,10795.94,37,291.78,服装,线上
2024-09-04,21981.15,108,203.53,服装,线下
2024-09-04,24925.33,91,273.9,服装,小程序
2024-09-04,10142.01,112,90.55,服装,APP
2024-09-04,10293.91,129,79.8,图书,线上
2024-09-04,6105.84,73,83.64,图书,线下
2024-09-04,21516.19,112,192.11,图书,小程序
2024-09-04,18880.3,141,133.9,图书,APP
2024-09-04,17156.78,75,228.76,家居,线上
2024-09-04,14090.03,47,299.79,家居,线下
2024-09-04,5342.98,102,52.38,家居,小程序
2024-09-04,9876.86,51,193.66,家居,APP
2024-09-04,7988.9,136,58.74,食品,线上
2024-09-04,24350.86,85,286.48,食品,线下
2024-09-04,22616.37,118,191.66,食品,小程序
2024-09-04,21203.45,128,165.65,食品,APP
2024-09-04,24910.71,59,422.22,美妆,线上
2024-09-04,22830.96,35,652.31,美妆,线下
2024-09-04,11187.64,100,111.88,美妆,小程序
2024-09-04,14711.79,54,272.44,美妆,APP
2024-09-05,21963.19,46,477.46,电子产品,线上
2024-09-05,10587.48,135,78.43,电子产品,线下
2024-09-05,18802.81,84,223.84,电子产品,小程序
2024-09-05,12659.6,29,436.54,电子产品,APP
2024-09-05,21412.11,117,183.01,服装,线上
2024-09-05,19397.55,64,303.09,服装,线下
2024-09-05,10457.4,72,145.24,服装,小程序
2024-09-05,21844.66,77,283.7,服装,APP
2024-09-05,17012.83,61,278.9,图书,线上
2024-09-05,15580.35,80,194.75,图书,线下
2024-09-05,16520.46,46,359.14,图书,小程序
2024-09-05,8097.48,48,168.7,图书,APP
2024-09-05,24948.54,147,169.72,家居,线上
2024-09-05,5656.52,60,94.28,家居,线下
2024-09-05,24107.8,73,330.24,家居,小程序
2024-09-05,24909.66,32,778.43,家居,APP
2024-09-05,19422.15,74,262.46,食品,线上
2024-09-05,8437.48,51,165.44,食品,线下
2024-09-05,5953.37,49,121.5,食品,小程序
2024-09-05,5349.94,78,68.59,食品,APP
2024-09-05,8597.96,20,429.9,美妆,线上
2024-09-05,5377.7,118,45.57,美妆,线下
2024-09-05,14365.49,117,122.78,美妆,小程序
2024-09-05,7363.69,27,272.73,美妆,APP
2024-09-06,15365.27,143,107.45,电子产品,线上
2024-09-06,19560.59,51,383.54,电子产品,线下
2024-09-06,5295.35,41,129.15,电子产品,小程序
2024-09-06,21647.97,68,318.35,电子产品,APP
2024-09-06,12623.33,43,293.57,服装,线上
2024-09-06,10922.28,80,136.53,服装,线下
2024-09-06,23267.99,94,247.53,服装,小程序
2024-09-06,23892.7,82,291.37,服装,APP
2024-09-06,18066.23,41,440.64,图书,线上
2024-09-06,17021.75,32,531.93,图书,线下
2024-09-06,21006.1,90,233.4,图书,小程序
2024-09-06,13605.93,55,247.38,图书,APP
2024-09-06,9021.17,99,91.12,家居,线上
2024-09-06,13353.08,100,133.53,家居,线下
2024-09-06,21936.4,45,487.48,家居,小程序
2024-09-06,5775.11,70,82.5,家居,APP
2024-09-06,19935.02,24,830.63,食品,线上
2024-09-06,14333.81,123,116.54,食品,线下
2024-09-06,23638.14,20,1181.91,食品,小程序
2024-09-06,12570.35,91,138.14,食品,APP
2024-09-06,24194.82,117,206.79,美妆,线上
2024-09-06,13938.3,39,357.39,美妆,线下
2024-09-06,11786.79,31,380.22,美妆,小程序
2024-09-06,13905.39,119,116.85,美妆,APP
2024-09-07,13676.86,43,318.07,电子产品,线上
2024-09-07,6589.85,120,54.92,电子产品,线下
2024-09-07,23730.95,96,247.2,电子产品,小程序
2024-09-07,22741.2,43,528.87,电子产品,APP
2024-09-07,19415.52,77,252.15,服装,线上
2024-09-07,25168.5,20,1258.42,服装,线下
2024-09-07,21525.47,102,211.03,服装,小程序
2024-09-07,7134.13,88,81.07,服装,APP
2024-09-07,20806.37,140,148.62,图书,线上
2024-09-07,5941.34,23,258.32,图书,线下
2024-09-07,12561.73,69,182.05,图书,小程序
2024-09-07,13835.89,71,194.87,图书,APP
2024-09-07,11074.49,56,197.76,家居,线上
2024-09-07,12778.19,123,103.89,家居,线下
2024-09-07,8329.37,137,60.8,家居,小程序
2024-09-07,21060.45,79,266.59,家居,APP
2024-09-07,16075.19,50,321.5,食品,线上
2024-09-07,14702.44,144,102.1,食品,线下
2024-09-07,20992.84,38,552.44,食品,小程序
2024-09-07,12496.62,114,109.62,食品,APP
2024-09-07,21425.51,129,166.09,美妆,线上
2024-09-07,8762.92,136,64.43,美妆,线下
2024-09-07,22260.72,136,163.68,美妆,小程序
2024-09-07,23337.22,25,933.49,美妆,APP
2024-09-08,19267.27,80,240.84,电子产品,线上
2024-09-08,7690.95,42,183.12,电子产品,线下
2024-09-08,7817.53,111,70.43,电子产品,小程序
2024-09-08,14392.07,67,214.81,电子产品,APP
2024-09-08,12872.04,97,132.7,服装,线上
2024-09-08,25080.14,21,1194.29,服装,线下
2024-09-08,20653.03,114,181.17,服装,小程序
2024-09-08,24196.59,38,636.75,服装,APP
2024-09-08,21121.07,112,188.58,图书,线上
2024-09-08,11962.5,100,119.62,图书,线下
2024-09-08,24952.21,50,499.04,图书,小程序
2024-09-08,14515.01,136,106.73,图书,APP
2024-09-08,11046.8,43,256.9,家居,线上
2024-09-08,18812.78,55,342.05,家居,线下
2024-09-08,15080.99,118,127.8,家居,小程序
2024-09-08,17406.54,39,446.32,家居,APP
2024-09-08,7079.52,57,124.2,食品,线上
2024-09-08,10833.21,123,88.07,食品,线下
2024-09-08,24307.73,131,185.56,食品,小程序
2024-09-08,10546.0,61,172.89,食品,APP
2024-09-08,7985.29,142,56.23,美妆,线上
2024-09-08,11934.98,39,306.03,美妆,线下
2024-09-08,14284.36,87,164.19,美妆,小程序
2024-09-08,19834.99,113,175.53,美妆,APP
2024-09-09,10588.62,53,199.79,电子产品,线上
2024-09-09,7283.98,108,67.44,电子产品,线下
2024-09-09,19090.13,115,166.0,电子产品,小程序
2024-09-09,15093.6,31,486.89,电子产品,APP
2024-09-09,11666.33,149,78.3,服装,线上
2024-09-09,7718.34,56,137.83,服装,线下
2024-09-09,7716.48,113,68.29,服装,小程序
2024-09-09,15315.84,20,765.79,服装,APP
2024-09-09,19690.74,24,820.45,图书,线上
2024-09-09,24361.5,32,761.3,图书,线下
2024-09-09,6425.53,122,52.67,图书,小程序
2024-09-09,9628.1,107,89.98,图书,APP
2024-09-09,13533.24,33,410.1,家居,线上
2024-09-09,14545.13,74,196.56,家居,线下
2024-09-09,22089.26,91,242.74,家居,小程序
2024-09-09,22506.27,140,160.76,家居,APP
2024-09-09,25464.29,148,172.06,食品,线上
2024-09-09,8467.49,103,82.21,食品,线下
2024-09-09,23322.47,91,256.29,食品,小程序
2024-09-09,5229.85,42,124.52,食品,APP
2024-09-09,15080.65,66,228.49,美妆,线上
2024-09-09,8425.72,87,96.85,美妆,线下
2024-09-09,19829.56,81,244.81,美妆,小程序
2024-09-09,6973.41,127,54.91,美妆,APP
2024-09-10,6637.49,115,57.72,电子产品,线上
2024-09-10,5274.11,36,146.5,电子产品,线下
2024-09-10,6358.18,109,58.33,电子产品,小程序
2024-09-10,24553.9,35,701.54,电子产品,APP
2024-09-10,7028.12,115,61.11,服装,线上
2024-09-10,25207.45,65,387.81,服装,线下
2024-09-10,22513.58,47,479.01,服装,小程序
2024-09-10,25337.74,42,603.28,服装,APP
2024-09-10,11628.57,129,90.14,图书,线上
2024-09-10,6810.03,31,219.68,图书,线下
2024-09-10,20455.93,78,262.26,图书,小程序
2024-09-10,24636.91,132,186.64,图书,APP
2024-09-10,6241.33,54,115.58,家居,线上
2024-09-10,9253.93,28,330.5,家居,线下
2024-09-10,14662.21,130,112.79,家居,小程序
2024-09-10,17364.09,23,754.96,家居,APP
2024-09-10,5240.28,143,36.65,食品,线上
2024-09-10,10423.32,42,248.17,食品,线下
2024-09-10,23201.35,99,234.36,食品,小程序
2024-09-10,16708.05,103,162.21,食品,APP
2024-09-10,19535.06,78,250.45,美妆,线上
2024-09-10,21832.06,56,389.86,美妆,线下
2024-09-10,21558.74,139,155.1,美妆,小程序
2024-09-10,13650.17,74,184.46,美妆,APP
2024-09-11,23039.86,125,184.32,电子产品,线上
2024-09-11,12284.58,85,144.52,电子产品,线下
2024-09-11,10929.6,140,78.07,电子产品,小程序
2024-09-11,20990.13,125,167.92,电子产品,APP
2024-09-11,22443.37,42,534.37,服装,线上
2024-09-11,24984.59,56,446.15,服装,线下
2024-09-11,25357.88,71,357.15,服装,小程序
2024-09-11,21791.37,41,531.5,服装,APP
2024-09-11,9569.96,38,251.84,图书,线上
2024-09-11,5898.81,105,56.18,图书,线下
2024-09-11,6102.97,110,55.48,图书,小程序
2024-09-11,21169.71,123,172.11,图书,APP
2024-09-11,9746.84,66,147.68,家居,线上
2024-09-11,6584.69,95,69.31,家居,线下
2024-09-11,9572.41,112,85.47,家居,小程序
2024-09-11,14210.82,81,175.44,家居,APP
2024-09-11,12135.44,58,209.23,食品,线上
2024-09-11,13856.02,35,395.89,食品,线下
2024-09-11,13545.19,89,152.19,食品,小程序
2024-09-11,25391.13,131,193.83,食品,APP
2024-09-11,5968.97,129,46.27,美妆,线上
2024-09-11,14416.48,76,189.69,美妆,线下
2024-09-11,25612.45,84,304.91,美妆,小程序
2024-09-11,23572.7,148,159.28,美妆,APP
2024-09-12,9233.0,97,95.19,电子产品,线上
2024-09-12,25251.49,101,250.01,电子产品,线下
2024-09-12,21778.56,117,186.14,电子产品,小程序
2024-09-12,24286.46,96,252.98,电子产品,APP
2024-09-12,13601.56,55,247.3,服装,线上
2024-09-12,16386.61,104,157.56,服装,线下
2024-09-12,12110.54,134,90.38,服装,小程序
2024-09-12,22112.49,90,245.69,服装,APP
2024-09-12,19797.84,120,164.98,图书,线上
2024-09-12,12652.07,105,120.5,图书,线下
2024-09-12,12493.08,113,110.56,图书,小程序
2024-09-12,25111.47,60,418.52,图书,APP
2024-09-12,9456.09,66,143.27,家居,线上
2024-09-12,20305.88,22,922.99,家居,线下
2024-09-12,17503.83,105,166.7,家居,小程序
2024-09-12,23896.1,103,232.0,家居,APP
2024-09-12,7406.19,146,50.73,食品,线上
2024-09-12,18227.1,99,184.11,食品,线下
2024-09-12,20335.6,46,442.08,食品,小程序
2024-09-12,23630.03,45,525.11,食品,APP
2024-09-12,24906.61,45,553.48,美妆,线上
2024-09-12,14779.61,149,99.19,美妆,线下
2024-09-12,24706.74,44,561.52,美妆,小程序
2024-09-12,17648.17,24,735.34,美妆,APP
2024-09-13,8166.37,95,85.96,电子产品,线上
2024-09-13,19861.18,133,149.33,电子产品,线下
2024-09-13,19399.44,33,587.86,电子产品,小程序
2024-09-13,19498.53,65,299.98,电子产品,APP
2024-09-13,8704.78,26,334.8,服装,线上
2024-09-13,13657.43,114,119.8,服装,线下
2024-09-13,24341.01,100,243.41,服装,小程序
2024-09-13,22221.91,88,252.52,服装,APP
2024-09-13,19746.13,41,481.61,图书,线上
2024-09-13,19412.15,20,970.61,图书,线下
2024-09-13,23791.31,54,440.58,图书,小程序
2024-09-13,8997.25,100,89.97,图书,APP
2024-09-13,21542.51,111,194.08,家居,线上
2024-09-13,23353.23,35,667.24,家居,线下
2024-09-13,5423.98,126,43.05,家居,小程序
2024-09-13,21014.07,32,656.69,家居,APP
2024-09-13,6847.0,48,142.65,食品,线上
2024-09-13,12224.04,66,185.21,食品,线下
2024-09-13,24073.08,108,222.9,食品,小程序
2024-09-13,25324.23,86,294.47,食品,APP
2024-09-13,14365.82,106,135.53,美妆,线上
2024-09-13,5869.74,92,63.8,美妆,线下
2024-09-13,6116.09,146,41.89,美妆,小程序
2024-09-13,7283.15,133,54.76,美妆,APP
2024-09-14,19936.1,53,376.15,电子产品,线上
2024-09-14,14911.48,32,465.98,电子产品,线下
2024-09-14,24669.82,113,218.32,电子产品,小程序
2024-09-14,18676.83,79,236.42,电子产品,APP
2024-09-14,19147.22,36,531.87,服装,线上
2024-09-14,6229.23,120,51.91,服装,线下
2024-09-14,11237.39,75,149.83,服装,小程序
2024-09-14,25486.42,23,1108.11,服装,APP
2024-09-14,9470.19,50,189.4,图书,线上
2024-09-14,5286.1,109,48.5,图书,线下
2024-09-14,7857.08,28,280.61,图书,小程序
2024-09-14,23573.68,129,182.74,图书,APP
2024-09-14,6176.22,92,67.13,家居,线上
2024-09-14,6569.06,96,68.43,家居,线下
2024-09-14,18320.55,44,416.38,家居,小程序
2024-09-14,25185.08,106,237.6,家居,APP
2024-09-14,23619.92,64,369.06,食品,线上
2024-09-14,25277.69,111,227.73,食品,线下
2024-09-14,12454.69,82,151.89,食品,小程序
2024-09-14,24221.7,107,226.37,食品,APP
2024-09-14,8284.37,112,73.97,美妆,线上
2024-09-14,13328.33,28,476.01,美妆,线下
2024-09-14,6462.83,144,44.88,美妆,小程序
2024-09-14,17119.89,23,744.34,美妆,APP
2024-09-15,18751.1,121,154.97,电子产品,线上
2024-09-15,17221.6,35,492.05,电子产品,线下
2024-09-15,6788.2,119,57.04,电子产品,小程序
2024-09-15,20282.08,142,142.83,电子产品,APP
2024-09-15,10753.48,81,132.76,服装,线上
2024-09-15,26132.85,148,176.57,服装,线下
2024-09-15,10843.41,52,208.53,服装,小程序
2024-09-15,20272.18,75,270.3,服装,APP
2024-09-15,19130.41,93,205.7,图书,线上
2024-09-15,11675.99,115,101.53,图书,线下
2024-09-15,23317.89,25,932.72,图书,小程序
2024-09-15,5301.14,145,36.56,图书,APP
2024-09-15,14857.77,60,247.63,家居,线上
2024-09-15,12250.98,22,556.86,家居,线下
2024-09-15,9813.93,109,90.04,家居,小程序
2024-09-15,22616.49,38,595.17,家居,APP
2024-09-15,15586.61,117,133.22,食品,线上
2024-09-15,11809.09,53,222.81,食品,线下
2024-09-15,24092.91,67,359.6,食品,小程序
2024-09-15,11237.95,137,82.03,食品,APP
2024-09-15,16509.53,67,246.41,美妆,线上
2024-09-15,17450.61,67,260.46,美妆,线下
2024-09-15,19115.29,58,329.57,美妆,小程序
2024-09-15,9832.15,76,129.37,美妆,APP
2024-09-16,11739.72,44,266.81,电子产品,线上
2024-09-16,6730.5,28,240.38,电子产品,线下
2024-09-16,17288.46,127,136.13,电子产品,小程序
2024-09-16,22921.61,31,739.41,电子产品,APP
2024-09-16,12759.66,21,607.6,服装,线上
2024-09-16,18675.4,125,149.4,服装,线下
2024-09-16,16006.93,82,195.21,服装,小程序
2024-09-16,5555.94,49,113.39,服装,APP
2024-09-16,7122.92,120,59.36,图书,线上
2024-09-16,14609.98,54,270.56,图书,线下
2024-09-16,18234.61,21,868.31,图书,小程序
2024-09-16,11189.79,105,106.57,图书,APP
2024-09-16,25421.42,136,186.92,家居,线上
2024-09-16,12294.75,135,91.07,家居,线下
2024-09-16,12067.3,67,180.11,家居,小程序
2024-09-16,7109.04,128,55.54,家居,APP
2024-09-16,11823.28,121,97.71,食品,线上
2024-09-16,6239.67,81,77.03,食品,线下
2024-09-16,14083.91,65,216.68,食品,小程序
2024-09-16,22046.14,56,393.68,食品,APP
2024-09-16,14894.17,110,135.4,美妆,线上
2024-09-16,16222.15,39,415.95,美妆,线下
2024-09-16,10647.64,138,77.16,美妆,小程序
2024-09-16,23995.1,52,461.44,美妆,APP
2024-09-17,5305.19,133,39.89,电子产品,线上
2024-09-17,7701.88,108,71.31,电子产品,线下
2024-09-17,23068.69,77,299.59,电子产品,小程序
2024-09-17,20360.93,21,969.57,电子产品,APP
2024-09-17,9104.74,130,70.04,服装,线上
2024-09-17,20080.56,63,318.74,服装,线下
2024-09-17,7373.14,63,117.03,服装,小程序
2024-09-17,6708.67,51,131.54,服装,APP
2024-09-17,16316.18,145,112.53,图书,线上
2024-09-17,20553.09,113,181.89,图书,线下
2024-09-17,17230.8,131,131.53,图书,小程序
2024-09-17,7530.36,48,156.88,图书,APP
2024-09-17,15912.19,74,215.03,家居,线上
2024-09-17,16596.69,105,158.06,家居,线下
2024-09-17,16907.43,40,422.69,家居,小程序
2024-09-17,20712.41,100,207.12,家居,APP
2024-09-17,17303.3,138,125.39,食品,线上
2024-09-17,19865.97,140,141.9,食品,线下
2024-09-17,8820.5,44,200.47,食品,小程序
2024-09-17,13346.97,31,430.55,食品,APP
2024-09-17,20258.15,106,191.11,美妆,线上
2024-09-17,24659.92,142,173.66,美妆,线下
2024-09-17,16585.02,75,221.13,美妆,小程序
2024-09-17,6701.14,116,57.77,美妆,APP
2024-09-18,18209.06,59,308.63,电子产品,线上
2024-09-18,16085.53,142,113.28,电子产品,线下
2024-09-18,24370.78,150,162.47,电子产品,小程序
2024-09-18,11156.95,99,112.7,电子产品,APP
2024-09-18,23671.34,44,537.99,服装,线上
2024-09-18,26411.14,55,480.2,服装,线下
2024-09-18,8866.87,142,62.44,服装,小程序
2024-09-18,8747.95,33,265.09,服装,APP
2024-09-18,9068.57,74,122.55,图书,线上
2024-09-18,18344.48,52,352.78,图书,线下
2024-09-18,18561.42,78,237.97,图书,小程序
2024-09-18,8170.22,59,138.48,图书,APP
2024-09-18,6556.18,42,156.1,家居,线上
2024-09-18,11184.8,144,77.67,家居,线下
2024-09-18,26240.94,74,354.61,家居,小程序
2024-09-18,20806.55,48,433.47,家居,APP
2024-09-18,6702.07,112,59.84,食品,线上
2024-09-18,17543.56,70,250.62,食品,线下
2024-09-18,20169.48,52,387.87,食品,小程序
2024-09-18,20903.62,23,908.85,食品,APP
2024-09-18,8007.15,73,109.69,美妆,线上
2024-09-18,26055.86,90,289.51,美妆,线下
2024-09-18,25174.29,58,434.04,美妆,小程序
2024-09-18,9946.2,53,187.66,美妆,APP
2024-09-19,8100.76,132,61.37,电子产品,线上
2024-09-19,15921.79,52,306.19,电子产品,线下
2024-09-19,20124.0,46,437.48,电子产品,小程序
2024-09-19,10508.41,69,152.3,电子产品,APP
2024-09-19,6203.07,53,117.04,服装,线上
2024-09-19,16034.83,126,127.26,服装,线下
2024-09-19,12461.65,32,389.43,服装,小程序
2024-09-19,13987.63,121,115.6,服装,APP
2024-09-19,9515.3,34,279.86,图书,线上
2024-09-19,12652.56,79,160.16,图书,线下
2024-09-19,25220.7,132,191.07,图书,小程序
2024-09-19,15046.78,111,135.56,图书,APP
2024-09-19,13790.23,44,313.41,家居,线上
2024-09-19,18328.66,77,238.03,家居,线下
2024-09-19,8131.29,38,213.98,家居,小程序
2024-09-19,19875.69,61,325.83,家居,APP
2024-09-19,26407.68,42,628.75,食品,线上
2024-09-19,14169.68,38,372.89,食品,线下
2024-09-19,15318.34,116,132.05,食品,小程序
2024-09-19,23736.85,30,791.23,食品,APP
2024-09-19,23639.18,60,393.99,美妆,线上
2024-09-19,17710.01,75,236.13,美妆,线下
2024-09-19,7861.24,27,291.16,美妆,小程序
2024-09-19,10933.5,90,121.48,美妆,APP
2024-09-20,6769.76,119,56.89,电子产品,线上
2024-09-20,13713.0,58,236.43,电子产品,线下
2024-09-20,17464.62,71,245.98,电子产品,小程序
2024-09-20,25399.05,127,199.99,电子产品,APP
2024-09-20,15741.83,148,106.36,服装,线上
2024-09-20,6534.68,123,53.13,服装,线下
2024-09-20,17244.38,114,151.27,服装,小程序
2024-09-20,26038.96,126,206.66,服装,APP
2024-09-20,23317.13,120,194.31,图书,线上
2024-09-20,15179.04,30,505.97,图书,线下
2024-09-20,13526.77,120,112.72,图书,小程序
2024-09-20,25206.26,41,614.79,图书,APP
2024-09-20,17525.27,120,146.04,家居,线上
2024-09-20,13075.69,35,373.59,家居,线下
2024-09-20,11818.35,93,127.08,家居,小程序
2024-09-20,21979.08,85,258.58,家居,APP
2024-09-20,11760.8,29,405.54,食品,线上
2024-09-20,14761.82,130,113.55,食品,线下
2024-09-20,13705.19,70,195.79,食品,小程序
2024-09-20,19972.06,68,293.71,食品,APP
2024-09-20,20664.71,126,164.01,美妆,线上
2024-09-20,12685.57,97,130.78,美妆,线下
2024-09-20,19168.04,116,165.24,美妆,小程序
2024-09-20,8914.55,68,131.1,美妆,APP
2024-09-21,8136.93,63,129.16,电子产品,线上
2024-09-21,13623.32,131,103.99,电子产品,线下
2024-09-21,24274.35,50,485.49,电子产品,小程序
2024-09-21,7257.44,57,127.32,电子产品,APP
2024-09-21,10844.07,125,86.75,服装,线上
2024-09-21,19629.9,107,183.46,服装,线下
2024-09-21,25534.62,102,250.34,服装,小程序
2024-09-21,11076.26,58,190.97,服装,APP
2024-09-21,7535.17,30,251.17,图书,线上
2024-09-21,16806.7,146,115.11,图书,线下
2024-09-21,25712.71,45,571.39,图书,小程序
2024-09-21,21226.1,124,171.18,图书,APP
2024-09-21,8523.82,81,105.23,家居,线上
2024-09-21,20892.66,41,509.58,家居,线下
2024-09-21,19470.17,117,166.41,家居,小程序
2024-09-21,11014.39,71,155.13,家居,APP
2024-09-21,17362.16,81,214.35,食品,线上
2024-09-21,24387.94,92,265.09,食品,线下
2024-09-21,25671.78,67,383.16,食品,小程序
2024-09-21,24422.29,34,718.3,食品,APP
2024-09-21,13180.11,80,164.75,美妆,线上
2024-09-21,10183.35,86,118.41,美妆,线下
2024-09-21,25714.67,28,918.38,美妆,小程序
2024-09-21,22705.89,81,280.32,美妆,APP
2024-09-22,7049.33,113,62.38,电子产品,线上
2024-09-22,23637.91,147,160.8,电子产品,线下
2024-09-22,14110.95,115,122.7,电子产品,小程序
2024-09-22,26474.41,88,300.85,电子产品,APP
2024-09-22,13338.92,139,95.96,服装,线上
2024-09-22,22131.89,119,185.98,服装,线下
2024-09-22,25097.03,88,285.19,服装,小程序
2024-09-22,16127.77,136,118.59,服装,APP
2024-09-22,14018.6,88,159.3,图书,线上
2024-09-22,20913.42,105,199.18,图书,线下
2024-09-22,25761.01,112,230.01,图书,小程序
2024-09-22,26192.83,131,199.95,图书,APP
2024-09-22,13358.8,140,95.42,家居,线上
2024-09-22,26710.94,89,300.12,家居,线下
2024-09-22,13838.92,148,93.51,家居,小程序
2024-09-22,13608.21,36,378.01,家居,APP
2024-09-22,14654.16,91,161.03,食品,线上
2024-09-22,8102.27,65,124.65,食品,线下
2024-09-22,12767.79,114,112.0,食品,小程序
2024-09-22,5856.56,22,266.21,食品,APP
2024-09-22,17705.45,98,180.67,美妆,线上
2024-09-22,16314.28,107,152.47,美妆,线下
2024-09-22,9369.7,122,76.8,美妆,小程序
2024-09-22,18206.0,102,178.49,美妆,APP
2024-09-23,22389.57,115,194.69,电子产品,线上
2024-09-23,17835.94,121,147.4,电子产品,线下
2024-09-23,11925.39,134,89.0,电子产品,小程序
2024-09-23,9325.48,81,115.13,电子产品,APP
2024-09-23,5692.75,90,63.25,服装,线上
2024-09-23,8353.13,114,73.27,服装,线下
2024-09-23,22182.04,50,443.64,服装,小程序
2024-09-23,11139.3,118,94.4,服装,APP
2024-09-23,8047.07,93,86.53,图书,线上
2024-09-23,6537.17,87,75.14,图书,线下
2024-09-23,19454.87,70,277.93,图书,小程序
2024-09-23,10753.03,60,179.22,图书,APP
2024-09-23,25725.37,49,525.01,家居,线上
2024-09-23,11901.85,101,117.84,家居,线下
2024-09-23,24541.06,74,331.64,家居,小程序
2024-09-23,20917.86,34,615.23,家居,APP
2024-09-23,15180.99,125,121.45,食品,线上
2024-09-23,10152.49,137,74.11,食品,线下
2024-09-23,10281.98,24,428.42,食品,小程序
2024-09-23,6047.89,51,118.59,食品,APP
2024-09-23,16107.16,111,145.11,美妆,线上
2024-09-23,25267.31,56,451.2,美妆,线下
2024-09-23,25530.16,40,638.25,美妆,小程序
2024-09-23,13356.93,134,99.68,美妆,APP
2024-09-24,7422.67,91,81.57,电子产品,线上
2024-09-24,12321.37,73,168.79,电子产品,线下
2024-09-24,13284.22,91,145.98,电子产品,小程序
2024-09-24,21443.96,65,329.91,电子产品,APP
2024-09-24,14806.08,149,99.37,服装,线上
2024-09-24,22709.75,86,264.07,服装,线下
2024-09-24,11209.71,147,76.26,服装,小程序
2024-09-24,6473.77,147,44.04,服装,APP
2024-09-24,9625.71,61,157.8,图书,线上
2024-09-24,24274.67,26,933.64,图书,线下
2024-09-24,20411.5,125,163.29,图书,小程序
2024-09-24,22690.72,57,398.08,图书,APP
2024-09-24,10245.07,133,77.03,家居,线上
2024-09-24,15453.3,53,291.57,家居,线下
2024-09-24,17935.75,122,147.01,家居,小程序
2024-09-24,20204.84,124,162.94,家居,APP
2024-09-24,9502.24,139,68.36,食品,线上
2024-09-24,5493.76,91,60.37,食品,线下
2024-09-24,25170.76,31,811.96,食品,小程序
2024-09-24,25473.7,111,229.49,食品,APP
2024-09-24,23095.23,132,174.96,美妆,线上
2024-09-24,25634.75,36,712.08,美妆,线下
2024-09-24,5952.97,114,52.22,美妆,小程序
2024-09-24,12476.34,31,402.46,美妆,APP
2024-09-25,6231.06,58,107.43,电子产品,线上
2024-09-25,15967.76,65,245.66,电子产品,线下
2024-09-25,21312.72,36,592.02,电子产品,小程序
2024-09-25,12167.41,101,120.47,电子产品,APP
2024-09-25,15516.69,69,224.88,服装,线上
2024-09-25,8049.0,26,309.58,服装,线下
2024-09-25,18586.91,78,238.29,服装,小程序
2024-09-25,26495.1,51,519.51,服装,APP
2024-09-25,22177.67,75,295.7,图书,线上
2024-09-25,22043.3,42,524.84,图书,线下
2024-09-25,16196.93,62,261.24,图书,小程序
2024-09-25,25206.39,70,360.09,图书,APP
2024-09-25,8086.16,116,69.71,家居,线上
2024-09-25,18983.33,109,174.16,家居,线下
2024-09-25,20870.99,120,173.92,家居,小程序
2024-09-25,9269.57,26,356.52,家居,APP
2024-09-25,18515.49,67,276.35,食品,线上
2024-09-25,17964.56,144,124.75,食品,线下
2024-09-25,22500.87,108,208.34,食品,小程序
2024-09-25,8221.01,115,71.49,食品,APP
2024-09-25,26466.83,110,240.61,美妆,线上
2024-09-25,23439.86,74,316.75,美妆,线下
2024-09-25,25230.58,57,442.64,美妆,小程序
2024-09-25,9116.51,133,68.55,美妆,APP
2024-09-26,10413.44,68,153.14,电子产品,线上
2024-09-26,24974.93,64,390.23,电子产品,线下
2024-09-26,5490.72,113,48.59,电子产品,小程序
2024-09-26,24084.85,76,316.91,电子产品,APP
2024-09-26,22534.2,77,292.65,服装,线上
2024-09-26,8281.2,128,64.7,服装,线下
2024-09-26,14780.74,149,99.2,服装,小程序
2024-09-26,13103.25,28,467.97,服装,APP
2024-09-26,15713.7,43,365.43,图书,线上
2024-09-26,25275.79,137,184.49,图书,线下
2024-09-26,6454.61,67,96.34,图书,小程序
2024-09-26,13956.74,147,94.94,图书,APP
2024-09-26,22666.4,50,453.33,家居,线上
2024-09-26,22154.93,60,369.25,家居,线下
2024-09-26,23580.4,71,332.12,家居,小程序
2024-09-26,13782.97,45,306.29,家居,APP
2024-09-26,5768.84,51,113.11,食品,线上
2024-09-26,8865.78,45,197.02,食品,线下
2024-09-26,13195.25,76,173.62,食品,小程序
2024-09-26,24960.23,66,378.19,食品,APP
2024-09-26,20879.47,146,143.01,美妆,线上
2024-09-26,20008.85,131,152.74,美妆,线下
2024-09-26,25617.45,87,294.45,美妆,小程序
2024-09-26,17124.24,86,199.12,美妆,APP
2024-09-27,17354.85,142,122.22,电子产品,线上
2024-09-27,7592.13,133,57.08,电子产品,线下
2024-09-27,16923.25,53,319.31,电子产品,小程序
2024-09-27,6662.21,75,88.83,电子产品,APP
2024-09-27,20774.09,59,352.1,服装,线上
2024-09-27,6602.96,61,108.25,服装,线下
2024-09-27,19720.18,150,131.47,服装,小程序
2024-09-27,4499.72,47,95.74,服装,APP
2024-09-27,16933.87,94,180.15,图书,线上
2024-09-27,8493.33,59,143.95,图书,线下
2024-09-27,10050.35,59,170.34,图书,小程序
2024-09-27,16309.6,67,243.43,图书,APP
2024-09-27,7226.84,110,65.7,家居,线上
2024-09-27,11043.76,116,95.2,家居,线下
2024-09-27,7301.06,106,68.88,家居,小程序
2024-09-27,7773.53,32,242.92,家居,APP
2024-09-27,19392.68,82,236.5,食品,线上
2024-09-27,18261.34,142,128.6,食品,线下
2024-09-27,18790.36,82,229.15,食品,小程序
2024-09-27,5339.04,49,108.96,食品,APP
2024-09-27,13177.31,89,148.06,美妆,线上
2024-09-27,10905.38,145,75.21,美妆,线下
2024-09-27,8864.65,80,110.81,美妆,小程序
2024-09-27,4321.44,100,43.21,美妆,APP
2024-09-28,8113.46,98,82.79,电子产品,线上
2024-09-28,17309.7,102,169.7,电子产品,线下
2024-09-28,6748.25,38,177.59,电子产品,小程序
2024-09-28,7954.89,118,67.41,电子产品,APP
2024-09-28,7188.84,34,211.44,服装,线上
2024-09-28,12848.33,93,138.15,服装,线下
2024-09-28,15477.41,78,198.43,服装,小程序
2024-09-28,13901.51,141,98.59,服装,APP
2024-09-28,15356.85,118,130.14,图书,线上
2024-09-28,5304.78,90,58.94,图书,线下
2024-09-28,17624.4,31,568.53,图书,小程序
2024-09-28,10355.84,84,123.28,图书,APP
2024-09-28,13863.69,64,216.62,家居,线上
2024-09-28,20097.3,37,543.17,家居,线下
2024-09-28,10470.24,129,81.16,家居,小程序
2024-09-28,20784.33,88,236.19,家居,APP
2024-09-28,5453.19,107,50.96,食品,线上
2024-09-28,9821.0,89,110.35,食品,线下
2024-09-28,4519.87,43,105.11,食品,小程序
2024-09-28,13991.63,116,120.62,食品,APP
2024-09-28,14265.85,74,192.78,美妆,线上
2024-09-28,14240.61,135,105.49,美妆,线下
2024-09-28,13498.67,111,121.61,美妆,小程序
2024-09-28,17863.16,35,510.38,美妆,APP
2024-09-29,12368.01,20,618.4,电子产品,线上
2024-09-29,18049.63,24,752.07,电子产品,线下
2024-09-29,8565.91,131,65.39,电子产品,小程序
2024-09-29,20859.3,23,906.93,电子产品,APP
2024-09-29,5461.83,147,37.16,服装,线上
2024-09-29,5886.59,42,140.16,服装,线下
2024-09-29,6797.86,38,178.89,服装,小程序
2024-09-29,20253.9,82,247.0,服装,APP
2024-09-29,17040.92,130,131.08,图书,线上
2024-09-29,19660.92,123,159.84,图书,线下
2024-09-29,12123.03,136,89.14,图书,小程序
2024-09-29,11157.39,141,79.13,图书,APP
2024-09-29,7919.55,62,127.73,家居,线上
2024-09-29,11504.01,143,80.45,家居,线下
2024-09-29,8186.67,67,122.19,家居,小程序
2024-09-29,6494.78,119,54.58,家居,APP
2024-09-29,15732.14,27,582.67,食品,线上
2024-09-29,12082.64,106,113.99,食品,线下
2024-09-29,16080.87,141,114.05,食品,小程序
2024-09-29,15286.49,127,120.37,食品,APP
2024-09-29,10246.29,73,140.36,美妆,线上
2024-09-29,20252.27,99,204.57,美妆,线下
2024-09-29,7705.17,43,179.19,美妆,小程序
2024-09-29,14967.01,117,127.92,美妆,APP
2024-09-30,9887.99,68,145.41,电子产品,线上
2024-09-30,4798.26,105,45.7,电子产品,线下
2024-09-30,7374.6,51,144.6,电子产品,小程序
2024-09-30,6743.26,60,112.39,电子产品,APP
2024-09-30,6338.72,37,171.32,服装,线上
2024-09-30,10283.59,26,395.52,服装,线下
2024-09-30,17503.31,144,121.55,服装,小程序
2024-09-30,18066.35,89,202.99,服装,APP
2024-09-30,21237.54,136,156.16,图书,线上
2024-09-30,17929.45,92,194.89,图书,线下
2024-09-30,12469.63,32,389.68,图书,小程序
2024-09-30,4291.12,127,33.79,图书,APP
2024-09-30,20810.16,138,150.8,家居,线上
2024-09-30,11029.61,99,111.41,家居,线下
2024-09-30,13576.92,131,103.64,家居,小程序
2024-09-30,12751.06,96,132.82,家居,APP
2024-09-30,14049.1,135,104.07,食品,线上
2024-09-30,20044.63,42,477.25,食品,线下
2024-09-30,11442.11,71,161.16,食品,小程序
2024-09-30,10859.02,108,100.55,食品,APP
2024-09-30,11558.97,28,412.82,美妆,线上
2024-09-30,8659.98,104,83.27,美妆,线下
2024-09-30,4834.98,124,38.99,美妆,小程序
2024-09-30,8443.58,100,84.44,美妆,APP
2024-10-01,16283.26,140,116.31,电子产品,线上
2024-10-01,7706.92,118,65.31,电子产品,线下
2024-10-01,21019.14,129,162.94,电子产品,小程序
2024-10-01,14866.49,138,107.73,电子产品,APP
2024-10-01,11862.52,48,247.14,服装,线上
2024-10-01,19435.14,111,175.09,服装,线下
2024-10-01,6646.11,117,56.8,服装,小程序
2024-10-01,8111.16,72,112.66,服装,APP
2024-10-01,5139.53,114,45.08,图书,线上
2024-10-01,14473.68,22,657.89,图书,线下
2024-10-01,7364.9,109,67.57,图书,小程序
2024-10-01,6178.89,61,101.29,图书,APP
2024-10-01,12227.86,72,169.83,家居,线上
2024-10-01,11608.36,80,145.1,家居,线下
2024-10-01,21231.84,100,212.32,家居,小程序
2024-10-01,14825.7,105,141.2,家居,APP
2024-10-01,14785.25,109,135.64,食品,线上
2024-10-01,20119.25,125,160.95,食品,线下
2024-10-01,15569.97,83,187.59,食品,小程序
2024-10-01,9411.67,104,90.5,食品,APP
2024-10-01,17221.57,94,183.21,美妆,线上
2024-10-01,17077.62,98,174.26,美妆,线下
2024-10-01,16454.92,38,433.02,美妆,小程序
2024-10-01,17873.36,98,182.38,美妆,APP
2024-10-02,14854.19,121,122.76,电子产品,线上
2024-10-02,14120.06,82,172.2,电子产品,线下
2024-10-02,17283.88,82,210.78,电子产品,小程序
2024-10-02,18676.3,86,217.17,电子产品,APP
2024-10-02,9060.64,135,67.12,服装,线上
2024-10-02,9220.92,89,103.61,服装,线下
2024-10-02,19422.29,87,223.24,服装,小程序
2024-10-02,4604.11,63,73.08,服装,APP
2024-10-02,6825.86,32,213.31,图书,线上
2024-10-02,14532.53,148,98.19,图书,线下
2024-10-02,11547.98,142,81.32,图书,小程序
2024-10-02,16776.63,75,223.69,图书,APP
2024-10-02,21339.47,89,239.77,家居,线上
2024-10-02,6027.22,60,100.45,家居,线下
2024-10-02,6093.61,22,276.98,家居,小程序
2024-10-02,21501.1,134,160.46,家居,APP
2024-10-02,6532.65,64,102.07,食品,线上
2024-10-02,6292.34,142,44.31,食品,线下
2024-10-02,17433.84,142,122.77,食品,小程序
2024-10-02,9940.11,109,91.19,食品,APP
2024-10-02,7629.11,125,61.03,美妆,线上
2024-10-02,10693.52,140,76.38,美妆,线下
2024-10-02,18100.21,53,341.51,美妆,小程序
2024-10-02,19113.32,52,367.56,美妆,APP
2024-10-03,4972.27,22,226.01,电子产品,线上
2024-10-03,5069.51,91,55.71,电子产品,线下
2024-10-03,14134.66,97,145.72,电子产品,小程序
2024-10-03,10929.62,36,303.6,电子产品,APP
2024-10-03,6894.94,77,89.54,服装,线上
2024-10-03,14132.73,27,523.43,服装,线下
2024-10-03,6774.71,111,61.03,服装,小程序
2024-10-03,6172.43,49,125.97,服装,APP
2024-10-03,7858.24,138,56.94,图书,线上
2024-10-03,10095.7,120,84.13,图书,线下
2024-10-03,19285.92,120,160.72,图书,小程序
2024-10-03,7620.68,106,71.89,图书,APP
2024-10-03,15195.94,140,108.54,家居,线上
2024-10-03,21008.41,130,161.6,家居,线下
2024-10-03,21129.73,40,528.24,家居,小程序
2024-10-03,20296.3,75,270.62,家居,APP
2024-10-03,20671.6,86,240.37,食品,线上
2024-10-03,16542.66,96,172.32,食品,线下
2024-10-03,7600.57,103,73.79,食品,小程序
2024-10-03,11190.05,76,147.24,食品,APP
2024-10-03,5791.77,77,75.22,美妆,线上
2024-10-03,20501.41,114,179.84,美妆,线下
2024-10-03,5158.6,72,71.65,美妆,小程序
2024-10-03,9460.61,66,143.34,美妆,APP
2024-10-04,7656.81,124,61.75,电子产品,线上
2024-10-04,7084.54,54,131.2,电子产品,线下
2024-10-04,4927.64,83,59.37,电子产品,小程序
2024-10-04,7733.45,137,56.45,电子产品,APP
2024-10-04,9434.35,87,108.44,服装,线上
2024-10-04,11412.85,47,242.83,服装,线下
2024-10-04,4670.92,79,59.13,服装,小程序
2024-10-04,15875.04,126,125.99,服装,APP
2024-10-04,13113.84,121,108.38,图书,线上
2024-10-04,17928.68,27,664.03,图书,线下
2024-10-04,4913.46,100,49.13,图书,小程序
2024-10-04,16700.18,56,298.22,图书,APP
2024-10-04,14237.54,91,156.46,家居,线上
2024-10-04,10975.72,32,342.99,家居,线下
2024-10-04,7004.92,42,166.78,家居,小程序
2024-10-04,15585.58,144,108.23,家居,APP
2024-10-04,11961.73,93,128.62,食品,线上
2024-10-04,5465.2,87,62.82,食品,线下
2024-10-04,7619.09,29,262.73,食品,小程序
2024-10-04,9596.76,101,95.02,食品,APP
2024-10-04,5361.5,78,68.74,美妆,线上
2024-10-04,13672.28,113,120.99,美妆,线下
2024-10-04,20810.99,61,341.16,美妆,小程序
2024-10-04,7161.3,91,78.7,美妆,APP
2024-10-05,11733.57,106,110.69,电子产品,线上
2024-10-05,7527.19,106,71.01,电子产品,线下
2024-10-05,17105.37,60,285.09,电子产品,小程序
2024-10-05,7837.87,54,145.15,电子产品,APP
2024-10-05,13447.71,59,227.93,服装,线上
2024-10-05,15250.97,79,193.05,服装,线下
2024-10-05,4527.05,24,188.63,服装,小程序
2024-10-05,6711.37,122,55.01,服装,APP
2024-10-05,14378.24,47,305.92,图书,线上
2024-10-05,8126.9,22,369.4,图书,线下
2024-10-05,8374.71,76,110.19,图书,小程序
2024-10-05,7808.16,124,62.97,图书,APP
2024-10-05,12542.23,37,338.98,家居,线上
2024-10-05,17179.22,51,336.85,家居,线下
2024-10-05,16066.56,129,124.55,家居,小程序
2024-10-05,18039.0,113,159.64,家居,APP
2024-10-05,20648.92,22,938.59,食品,线上
2024-10-05,12002.68,129,93.04,食品,线下
2024-10-05,6843.22,142,48.19,食品,小程序
2024-10-05,15007.68,108,138.96,食品,APP
2024-10-05,17473.22,100,174.73,美妆,线上
2024-10-05,8713.42,34,256.28,美妆,线下
2024-10-05,7394.29,114,64.86,美妆,小程序
2024-10-05,8041.06,40,201.03,美妆,APP
2024-10-06,20891.25,64,326.43,电子产品,线上
2024-10-06,20342.01,86,236.53,电子产品,线下
2024-10-06,18690.95,63,296.68,电子产品,小程序
2024-10-06,8503.13,75,113.38,电子产品,APP
2024-10-06,9131.94,53,172.3,服装,线上
2024-10-06,5201.36,95,54.75,服装,线下
2024-10-06,12421.06,24,517.54,服装,小程序
2024-10-06,5976.3,61,97.97,服装,APP
2024-10-06,21172.65,53,399.48,图书,线上
2024-10-06,9514.52,115,82.73,图书,线下
2024-10-06,5408.64,125,43.27,图书,小程序
2024-10-06,20448.2,86,237.77,图书,APP
2024-10-06,15964.43,138,115.68,家居,线上
2024-10-06,17175.82,46,373.39,家居,线下
2024-10-06,18965.03,141,134.5,家居,小程序
2024-10-06,15642.52,146,107.14,家居,APP
2024-10-06,10013.16,86,116.43,食品,线上
2024-10-06,11640.28,66,176.37,食品,线下
2024-10-06,20612.43,32,644.14,食品,小程序
2024-10-06,11156.34,78,143.03,食品,APP
2024-10-06,13795.1,132,104.51,美妆,线上
2024-10-06,7084.71,140,50.61,美妆,线下
2024-10-06,15409.85,106,145.38,美妆,小程序
2024-10-06,13251.0,36,368.08,美妆,APP
2024-10-07,7569.3,101,74.94,电子产品,线上
2024-10-07,14945.62,107,139.68,电子产品,线下
2024-10-07,11185.96,92,121.59,电子产品,小程序
2024-10-07,16949.66,149,113.76,电子产品,APP
2024-10-07,17162.64,57,301.1,服装,线上
2024-10-07,21079.49,144,146.39,服装,线下
2024-10-07,8788.22,68,129.24,服装,小程序
2024-10-07,12349.71,39,316.66,服装,APP
2024-10-07,18390.31,45,408.67,图书,线上
2024-10-07,6690.88,42,159.31,图书,线下
2024-10-07,21645.98,50,432.92,图书,小程序
2024-10-07,13750.37,30,458.35,图书,APP
2024-10-07,8552.31,108,79.19,家居,线上
2024-10-07,21702.22,126,172.24,家居,线下
2024-10-07,18617.69,32,581.8,家居,小程序
2024-10-07,16192.49,38,426.12,家居,APP
2024-10-07,12403.33,32,387.6,食品,线上
2024-10-07,19596.89,144,136.09,食品,线下
2024-10-07,9532.06,29,328.69,食品,小程序
2024-10-07,18452.09,77,239.64,食品,APP
2024-10-07,14936.24,110,135.78,美妆,线上
2024-10-07,6225.64,84,74.11,美妆,线下
2024-10-07,16629.79,65,255.84,美妆,小程序
2024-10-07,14934.71,48,311.14,美妆,APP
2024-10-08,13156.35,64,205.57,电子产品,线上
2024-10-08,7524.36,146,51.54,电子产品,线下
2024-10-08,21137.86,85,248.68,电子产品,小程序
2024-10-08,8837.72,136,64.98,电子产品,APP
2024-10-08,7635.5,25,305.42,服装,线上
2024-10-08,10799.58,94,114.89,服装,线下
2024-10-08,7067.26,48,147.23,服装,小程序
2024-10-08,11064.2,116,95.38,服装,APP
2024-10-08,16430.18,86,191.05,图书,线上
2024-10-08,14873.6,117,127.12,图书,线下
2024-10-08,19451.76,69,281.91,图书,小程序
2024-10-08,20491.09,20,1024.55,图书,APP
2024-10-08,16664.12,70,238.06,家居,线上
2024-10-08,7999.23,94,85.1,家居,线下
2024-10-08,9627.36,133,72.39,家居,小程序
2024-10-08,19932.96,24,830.54,家居,APP
2024-10-08,9809.6,147,66.73,食品,线上
2024-10-08,13414.22,104,128.98,食品,线下
2024-10-08,4628.53,138,33.54,食品,小程序
2024-10-08,4788.85,62,77.24,食品,APP
2024-10-08,4603.44,115,40.03,美妆,线上
2024-10-08,15275.85,116,131.69,美妆,线下
2024-10-08,17965.6,109,164.82,美妆,小程序
2024-10-08,5682.96,100,56.83,美妆,APP
2024-10-09,7804.5,134,58.24,电子产品,线上
2024-10-09,13263.08,66,200.96,电子产品,线下
2024-10-09,11494.73,73,157.46,电子产品,小程序
2024-10-09,7280.47,101,72.08,电子产品,APP
2024-10-09,11794.04,88,134.02,服装,线上
2024-10-09,7724.94,147,52.55,服装,线下
2024-10-09,12860.48,63,204.13,服装,小程序
2024-10-09,7281.53,111,65.6,服装,APP
2024-10-09,14513.38,24,604.72,图书,线上
2024-10-09,11869.45,122,97.29,图书,线下
2024-10-09,10642.81,41,259.58,图书,小程序
2024-10-09,6957.28,54,128.84,图书,APP
2024-10-09,4933.05,114,43.27,家居,线上
2024-10-09,14610.44,60,243.51,家居,线下
2024-10-09,7119.77,93,76.56,家居,小程序
2024-10-09,6518.02,102,63.9,家居,APP
2024-10-09,20850.19,125,166.8,食品,线上
2024-10-09,8317.74,58,143.41,食品,线下
2024-10-09,14942.68,100,149.43,食品,小程序
2024-10-09,17891.36,122,146.65,食品,APP
2024-10-09,8570.36,82,104.52,美妆,线上
2024-10-09,12667.03,59,214.7,美妆,线下
2024-10-09,15907.71,64,248.56,美妆,小程序
2024-10-09,19120.59,95,201.27,美妆,APP
2024-10-10,16302.38,66,247.01,电子产品,线上
2024-10-10,5221.04,116,45.01,电子产品,线下
2024-10-10,5814.09,86,67.61,电子产品,小程序
2024-10-10,15578.69,26,599.18,电子产品,APP
2024-10-10,15985.4,106,150.81,服装,线上
2024-10-10,6190.37,72,85.98,服装,线下
2024-10-10,17368.39,77,225.56,服装,小程序
2024-10-10,16135.11,30,537.84,服装,APP
2024-10-10,5236.45,77,68.01,图书,线上
2024-10-10,17020.99,60,283.68,图书,线下
2024-10-10,5604.25,41,136.69,图书,小程序
2024-10-10,7611.51,58,131.23,图书,APP
2024-10-10,6141.59,64,95.96,家居,线上
2024-10-10,18407.43,115,160.06,家居,线下
2024-10-10,17820.17,150,118.8,家居,小程序
2024-10-10,16278.59,48,339.14,家居,APP
2024-10-10,17143.27,59,290.56,食品,线上
2024-10-10,19970.1,126,158.49,食品,线下
2024-10-10,14014.28,122,114.87,食品,小程序
2024-10-10,9772.62,22,444.21,食品,APP
2024-10-10,6313.16,48,131.52,美妆,线上
2024-10-10,13926.05,87,160.07,美妆,线下
2024-10-10,14379.65,34,422.93,美妆,小程序
2024-10-10,11404.66,98,116.37,美妆,APP
2024-10-11,17911.93,20,895.6,电子产品,线上
2024-10-11,5240.28,119,44.04,电子产品,线下
2024-10-11,7659.65,148,51.75,电子产品,小程序
2024-10-11,20875.94,147,142.01,电子产品,APP
2024-10-11,12398.48,142,87.31,服装,线上
2024-10-11,8857.7,100,88.58,服装,线下
2024-10-11,13805.12,119,116.01,服装,小程序
2024-10-11,15901.1,92,172.84,服装,APP
2024-10-11,21416.22,122,175.54,图书,线上
2024-10-11,17891.47,50,357.83,图书,线下
2024-10-11,15148.63,53,285.82,图书,小程序
2024-10-11,8376.98,66,126.92,图书,APP
2024-10-11,6479.92,56,115.71,家居,线上
2024-10-11,17281.17,131,131.92,家居,线下
2024-10-11,18961.25,65,291.71,家居,小程序
2024-10-11,5822.79,66,88.22,家居,APP
2024-10-11,4784.05,36,132.89,食品,线上
2024-10-11,5292.07,61,86.76,食品,线下
2024-10-11,15434.14,75,205.79,食品,小程序
2024-10-11,18731.54,48,390.24,食品,APP
2024-10-11,9517.75,144,66.1,美妆,线上
2024-10-11,21271.67,48,443.16,美妆,线下
2024-10-11,6090.44,134,45.45,美妆,小程序
2024-10-11,7225.55,124,58.27,美妆,APP
2024-10-12,15074.98,91,165.66,电子产品,线上
2024-10-12,14845.47,44,337.4,电子产品,线下
2024-10-12,16218.21,70,231.69,电子产品,小程序
2024-10-12,6491.21,25,259.65,电子产品,APP
2024-10-12,5522.09,130,42.48,服装,线上
2024-10-12,12091.39,25,483.66,服装,线下
2024-10-12,17761.68,63,281.93,服装,小程序
2024-10-12,17199.24,35,491.41,服装,APP
2024-10-12,4593.44,70,65.62,图书,线上
2024-10-12,17950.45,106,169.34,图书,线下
2024-10-12,7975.07,121,65.91,图书,小程序
2024-10-12,7888.02,44,179.27,图书,APP
2024-10-12,4565.85,31,147.29,家居,线上
2024-10-12,10371.69,65,159.56,家居,线下
2024-10-12,9355.73,80,116.95,家居,小程序
2024-10-12,14386.2,20,719.31,家居,APP
2024-10-12,21319.71,61,349.5,食品,线上
2024-10-12,21132.43,63,335.44,食品,线下
2024-10-12,16367.44,35,467.64,食品,小程序
2024-10-12,5569.36,121,46.03,食品,APP
2024-10-12,14101.09,130,108.47,美妆,线上
2024-10-12,7446.66,137,54.36,美妆,线下
2024-10-12,18099.57,82,220.73,美妆,小程序
2024-10-12,19925.35,65,306.54,美妆,APP
2024-10-13,19757.49,72,274.41,电子产品,线上
2024-10-13,20447.07,148,138.16,电子产品,线下
2024-10-13,15523.21,118,131.55,电子产品,小程序
2024-10-13,16674.9,72,231.6,电子产品,APP
2024-10-13,8389.88,143,58.67,服装,线上
2024-10-13,11876.3,41,289.67,服装,线下
2024-10-13,13649.12,49,278.55,服装,小程序
2024-10-13,20469.81,123,166.42,服装,APP
2024-10-13,7713.31,136,56.72,图书,线上
2024-10-13,6407.78,131,48.91,图书,线下
2024-10-13,14488.88,47,308.27,图书,小程序
2024-10-13,4530.46,39,116.17,图书,APP
2024-10-13,7945.21,149,53.32,家居,线上
2024-10-13,18804.97,71,264.86,家居,线下
2024-10-13,20773.19,59,352.09,家居,小程序
2024-10-13,6306.53,150,42.04,家居,APP
2024-10-13,17720.99,77,230.14,食品,线上
2024-10-13,10825.39,67,161.57,食品,线下
2024-10-13,12844.04,36,356.78,食品,小程序
2024-10-13,14059.08,103,136.5,食品,APP
2024-10-13,17308.4,25,692.34,美妆,线上
2024-10-13,11850.13,143,82.87,美妆,线下
2024-10-13,13420.63,44,305.01,美妆,小程序
2024-10-13,16267.91,128,127.09,美妆,APP
2024-10-14,18238.82,114,159.99,电子产品,线上
2024-10-14,19508.61,62,314.66,电子产品,线下
2024-10-14,4648.49,45,103.3,电子产品,小程序
2024-10-14,20066.9,88,228.03,电子产品,APP
2024-10-14,9021.53,39,231.32,服装,线上
2024-10-14,15801.92,139,113.68,服装,线下
2024-10-14,15539.44,124,125.32,服装,小程序
2024-10-14,6652.91,148,44.95,服装,APP
2024-10-14,17137.36,110,155.79,图书,线上
2024-10-14,22128.12,127,174.24,图书,线下
2024-10-14,15047.09,83,181.29,图书,小程序
2024-10-14,14348.07,96,149.46,图书,APP
2024-10-14,10882.22,147,74.03,家居,线上
2024-10-14,7766.92,24,323.62,家居,线下
2024-10-14,22504.29,58,388.0,家居,小程序
2024-10-14,17258.92,116,148.78,家居,APP
2024-10-14,11221.34,122,91.98,食品,线上
2024-10-14,14218.35,63,225.69,食品,线下
2024-10-14,15628.98,110,142.08,食品,小程序
2024-10-14,14959.86,44,340.0,食品,APP
2024-10-14,7044.47,134,52.57,美妆,线上
2024-10-14,8237.53,149,55.29,美妆,线下
2024-10-14,15294.16,61,250.72,美妆,小程序
2024-10-14,10764.05,77,139.79,美妆,APP
2024-10-15,15525.48,131,118.52,电子产品,线上
2024-10-15,15997.81,22,727.17,电子产品,线下
2024-10-15,18469.98,96,192.4,电子产品,小程序
2024-10-15,20703.11,25,828.12,电子产品,APP
2024-10-15,12660.4,141,89.79,服装,线上
2024-10-15,7153.4,125,57.23,服装,线下
2024-10-15,12259.66,97,126.39,服装,小程序
2024-10-15,5700.02,132,43.18,服装,APP
2024-10-15,15010.91,121,124.06,图书,线上
2024-10-15,13377.69,20,668.88,图书,线下
2024-10-15,14631.15,137,106.8,图书,小程序
2024-10-15,10145.66,147,69.02,图书,APP
2024-10-15,9196.96,110,83.61,家居,线上
2024-10-15,17041.7,92,185.24,家居,线下
2024-10-15,11942.29,39,306.21,家居,小程序
2024-10-15,21923.77,69,317.74,家居,APP
2024-10-15,19175.48,149,128.69,食品,线上
2024-10-15,19981.53,48,416.28,食品,线下
2024-10-15,12039.29,82,146.82,食品,小程序
2024-10-15,9817.46,137,71.66,食品,APP
2024-10-15,14007.14,107,130.91,美妆,线上
2024-10-15,8310.76,47,176.82,美妆,线下
2024-10-15,22718.55,94,241.69,美妆,小程序
2024-10-15,18696.02,27,692.45,美妆,APP
2024-10-16,9424.15,100,94.24,电子产品,线上
2024-10-16,4753.52,62,76.67,电子产品,线下
2024-10-16,16697.93,120,139.15,电子产品,小程序
2024-10-16,20593.23,103,199.93,电子产品,APP
2024-10-16,22221.43,50,444.43,服装,线上
2024-10-16,19858.93,28,709.25,服装,线下
2024-10-16,7573.15,55,137.69,服装,小程序
2024-10-16,22154.24,30,738.47,服装,APP
2024-10-16,11829.23,94,125.84,图书,线上
2024-10-16,14685.79,35,419.59,图书,线下
2024-10-16,4903.54,65,75.44,图书,小程序
2024-10-16,9521.79,84,113.35,图书,APP
2024-10-16,11131.62,46,241.99,家居,线上
2024-10-16,18660.44,20,933.02,家居,线下
2024-10-16,14748.07,68,216.88,家居,小程序
2024-10-16,20576.69,30,685.89,家居,APP
2024-10-16,10606.85,98,108.23,食品,线上
2024-10-16,16768.83,80,209.61,食品,线下
2024-10-16,15892.61,141,112.71,食品,小程序
2024-10-16,9363.61,47,199.23,食品,APP
2024-10-16,14694.12,126,116.62,美妆,线上
2024-10-16,22576.2,80,282.2,美妆,线下
2024-10-16,4839.35,134,36.11,美妆,小程序
2024-10-16,18992.07,23,825.74,美妆,APP
2024-10-17,5459.76,74,73.78,电子产品,线上
2024-10-17,5435.54,108,50.33,电子产品,线下
2024-10-17,17820.7,123,144.88,电子产品,小程序
2024-10-17,6462.28,111,58.22,电子产品,APP
2024-10-17,16440.27,24,685.01,服装,线上
2024-10-17,21328.2,111,192.15,服装,线下
2024-10-17,11707.81,44,266.09,服装,小程序
2024-10-17,14840.58,69,215.08,服装,APP
2024-10-17,19754.2,95,207.94,图书,线上
2024-10-17,12526.85,33,379.6,图书,线下
2024-10-17,13824.74,142,97.36,图书,小程序
2024-10-17,21380.0,24,890.83,图书,APP
2024-10-17,16597.83,140,118.56,家居,线上
2024-10-17,7567.53,28,270.27,家居,线下
2024-10-17,5165.63,72,71.74,家居,小程序
2024-10-17,12448.49,51,244.09,家居,APP
2024-10-17,5466.42,89,61.42,食品,线上
2024-10-17,21470.98,97,221.35,食品,线下
2024-10-17,22035.98,84,262.33,食品,小程序
2024-10-17,7007.88,31,226.06,食品,APP
2024-10-17,11817.87,90,131.31,美妆,线上
2024-10-17,16811.59,128,131.34,美妆,线下
2024-10-17,14852.84,122,121.74,美妆,小程序
2024-10-17,19626.21,115,170.66,美妆,APP
2024-10-18,7651.48,29,263.84,电子产品,线上
2024-10-18,11580.11,52,222.69,电子产品,线下
2024-10-18,6766.04,108,62.65,电子产品,小程序
2024-10-18,15886.05,131,121.27,电子产品,APP
2024-10-18,20699.38,55,376.35,服装,线上
2024-10-18,10429.1,128,81.48,服装,线下
2024-10-18,18778.85,67,280.28,服装,小程序
2024-10-18,21929.61,66,332.27,服装,APP
2024-10-18,6914.61,22,314.3,图书,线上
2024-10-18,10730.83,75,143.08,图书,线下
2024-10-18,21799.19,95,229.47,图书,小程序
2024-10-18,12719.01,27,471.07,图书,APP
2024-10-18,9381.32,98,95.73,家居,线上
2024-10-18,13471.99,119,113.21,家居,线下
2024-10-18,10210.48,93,109.79,家居,小程序
2024-10-18,17240.86,103,167.39,家居,APP
2024-10-18,11479.32,77,149.08,食品,线上
2024-10-18,15692.39,103,152.35,食品,线下
2024-10-18,7760.08,79,98.23,食品,小程序
2024-10-18,14467.58,100,144.68,食品,APP
2024-10-18,4723.8,40,118.09,美妆,线上
2024-10-18,22492.33,93,241.85,美妆,线下
2024-10-18,10753.55,109,98.66,美妆,小程序
2024-10-18,8635.08,62,139.28,美妆,APP
2024-10-19,17623.46,34,518.34,电子产品,线上
2024-10-19,4691.93,83,56.53,电子产品,线下
2024-10-19,11934.96,67,178.13,电子产品,小程序
2024-10-19,22160.99,37,598.95,电子产品,APP
2024-10-19,21842.25,140,156.02,服装,线上
2024-10-19,9016.77,56,161.01,服装,线下
2024-10-19,16360.12,138,118.55,服装,小程序
2024-10-19,13792.05,128,107.75,服装,APP
2024-10-19,18936.34,83,228.15,图书,线上
2024-10-19,16067.08,102,157.52,图书,线下
2024-10-19,17824.39,102,174.75,图书,小程序
2024-10-19,14893.9,63,236.41,图书,APP
2024-10-19,7981.72,98,81.45,家居,线上
2024-10-19,7784.77,108,72.08,家居,线下
2024-10-19,7222.31,100,72.22,家居,小程序
2024-10-19,6508.49,49,132.83,家居,APP
2024-10-19,22735.04,103,220.73,食品,线上
2024-10-19,13692.04,41,333.95,食品,线下
2024-10-19,12939.57,34,380.58,食品,小程序
2024-10-19,10853.35,33,328.89,食品,APP
2024-10-19,14429.92,32,450.94,美妆,线上
2024-10-19,11358.7,43,264.16,美妆,线下
2024-10-19,9414.94,136,69.23,美妆,小程序
2024-10-19,10321.19,140,73.72,美妆,APP
2024-10-20,8933.17,113,79.05,电子产品,线上
2024-10-20,16527.02,111,148.89,电子产品,线下
2024-10-20,19014.52,96,198.07,电子产品,小程序
2024-10-20,12802.36,95,134.76,电子产品,APP
2024-10-20,6735.11,138,48.81,服装,线上
2024-10-20,6864.32,96,71.5,服装,线下
2024-10-20,17711.72,137,129.28,服装,小程序
2024-10-20,8358.82,94,88.92,服装,APP
2024-10-20,20409.92,72,283.47,图书,线上
2024-10-20,5331.16,79,67.48,图书,线下
2024-10-20,13731.72,27,508.58,图书,小程序
2024-10-20,8782.98,51,172.22,图书,APP
2024-10-20,14503.94,127,114.2,家居,线上
2024-10-20,6195.96,37,167.46,家居,线下
2024-10-20,17452.33,81,215.46,家居,小程序
2024-10-20,20002.48,66,303.07,家居,APP
2024-10-20,12593.38,29,434.25,食品,线上
2024-10-20,14190.16,149,95.24,食品,线下
2024-10-20,14598.73,64,228.11,食品,小程序
2024-10-20,19753.02,37,533.87,食品,APP
2024-10-20,11207.85,64,175.12,美妆,线上
2024-10-20,13575.28,141,96.28,美妆,线下
2024-10-20,8300.43,93,89.25,美妆,小程序
2024-10-20,20034.32,131,152.93,美妆,APP
2024-10-21,8104.26,36,225.12,电子产品,线上
2024-10-21,10522.84,51,206.33,电子产品,线下
2024-10-21,12982.56,98,132.48,电子产品,小程序
2024-10-21,12299.47,74,166.21,电子产品,APP
2024-10-21,21973.1,77,285.36,服装,线上
2024-10-21,13682.15,32,427.57,服装,线下
2024-10-21,6564.9,47,139.68,服装,小程序
2024-10-21,11321.76,142,79.73,服装,APP
2024-10-21,8179.65,91,89.89,图书,线上
2024-10-21,20904.39,147,142.21,图书,线下
2024-10-21,6305.22,142,44.4,图书,小程序
2024-10-21,12936.29,116,111.52,图书,APP
2024-10-21,22102.58,121,182.67,家居,线上
2024-10-21,15665.83,36,435.16,家居,线下
2024-10-21,23100.24,77,300.0,家居,小程序
2024-10-21,8588.8,121,70.98,家居,APP
2024-10-21,7218.99,85,84.93,食品,线上
2024-10-21,21264.86,130,163.58,食品,线下
2024-10-21,9561.66,107,89.36,食品,小程序
2024-10-21,5652.25,27,209.34,食品,APP
2024-10-21,17545.38,48,365.53,美妆,线上
2024-10-21,5569.44,107,52.05,美妆,线下
2024-10-21,13627.23,24,567.8,美妆,小程序
2024-10-21,14590.9,79,184.69,美妆,APP
2024-10-22,20302.59,107,189.74,电子产品,线上
2024-10-22,7758.39,41,189.23,电子产品,线下
2024-10-22,14820.15,124,119.52,电子产品,小程序
2024-10-22,17131.74,94,182.25,电子产品,APP
2024-10-22,21651.68,63,343.68,服装,线上
2024-10-22,16887.58,119,141.91,服装,线下
2024-10-22,9881.36,96,102.93,服装,小程序
2024-10-22,16300.67,137,118.98,服装,APP
2024-10-22,15617.81,132,118.32,图书,线上
2024-10-22,7889.11,114,69.2,图书,线下
2024-10-22,20138.03,145,138.88,图书,小程序
2024-10-22,10850.07,109,99.54,图书,APP
2024-10-22,18831.89,52,362.15,家居,线上
2024-10-22,22417.64,48,467.03,家居,线下
2024-10-22,20488.74,33,620.87,家居,小程序
2024-10-22,8047.64,38,211.78,家居,APP
2024-10-22,12959.99,138,93.91,食品,线上
2024-10-22,18398.6,38,484.17,食品,线下
2024-10-22,20065.21,96,209.01,食品,小程序
2024-10-22,14604.75,68,214.78,食品,APP
2024-10-22,16676.56,135,123.53,美妆,线上
2024-10-22,21541.25,138,156.1,美妆,线下
2024-10-22,4957.95,104,47.67,美妆,小程序
2024-10-22,18763.99,96,195.46,美妆,APP
2024-10-23,21953.69,87,252.34,电子产品,线上
2024-10-23,22133.26,45,491.85,电子产品,线下
2024-10-23,19581.21,72,271.96,电子产品,小程序
2024-10-23,12718.64,60,211.98,电子产品,APP
2024-10-23,14556.77,120,121.31,服装,线上
2024-10-23,23199.07,46,504.33,服装,线下
2024-10-23,6270.31,75,83.6,服装,小程序
2024-10-23,16724.5,73,229.1,服装,APP
2024-10-23,14652.62,107,136.94,图书,线上
2024-10-23,18867.15,49,385.04,图书,线下
2024-10-23,19307.3,82,235.45,图书,小程序
2024-10-23,16188.97,145,111.65,图书,APP
2024-10-23,20416.96,40,510.42,家居,线上
2024-10-23,9887.55,106,93.28,家居,线下
2024-10-23,15561.62,25,622.46,家居,小程序
2024-10-23,18601.7,62,300.03,家居,APP
2024-10-23,20400.06,133,153.38,食品,线上
2024-10-23,13519.96,32,422.5,食品,线下
2024-10-23,11682.11,57,204.95,食品,小程序
2024-10-23,15257.27,128,119.2,食品,APP
2024-10-23,22117.66,73,302.98,美妆,线上
2024-10-23,8869.03,115,77.12,美妆,线下
2024-10-23,6391.39,100,63.91,美妆,小程序
2024-10-23,18726.45,25,749.06,美妆,APP
2024-10-24,18993.06,138,137.63,电子产品,线上
2024-10-24,22900.04,23,995.65,电子产品,线下
2024-10-24,19262.64,101,190.72,电子产品,小程序
2024-10-24,8416.68,121,69.56,电子产品,APP
2024-10-24,5104.46,51,100.09,服装,线上
2024-10-24,7030.82,81,86.8,服装,线下
2024-10-24,19611.71,40,490.29,服装,小程序
2024-10-24,4924.09,52,94.69,服装,APP
2024-10-24,20851.39,141,147.88,图书,线上
2024-10-24,10538.34,100,105.38,图书,线下
2024-10-24,11336.0,82,138.24,图书,小程序
2024-10-24,18406.23,30,613.54,图书,APP
2024-10-24,15578.87,103,151.25,家居,线上
2024-10-24,20350.73,45,452.24,家居,线下
2024-10-24,20903.46,51,409.87,家居,小程序
2024-10-24,5534.43,103,53.73,家居,APP
2024-10-24,5880.06,54,108.89,食品,线上
2024-10-24,10386.39,138,75.26,食品,线下
2024-10-24,8632.7,37,233.32,食品,小程序
2024-10-24,21852.44,147,148.66,食品,APP
2024-10-24,8614.88,122,70.61,美妆,线上
2024-10-24,7371.15,132,55.84,美妆,线下
2024-10-24,6217.91,109,57.05,美妆,小程序
2024-10-24,14362.94,122,117.73,美妆,APP
2024-10-25,15536.08,73,212.82,电子产品,线上
2024-10-25,11452.1,35,327.2,电子产品,线下
2024-10-25,18117.32,105,172.55,电子产品,小程序
2024-10-25,15084.3,130,116.03,电子产品,APP
2024-10-25,6461.38,94,68.74,服装,线上
2024-10-25,13296.13,83,160.19,服装,线下
2024-10-25,6377.86,105,60.74,服装,小程序
2024-10-25,21087.65,116,181.79,服装,APP
2024-10-25,9291.25,144,64.52,图书,线上
2024-10-25,15531.33,111,139.92,图书,线下
2024-10-25,11328.46,49,231.19,图书,小程序
2024-10-25,6668.58,94,70.94,图书,APP
2024-10-25,9418.27,30,313.94,家居,线上
2024-10-25,17276.49,150,115.18,家居,线下
2024-10-25,22041.42,140,157.44,家居,小程序
2024-10-25,13975.71,136,102.76,家居,APP
2024-10-25,5281.01,60,88.02,食品,线上
2024-10-25,15087.14,127,118.8,食品,线下
2024-10-25,23669.45,116,204.05,食品,小程序
2024-10-25,12527.19,107,117.08,食品,APP
2024-10-25,22100.26,95,232.63,美妆,线上
2024-10-25,8108.13,41,197.76,美妆,线下
2024-10-25,11916.87,85,140.2,美妆,小程序
2024-10-25,9614.29,125,76.91,美妆,APP
2024-10-26,6224.66,46,135.32,电子产品,线上
2024-10-26,16649.97,138,120.65,电子产品,线下
2024-10-26,23044.36,102,225.93,电子产品,小程序
2024-10-26,16862.59,72,234.2,电子产品,APP
2024-10-26,11146.89,96,116.11,服装,线上
2024-10-26,12573.37,87,144.52,服装,线下
2024-10-26,5582.45,115,48.54,服装,小程序
2024-10-26,23128.9,29,797.55,服装,APP
2024-10-26,8366.6,20,418.33,图书,线上
2024-10-26,7346.0,74,99.27,图书,线下
2024-10-26,4923.26,56,87.92,图书,小程序
2024-10-26,14041.38,73,192.35,图书,APP
2024-10-26,12814.05,150,85.43,家居,线上
2024-10-26,21394.77,87,245.92,家居,线下
2024-10-26,16846.46,89,189.29,家居,小程序
2024-10-26,13406.25,78,171.88,家居,APP
2024-10-26,16050.0,74,216.89,食品,线上
2024-10-26,22427.99,125,179.42,食品,线下
2024-10-26,15728.89,31,507.38,食品,小程序
2024-10-26,12741.01,122,104.43,食品,APP
2024-10-26,9724.19,20,486.21,美妆,线上
2024-10-26,15624.72,64,244.14,美妆,线下
2024-10-26,14404.52,91,158.29,美妆,小程序
2024-10-26,22655.2,150,151.03,美妆,APP
2024-10-27,13481.16,89,151.47,电子产品,线上
2024-10-27,21459.17,109,196.87,电子产品,线下
2024-10-27,6926.49,80,86.58,电子产品,小程序
2024-10-27,20693.37,104,198.97,电子产品,APP
2024-10-27,15075.38,136,110.85,服装,线上
2024-10-27,7383.92,145,50.92,服装,线下
2024-10-27,7144.69,88,81.19,服装,小程序
2024-10-27,21786.41,25,871.46,服装,APP
2024-10-27,17069.12,128,133.35,图书,线上
2024-10-27,20212.68,50,404.25,图书,线下
2024-10-27,19883.32,118,168.5,图书,小程序
2024-10-27,20846.21,89,234.23,图书,APP
2024-10-27,19631.13,28,701.11,家居,线上
2024-10-27,8672.24,73,118.8,家居,线下
2024-10-27,16090.0,36,446.94,家居,小程序
2024-10-27,14493.9,72,201.3,家居,APP
2024-10-27,15280.93,133,114.89,食品,线上
2024-10-27,17262.36,111,155.52,食品,线下
2024-10-27,23193.86,76,305.18,食品,小程序
2024-10-27,18801.19,74,254.07,食品,APP
2024-10-27,12531.02,141,88.87,美妆,线上
2024-10-27,13388.57,84,159.39,美妆,线下
2024-10-27,6589.77,22,299.54,美妆,小程序
2024-10-27,16365.52,48,340.95,美妆,APP
2024-10-28,22909.22,109,210.18,电子产品,线上
2024-10-28,8513.54,127,67.04,电子产品,线下
2024-10-28,23432.81,67,349.74,电子产品,小程序
2024-10-28,15277.26,121,126.26,电子产品,APP
2024-10-28,7365.06,87,84.66,服装,线上
2024-10-28,19939.0,30,664.63,服装,线下
2024-10-28,22558.49,37,609.69,服装,小程序
2024-10-28,17396.18,63,276.13,服装,APP
2024-10-28,21377.11,79,270.6,图书,线上
2024-10-28,21993.66,28,785.49,图书,线下
2024-10-28,18721.29,111,168.66,图书,小程序
2024-10-28,13456.54,54,249.2,图书,APP
2024-10-28,4945.19,91,54.34,家居,线上
2024-10-28,6078.32,34,178.77,家居,线下
2024-10-28,18396.8,146,126.01,家居,小程序
2024-10-28,18054.55,89,202.86,家居,APP
2024-10-28,6720.58,75,89.61,食品,线上
2024-10-28,7870.89,115,68.44,食品,线下
2024-10-28,23980.63,81,296.06,食品,小程序
2024-10-28,20951.09,39,537.21,食品,APP
2024-10-28,5947.87,143,41.59,美妆,线上
2024-10-28,18537.3,99,187.25,美妆,线下
2024-10-28,6703.01,56,119.7,美妆,小程序
2024-10-28,7575.65,90,84.17,美妆,APP
2024-10-29,15320.63,139,110.22,电子产品,线上
2024-10-29,5367.36,141,38.07,电子产品,线下
2024-10-29,7738.08,119,65.03,电子产品,小程序
2024-10-29,23791.07,124,191.86,电子产品,APP
2024-10-29,8773.55,65,134.98,服装,线上
2024-10-29,12025.06,146,82.36,服装,线下
2024-10-29,21070.71,56,376.26,服装,小程序
2024-10-29,8403.77,23,365.38,服装,APP
2024-10-29,9937.64,74,134.29,图书,线上
2024-10-29,8150.4,45,181.12,图书,线下
2024-10-29,6905.64,33,209.26,图书,小程序
2024-10-29,5507.92,98,56.2,图书,APP
2024-10-29,12206.01,130,93.89,家居,线上
2024-10-29,6738.43,117,57.59,家居,线下
2024-10-29,8974.73,141,63.65,家居,小程序
2024-10-29,5055.49,122,41.44,家居,APP
2024-10-29,13481.05,63,213.98,食品,线上
2024-10-29,5906.27,58,101.83,食品,线下
2024-10-29,19856.11,28,709.15,食品,小程序
2024-10-29,16296.43,80,203.71,食品,APP
2024-10-29,12367.16,126,98.15,美妆,线上
2024-10-29,18744.78,37,506.62,美妆,线下
2024-10-29,15846.54,70,226.38,美妆,小程序
2024-10-29,12721.17,27,471.15,美妆,APP
2024-10-30,5036.77,139,36.24,电子产品,线上
2024-10-30,14061.53,100,140.62,电子产品,线下
2024-10-30,5425.19,44,123.3,电子产品,小程序
2024-10-30,14432.28,54,267.26,电子产品,APP
2024-10-30,11305.44,23,491.54,服装,线上
2024-10-30,5347.15,138,38.75,服装,线下
2024-10-30,9031.9,138,65.45,服装,小程序
2024-10-30,6576.97,28,234.89,服装,APP
2024-10-30,17520.79,63,278.11,图书,线上
2024-10-30,7948.11,47,169.11,图书,线下
2024-10-30,8799.52,117,75.21,图书,小程序
2024-10-30,15816.33,150,105.44,图书,APP
2024-10-30,13999.88,39,358.97,家居,线上
2024-10-30,17535.08,146,120.1,家居,线下
2024-10-30,7604.95,50,152.1,家居,小程序
2024-10-30,5326.9,84,63.42,家居,APP
2024-10-30,10969.78,91,120.55,食品,线上
2024-10-30,19247.65,48,400.99,食品,线下
2024-10-30,24194.05,48,504.04,食品,小程序
2024-10-30,15876.55,37,429.1,食品,APP
2024-10-30,14025.98,21,667.9,美妆,线上
2024-10-30,13654.52,98,139.33,美妆,线下
2024-10-30,9587.74,33,290.54,美妆,小程序
2024-10-30,23892.92,57,419.17,美妆,APP
2024-10-31,20912.09,97,215.59,电子产品,线上
2024-10-31,10565.16,53,199.34,电子产品,线下
2024-10-31,8435.76,56,150.64,电子产品,小程序
2024-10-31,6669.04,121,55.12,电子产品,APP
2024-10-31,5162.54,107,48.25,服装,线上
2024-10-31,8385.51,89,94.22,服装,线下
2024-10-31,19555.82,56,349.21,服装,小程序
2024-10-31,23427.21,24,976.13,服装,APP
2024-10-31,16210.28,98,165.41,图书,线上
2024-10-31,19294.75,134,143.99,图书,线下
2024-10-31,20382.68,141,144.56,图书,小程序
2024-10-31,22045.17,116,190.04,图书,APP
2024-10-31,16865.49,73,231.03,家居,线上
2024-10-31,17981.63,127,141.59,家居,线下
2024-10-31,17342.63,110,157.66,家居,小程序
2024-10-31,11006.15,77,142.94,家居,APP
2024-10-31,22816.4,140,162.97,食品,线上
2024-10-31,12818.49,139,92.22,食品,线下
2024-10-31,16586.43,96,172.78,食品,小程序
2024-10-31,18872.49,26,725.87,食品,APP
2024-10-31,23741.58,54,439.66,美妆,线上
2024-10-31,10121.9,108,93.72,美妆,线下
2024-10-31,20953.11,111,188.77,美妆,小程序
2024-10-31,16229.83,109,148.9,美妆,APP
2024-11-01,7069.0,29,243.76,电子产品,线上
2024-11-01,7449.19,47,158.49,电子产品,线下
2024-11-01,16112.12,48,335.67,电子产品,小程序
2024-11-01,11125.92,43,258.74,电子产品,APP
2024-11-01,8217.06,130,63.21,服装,线上
2024-11-01,15438.72,123,125.52,服装,线下
2024-11-01,24283.59,93,261.11,服装,小程序
2024-11-01,19188.85,125,153.51,服装,APP
2024-11-01,9868.75,129,76.5,图书,线上
2024-11-01,20334.45,127,160.11,图书,线下
2024-11-01,7361.08,138,53.34,图书,小程序
2024-11-01,12291.89,35,351.2,图书,APP
2024-11-01,22613.48,148,152.79,家居,线上
2024-11-01,15146.27,99,152.99,家居,线下
2024-11-01,13792.18,26,530.47,家居,小程序
2024-11-01,14866.07,79,188.18,家居,APP
2024-11-01,13443.27,42,320.08,食品,线上
2024-11-01,23958.47,48,499.13,食品,线下
2024-11-01,16051.87,145,110.7,食品,小程序
2024-11-01,10577.25,53,199.57,食品,APP
2024-11-01,6557.44,96,68.31,美妆,线上
2024-11-01,5734.39,123,46.62,美妆,线下
2024-11-01,16040.02,71,225.92,美妆,小程序
2024-11-01,12558.86,52,241.52,美妆,APP
2024-11-02,21248.38,103,206.29,电子产品,线上
2024-11-02,24112.11,91,264.97,电子产品,线下
2024-11-02,15497.6,150,103.32,电子产品,小程序
2024-11-02,13472.26,134,100.54,电子产品,APP
2024-11-02,23423.86,30,780.8,服装,线上
2024-11-02,14788.48,50,295.77,服装,线下
2024-11-02,9294.68,125,74.36,服装,小程序
2024-11-02,11148.89,130,85.76,服装,APP
2024-11-02,8578.76,22,389.94,图书,线上
2024-11-02,8199.93,62,132.26,图书,线下
2024-11-02,8810.34,145,60.76,图书,小程序
2024-11-02,18360.25,57,322.11,图书,APP
2024-11-02,21887.91,111,197.19,家居,线上
2024-11-02,22602.51,20,1130.13,家居,线下
2024-11-02,22131.64,75,295.09,家居,小程序
2024-11-02,4941.03,25,197.64,家居,APP
2024-11-02,5258.61,116,45.33,食品,线上
2024-11-02,9778.34,94,104.02,食品,线下
2024-11-02,19486.93,123,158.43,食品,小程序
2024-11-02,13793.67,48,287.37,食品,APP
2024-11-02,16906.58,20,845.33,美妆,线上
2024-11-02,15023.56,43,349.39,美妆,线下
2024-11-02,7281.16,50,145.62,美妆,小程序
2024-11-02,12867.28,20,643.36,美妆,APP
2024-11-03,5377.51,43,125.06,电子产品,线上
2024-11-03,12491.41,58,215.37,电子产品,线下
2024-11-03,21073.54,55,383.16,电子产品,小程序
2024-11-03,18417.91,71,259.41,电子产品,APP
2024-11-03,23306.48,137,170.12,服装,线上
2024-11-03,19490.91,31,628.74,服装,线下
2024-11-03,12564.68,106,118.53,服装,小程序
2024-11-03,10832.12,41,264.2,服装,APP
2024-11-03,23483.35,128,183.46,图书,线上
2024-11-03,14372.47,86,167.12,图书,线下
2024-11-03,12570.65,30,419.02,图书,小程序
2024-11-03,5919.3,90,65.77,图书,APP
2024-11-03,18394.01,83,221.61,家居,线上
2024-11-03,13477.34,44,306.3,家居,线下
2024-11-03,19156.22,82,233.61,家居,小程序
2024-11-03,23685.93,41,577.71,家居,APP
2024-11-03,23222.81,41,566.41,食品,线上
2024-11-03,11189.23,114,98.15,食品,线下
2024-11-03,18591.0,104,178.76,食品,小程序
2024-11-03,14790.23,99,149.4,食品,APP
2024-11-03,7876.62,24,328.19,美妆,线上
2024-11-03,8645.05,86,100.52,美妆,线下
2024-11-03,20768.78,23,902.99,美妆,小程序
2024-11-03,6268.78,72,87.07,美妆,APP
2024-11-04,11344.67,81,140.06,电子产品,线上
2024-11-04,10431.32,125,83.45,电子产品,线下
2024-11-04,5533.98,102,54.25,电子产品,小程序
2024-11-04,12355.12,84,147.08,电子产品,APP
2024-11-04,10542.99,89,118.46,服装,线上
2024-11-04,22004.38,130,169.26,服装,线下
2024-11-04,13670.66,33,414.26,服装,小程序
2024-11-04,6829.05,55,124.16,服装,APP
2024-11-04,10219.08,24,425.8,图书,线上
2024-11-04,20954.45,43,487.31,图书,线下
2024-11-04,18554.93,58,319.91,图书,小程序
2024-11-04,23139.36,76,304.47,图书,APP
2024-11-04,15088.34,93,162.24,家居,线上
2024-11-04,24078.17,58,415.14,家居,线下
2024-11-04,23936.37,120,199.47,家居,小程序
2024-11-04,7723.43,108,71.51,家居,APP
2024-11-04,14840.44,37,401.09,食品,线上
2024-11-04,14763.02,103,143.33,食品,线下
2024-11-04,22826.74,139,164.22,食品,小程序
2024-11-04,9436.43,111,85.01,食品,APP
2024-11-04,17536.08,69,254.15,美妆,线上
2024-11-04,13077.06,60,217.95,美妆,线下
2024-11-04,23739.95,76,312.37,美妆,小程序
2024-11-04,11749.86,136,86.4,美妆,APP
2024-11-05,5306.51,95,55.86,电子产品,线上
2024-11-05,6691.55,44,152.08,电子产品,线下
2024-11-05,24657.3,55,448.31,电子产品,小程序
2024-11-05,15909.0,104,152.97,电子产品,APP
2024-11-05,7088.32,49,144.66,服装,线上
2024-11-05,18587.25,37,502.36,服装,线下
2024-11-05,17430.75,103,169.23,服装,小程序
2024-11-05,11826.69,24,492.78,服装,APP
2024-11-05,10654.11,121,88.05,图书,线上
2024-11-05,7231.98,28,258.28,图书,线下
2024-11-05,6168.48,64,96.38,图书,小程序
2024-11-05,9308.59,87,107.0,图书,APP
2024-11-05,13424.6,26,516.33,家居,线上
2024-11-05,6028.57,52,115.93,家居,线下
2024-11-05,16105.41,56,287.6,家居,小程序
2024-11-05,14055.88,27,520.59,家居,APP
2024-11-05,6741.98,64,105.34,食品,线上
2024-11-05,8940.28,52,171.93,食品,线下
2024-11-05,16229.26,129,125.81,食品,小程序
2024-11-05,6323.5,42,150.56,食品,APP
2024-11-05,7443.75,87,85.56,美妆,线上
2024-11-05,23744.69,115,206.48,美妆,线下
2024-11-05,5190.05,129,40.23,美妆,小程序
2024-11-05,13598.36,103,132.02,美妆,APP
2024-11-06,9451.71,86,109.9,电子产品,线上
2024-11-06,11198.41,31,361.24,电子产品,线下
2024-11-06,24320.13,98,248.16,电子产品,小程序
2024-11-06,18033.04,56,322.02,电子产品,APP
2024-11-06,24476.02,127,192.72,服装,线上
2024-11-06,24657.46,96,256.85,服装,线下
2024-11-06,12608.29,26,484.93,服装,小程序
2024-11-06,7114.28,42,169.39,服装,APP
2024-11-06,11613.63,21,553.03,图书,线上
2024-11-06,12272.21,72,170.45,图书,线下
2024-11-06,24188.51,99,244.33,图书,小程序
2024-11-06,14779.98,58,254.83,图书,APP
2024-11-06,10150.74,109,93.13,家居,线上
2024-11-06,16105.25,127,126.81,家居,线下
2024-11-06,6636.17,124,53.52,家居,小程序
2024-11-06,15635.52,61,256.32,家居,APP
2024-11-06,23713.57,45,526.97,食品,线上
2024-11-06,19913.11,52,382.94,食品,线下
2024-11-06,21439.22,66,324.84,食品,小程序
2024-11-06,12835.86,20,641.79,食品,APP
2024-11-06,15130.05,127,119.13,美妆,线上
2024-11-06,18999.37,119,159.66,美妆,线下
2024-11-06,23608.89,122,193.52,美妆,小程序
2024-11-06,23962.67,53,452.13,美妆,APP
2024-11-07,10522.85,39,269.82,电子产品,线上
2024-11-07,24131.54,133,181.44,电子产品,线下
2024-11-07,22680.95,124,182.91,电子产品,小程序
2024-11-07,22049.4,133,165.78,电子产品,APP
2024-11-07,15215.06,89,170.96,服装,线上
2024-11-07,20805.32,95,219.0,服装,线下
2024-11-07,14468.31,40,361.71,服装,小程序
2024-11-07,18250.62,35,521.45,服装,APP
2024-11-07,17784.96,112,158.79,图书,线上
2024-11-07,5301.71,125,42.41,图书,线下
2024-11-07,24503.09,47,521.34,图书,小程序
2024-11-07,21128.76,97,217.82,图书,APP
2024-11-07,15014.27,143,104.99,家居,线上
2024-11-07,24872.24,57,436.36,家居,线下
2024-11-07,7512.23,100,75.12,家居,小程序
2024-11-07,22285.3,73,305.28,家居,APP
2024-11-07,11153.7,98,113.81,食品,线上
2024-11-07,19524.15,116,168.31,食品,线下
2024-11-07,15956.12,48,332.42,食品,小程序
2024-11-07,8017.54,106,75.64,食品,APP
2024-11-07,20815.78,130,160.12,美妆,线上
2024-11-07,21872.88,111,197.05,美妆,线下
2024-11-07,8273.8,85,97.34,美妆,小程序
2024-11-07,16499.16,64,257.8,美妆,APP
2024-11-08,5365.81,122,43.98,电子产品,线上
2024-11-08,18273.33,90,203.04,电子产品,线下
2024-11-08,21107.03,42,502.55,电子产品,小程序
2024-11-08,20411.89,45,453.6,电子产品,APP
2024-11-08,18487.32,146,126.63,服装,线上
2024-11-08,20566.42,40,514.16,服装,线下
2024-11-08,15688.17,138,113.68,服装,小程序
2024-11-08,10022.6,129,77.69,服装,APP
2024-11-08,9709.8,77,126.1,图书,线上
2024-11-08,11795.57,93,126.83,图书,线下
2024-11-08,15070.57,148,101.83,图书,小程序
2024-11-08,21212.7,36,589.24,图书,APP
2024-11-08,15628.7,90,173.65,家居,线上
2024-11-08,16802.54,127,132.3,家居,线下
2024-11-08,15801.52,123,128.47,家居,小程序
2024-11-08,13156.91,24,548.2,家居,APP
2024-11-08,11995.46,45,266.57,食品,线上
2024-11-08,21418.89,31,690.93,食品,线下
2024-11-08,8670.4,61,142.14,食品,小程序
2024-11-08,21391.15,114,187.64,食品,APP
2024-11-08,11266.18,91,123.8,美妆,线上
2024-11-08,6672.56,67,99.59,美妆,线下
2024-11-08,9983.58,27,369.76,美妆,小程序
2024-11-08,7399.58,122,60.65,美妆,APP
2024-11-09,6067.77,128,47.4,电子产品,线上
2024-11-09,5124.89,81,63.27,电子产品,线下
2024-11-09,15054.04,45,334.53,电子产品,小程序
2024-11-09,19426.25,149,130.38,电子产品,APP
2024-11-09,12803.6,34,376.58,服装,线上
2024-11-09,9125.83,35,260.74,服装,线下
2024-11-09,25191.89,71,354.82,服装,小程序
2024-11-09,7158.04,134,53.42,服装,APP
2024-11-09,16144.53,32,504.52,图书,线上
2024-11-09,6656.98,90,73.97,图书,线下
2024-11-09,5694.3,23,247.58,图书,小程序
2024-11-09,9271.42,141,65.75,图书,APP
2024-11-09,21437.59,81,264.66,家居,线上
2024-11-09,7196.42,147,48.96,家居,线下
2024-11-09,20111.91,139,144.69,家居,小程序
2024-11-09,20402.02,126,161.92,家居,APP
2024-11-09,5959.49,46,129.55,食品,线上
2024-11-09,22875.81,119,192.23,食品,线下
2024-11-09,22865.33,59,387.55,食品,小程序
2024-11-09,20374.44,110,185.22,食品,APP
2024-11-09,18825.69,33,570.48,美妆,线上
2024-11-09,19592.15,86,227.82,美妆,线下
2024-11-09,7026.74,92,76.38,美妆,小程序
2024-11-09,22084.97,139,158.88,美妆,APP
2024-11-10,21687.69,104,208.54,电子产品,线上
2024-11-10,22615.95,22,1028.0,电子产品,线下
2024-11-10,17785.45,39,456.04,电子产品,小程序
2024-11-10,9230.55,132,69.93,电子产品,APP
2024-11-10,11956.86,106,112.8,服装,线上
2024-11-10,15790.16,50,315.8,服装,线下
2024-11-10,5518.37,62,89.01,服装,小程序
2024-11-10,16356.96,133,122.98,服装,APP
2024-11-10,15637.89,20,781.89,图书,线上
2024-11-10,14607.37,139,105.09,图书,线下
2024-11-10,17179.4,34,505.28,图书,小程序
2024-11-10,19533.72,139,140.53,图书,APP
2024-11-10,7326.24,126,58.14,家居,线上
2024-11-10,7201.4,27,266.72,家居,线下
2024-11-10,16243.87,48,338.41,家居,小程序
2024-11-10,20831.94,140,148.8,家居,APP
2024-11-10,24814.36,59,420.58,食品,线上
2024-11-10,7687.08,71,108.27,食品,线下
2024-11-10,18760.25,118,158.99,食品,小程序
2024-11-10,10147.08,145,69.98,食品,APP
2024-11-10,20744.84,70,296.35,美妆,线上
2024-11-10,14880.44,78,190.77,美妆,线下
2024-11-10,5876.32,127,46.27,美妆,小程序
2024-11-10,16388.26,47,348.69,美妆,APP
2024-11-11,23361.88,21,1112.47,电子产品,线上
2024-11-11,8779.7,93,94.41,电子产品,线下
2024-11-11,16196.05,113,143.33,电子产品,小程序
2024-11-11,21019.08,139,151.22,电子产品,APP
2024-11-11,22700.67,148,153.38,服装,线上
2024-11-11,5719.77,63,90.79,服装,线下
2024-11-11,18315.51,95,192.79,服装,小程序
2024-11-11,9025.44,54,167.14,服装,APP
2024-11-11,9414.23,121,77.8,图书,线上
2024-11-11,24669.27,61,404.41,图书,线下
2024-11-11,24796.66,51,486.21,图书,小程序
2024-11-11,13019.41,29,448.95,图书,APP
2024-11-11,21119.95,118,178.98,家居,线上
2024-11-11,17322.51,117,148.06,家居,线下
2024-11-11,16286.6,136,119.75,家居,小程序
2024-11-11,10354.95,140,73.96,家居,APP
2024-11-11,5484.97,133,41.24,食品,线上
2024-11-11,18943.59,111,170.66,食品,线下
2024-11-11,6427.24,50,128.54,食品,小程序
2024-11-11,10077.09,113,89.18,食品,APP
2024-11-11,19243.14,56,343.63,美妆,线上
2024-11-11,6897.65,34,202.87,美妆,线下
2024-11-11,20031.95,124,161.55,美妆,小程序
2024-11-11,23259.84,57,408.07,美妆,APP
2024-11-12,13023.36,21,620.16,电子产品,线上
2024-11-12,14899.11,22,677.23,电子产品,线下
2024-11-12,9538.82,113,84.41,电子产品,小程序
2024-11-12,6047.03,86,70.31,电子产品,APP
2024-11-12,23313.06,60,388.55,服装,线上
2024-11-12,10854.3,74,146.68,服装,线下
2024-11-12,19437.6,48,404.95,服装,小程序
2024-11-12,17748.2,76,233.53,服装,APP
2024-11-12,16889.03,93,181.6,图书,线上
2024-11-12,16153.44,94,171.85,图书,线下
2024-11-12,15369.26,76,202.23,图书,小程序
2024-11-12,5581.18,97,57.54,图书,APP
2024-11-12,23722.83,128,185.33,家居,线上
2024-11-12,17354.15,39,444.98,家居,线下
2024-11-12,21706.74,100,217.07,家居,小程序
2024-11-12,22606.47,31,729.24,家居,APP
2024-11-12,8106.21,114,71.11,食品,线上
2024-11-12,23696.66,116,204.28,食品,线下
2024-11-12,14816.05,113,131.12,食品,小程序
2024-11-12,20678.64,119,173.77,食品,APP
2024-11-12,19345.18,123,157.28,美妆,线上
2024-11-12,19643.62,82,239.56,美妆,线下
2024-11-12,9814.28,104,94.37,美妆,小程序
2024-11-12,9846.6,43,228.99,美妆,APP
2024-11-13,7034.29,103,68.29,电子产品,线上
2024-11-13,5469.7,50,109.39,电子产品,线下
2024-11-13,23151.84,90,257.24,电子产品,小程序
2024-11-13,23799.41,127,187.4,电子产品,APP
2024-11-13,10436.1,59,176.88,服装,线上
2024-11-13,15167.12,128,118.49,服装,线下
2024-11-13,22641.04,51,443.94,服装,小程序
2024-11-13,11674.74,83,140.66,服装,APP
2024-11-13,16421.01,102,160.99,图书,线上
2024-11-13,20366.48,48,424.3,图书,线下
2024-11-13,7921.96,39,203.13,图书,小程序
2024-11-13,23671.39,146,162.13,图书,APP
2024-11-13,11868.45,45,263.74,家居,线上
2024-11-13,7864.02,115,68.38,家居,线下
2024-11-13,20788.71,147,141.42,家居,小程序
2024-11-13,15496.96,107,144.83,家居,APP
2024-11-13,12539.47,59,212.53,食品,线上
2024-11-13,12828.24,31,413.81,食品,线下
2024-11-13,20734.45,138,150.25,食品,小程序
2024-11-13,8412.67,118,71.29,食品,APP
2024-11-13,5506.25,95,57.96,美妆,线上
2024-11-13,21232.94,131,162.08,美妆,线下
2024-11-13,20651.53,114,181.15,美妆,小程序
2024-11-13,20924.39,128,163.47,美妆,APP
2024-11-14,21036.09,139,151.34,电子产品,线上
2024-11-14,8046.02,111,72.49,电子产品,线下
2024-11-14,6469.32,46,140.64,电子产品,小程序
2024-11-14,5701.58,72,79.19,电子产品,APP
2024-11-14,6397.11,148,43.22,服装,线上
2024-11-14,14676.54,112,131.04,服装,线下
2024-11-14,13040.57,87,149.89,服装,小程序
2024-11-14,20656.44,143,144.45,服装,APP
2024-11-14,16068.72,78,206.01,图书,线上
2024-11-14,15032.42,35,429.5,图书,线下
2024-11-14,9591.43,144,66.61,图书,小程序
2024-11-14,11679.02,78,149.73,图书,APP
2024-11-14,16038.24,67,239.38,家居,线上
2024-11-14,23410.82,95,246.43,家居,线下
2024-11-14,22026.54,97,227.08,家居,小程序
2024-11-14,15486.8,103,150.36,家居,APP
2024-11-14,19648.58,66,297.71,食品,线上
2024-11-14,13021.01,61,213.46,食品,线下
2024-11-14,16707.39,105,159.12,食品,小程序
2024-11-14,10476.48,120,87.3,食品,APP
2024-11-14,19228.61,123,156.33,美妆,线上
2024-11-14,25314.61,135,187.52,美妆,线下
2024-11-14,8962.78,96,93.36,美妆,小程序
2024-11-14,25638.77,134,191.33,美妆,APP
2024-11-15,13758.93,84,163.8,电子产品,线上
2024-11-15,7969.19,134,59.47,电子产品,线下
2024-11-15,18631.66,116,160.62,电子产品,小程序
2024-11-15,19260.97,56,343.95,电子产品,APP
2024-11-15,15030.66,37,406.23,服装,线上
2024-11-15,22903.37,72,318.1,服装,线下
2024-11-15,24624.99,73,337.33,服装,小程序
2024-11-15,20157.49,122,165.23,服装,APP
2024-11-15,14982.23,55,272.4,图书,线上
2024-11-15,12551.81,52,241.38,图书,线下
2024-11-15,9657.15,130,74.29,图书,小程序
2024-11-15,20062.68,141,142.29,图书,APP
2024-11-15,17696.23,124,142.71,家居,线上
2024-11-15,23651.65,27,875.99,家居,线下
2024-11-15,21616.77,120,180.14,家居,小程序
2024-11-15,17364.76,79,219.81,家居,APP
2024-11-15,8800.11,105,83.81,食品,线上
2024-11-15,21262.61,80,265.78,食品,线下
2024-11-15,10520.31,108,97.41,食品,小程序
2024-11-15,21428.44,57,375.94,食品,APP
2024-11-15,14948.74,127,117.71,美妆,线上
2024-11-15,20478.95,103,198.82,美妆,线下
2024-11-15,17465.06,135,129.37,美妆,小程序
2024-11-15,14015.79,85,164.89,美妆,APP
2024-11-16,21269.32,100,212.69,电子产品,线上
2024-11-16,9155.17,102,89.76,电子产品,线下
2024-11-16,13706.15,34,403.12,电子产品,小程序
2024-11-16,20445.36,148,138.14,电子产品,APP
2024-11-16,17516.25,138,126.93,服装,线上
2024-11-16,15536.09,106,146.57,服装,线下
2024-11-16,12313.11,60,205.22,服装,小程序
2024-11-16,14220.84,39,364.64,服装,APP
2024-11-16,17336.35,27,642.09,图书,线上
2024-11-16,10178.49,86,118.35,图书,线下
2024-11-16,8229.21,66,124.68,图书,小程序
2024-11-16,15060.47,123,122.44,图书,APP
2024-11-16,20711.28,53,390.78,家居,线上
2024-11-16,14616.75,72,203.01,家居,线下
2024-11-16,8915.04,65,137.15,家居,小程序
2024-11-16,8815.14,57,154.65,家居,APP
2024-11-16,15170.05,47,322.77,食品,线上
2024-11-16,20959.87,138,151.88,食品,线下
2024-11-16,22380.34,145,154.35,食品,小程序
2024-11-16,14005.19,50,280.1,食品,APP
2024-11-16,25251.71,47,537.27,美妆,线上
2024-11-16,13943.2,34,410.09,美妆,线下
2024-11-16,21329.95,60,355.5,美妆,小程序
2024-11-16,17959.85,115,156.17,美妆,APP
2024-11-17,7571.71,88,86.04,电子产品,线上
2024-11-17,22613.0,123,183.85,电子产品,线下
2024-11-17,17204.4,79,217.78,电子产品,小程序
2024-11-17,5873.62,64,91.78,电子产品,APP
2024-11-17,24752.25,128,193.38,服装,线上
2024-11-17,25071.67,22,1139.62,服装,线下
2024-11-17,9512.59,65,146.35,服装,小程序
2024-11-17,9093.47,66,137.78,服装,APP
2024-11-17,20735.31,23,901.54,图书,线上
2024-11-17,7189.72,88,81.7,图书,线下
2024-11-17,9035.32,121,74.67,图书,小程序
2024-11-17,10787.8,39,276.61,图书,APP
2024-11-17,6459.52,26,248.44,家居,线上
2024-11-17,23262.0,135,172.31,家居,线下
2024-11-17,14862.89,24,619.29,家居,小程序
2024-11-17,24369.4,40,609.24,家居,APP
2024-11-17,13521.46,69,195.96,食品,线上
2024-11-17,14469.66,30,482.32,食品,线下
2024-11-17,23674.28,22,1076.1,食品,小程序
2024-11-17,24780.65,94,263.62,食品,APP
2024-11-17,17332.91,73,237.44,美妆,线上
2024-11-17,9042.91,137,66.01,美妆,线下
2024-11-17,9017.74,91,99.1,美妆,小程序
2024-11-17,13036.25,77,169.3,美妆,APP
2024-11-18,23027.41,132,174.45,电子产品,线上
2024-11-18,8559.18,91,94.06,电子产品,线下
2024-11-18,21559.67,130,165.84,电子产品,小程序
2024-11-18,25659.97,21,1221.9,电子产品,APP
2024-11-18,16494.27,28,589.08,服装,线上
2024-11-18,20701.75,103,200.99,服装,线下
2024-11-18,10651.41,60,177.52,服装,小程序
2024-11-18,23615.51,103,229.28,服装,APP
2024-11-18,7490.42,76,98.56,图书,线上
2024-11-18,20633.42,77,267.97,图书,线下
2024-11-18,7876.61,60,131.28,图书,小程序
2024-11-18,25919.27,146,177.53,图书,APP
2024-11-18,8982.48,42,213.87,家居,线上
2024-11-18,8562.43,50,171.25,家居,线下
2024-11-18,22389.19,76,294.59,家居,小程序
2024-11-18,12487.91,32,390.25,家居,APP
2024-11-18,11452.3,129,88.78,食品,线上
2024-11-18,6462.55,130,49.71,食品,线下
2024-11-18,20223.45,135,149.8,食品,小程序
2024-11-18,13470.79,104,129.53,食品,APP
2024-11-18,22427.12,136,164.91,美妆,线上
2024-11-18,23240.42,97,239.59,美妆,线下
2024-11-18,12651.53,72,175.72,美妆,小程序
2024-11-18,17500.32,87,201.15,美妆,APP
2024-11-19,18308.06,115,159.2,电子产品,线上
2024-11-19,5730.67,20,286.53,电子产品,线下
2024-11-19,15839.61,131,120.91,电子产品,小程序
2024-11-19,11556.98,20,577.85,电子产品,APP
2024-11-19,14016.63,146,96.0,服装,线上
2024-11-19,26069.73,125,208.56,服装,线下
2024-11-19,22983.63,25,919.35,服装,小程序
2024-11-19,8796.26,22,399.83,服装,APP
2024-11-19,19181.69,46,416.99,图书,线上
2024-11-19,17084.27,63,271.18,图书,线下
2024-11-19,17712.62,62,285.69,图书,小程序
2024-11-19,9142.64,39,234.43,图书,APP
2024-11-19,24191.64,96,252.0,家居,线上
2024-11-19,23730.46,80,296.63,家居,线下
2024-11-19,18229.83,91,200.33,家居,小程序
2024-11-19,10670.23,28,381.08,家居,APP
2024-11-19,17497.97,64,273.41,食品,线上
2024-11-19,24079.16,109,220.91,食品,线下
2024-11-19,25302.58,83,304.85,食品,小程序
2024-11-19,9564.36,21,455.45,食品,APP
2024-11-19,25308.57,82,308.64,美妆,线上
2024-11-19,12734.33,30,424.48,美妆,线下
2024-11-19,8467.55,115,73.63,美妆,小程序
2024-11-19,24228.32,104,232.96,美妆,APP
2024-11-20,12499.91,35,357.14,电子产品,线上
2024-11-20,7649.14,77,99.34,电子产品,线下
2024-11-20,26077.28,92,283.45,电子产品,小程序
2024-11-20,12173.94,28,434.78,电子产品,APP
2024-11-20,10016.64,123,81.44,服装,线上
2024-11-20,17483.5,92,190.04,服装,线下
2024-11-20,19887.46,73,272.43,服装,小程序
2024-11-20,18385.9,82,224.22,服装,APP
2024-11-20,9316.2,61,152.72,图书,线上
2024-11-20,11458.15,83,138.05,图书,线下
2024-11-20,13553.3,61,222.19,图书,小程序
2024-11-20,17719.17,53,334.32,图书,APP
2024-11-20,5412.83,26,208.19,家居,线上
2024-11-20,12558.14,79,158.96,家居,线下
2024-11-20,7836.98,88,89.06,家居,小程序
2024-11-20,21097.7,43,490.64,家居,APP
2024-11-20,8662.73,34,254.79,食品,线上
2024-11-20,14609.95,105,139.14,食品,线下
2024-11-20,21070.31,120,175.59,食品,小程序
2024-11-20,11847.71,54,219.4,食品,APP
2024-11-20,25279.13,50,505.58,美妆,线上
2024-11-20,8261.9,147,56.2,美妆,线下
2024-11-20,13708.46,39,351.5,美妆,小程序
2024-11-20,15384.1,99,155.39,美妆,APP
2024-11-21,17700.62,91,194.51,电子产品,线上
2024-11-21,8661.35,23,376.58,电子产品,线下
2024-11-21,13390.2,88,152.16,电子产品,小程序
2024-11-21,18818.4,72,261.37,电子产品,APP
2024-11-21,24326.51,107,227.35,服装,线上
2024-11-21,18421.65,45,409.37,服装,线下
2024-11-21,17657.5,66,267.54,服装,小程序
2024-11-21,13635.06,39,349.62,服装,APP
2024-11-21,20129.54,45,447.32,图书,线上
2024-11-21,15453.59,79,195.62,图书,线下
2024-11-21,20542.63,52,395.05,图书,小程序
2024-11-21,25223.52,90,280.26,图书,APP
2024-11-21,15281.13,58,263.47,家居,线上
2024-11-21,19385.8,150,129.24,家居,线下
2024-11-21,18578.41,122,152.28,家居,小程序
2024-11-21,10600.84,46,230.45,家居,APP
2024-11-21,24233.83,56,432.75,食品,线上
2024-11-21,20092.13,128,156.97,食品,线下
2024-11-21,7825.16,78,100.32,食品,小程序
2024-11-21,5839.31,60,97.32,食品,APP
2024-11-21,19218.2,88,218.39,美妆,线上
2024-11-21,11942.77,55,217.14,美妆,线下
2024-11-21,10993.88,68,161.67,美妆,小程序
2024-11-21,8791.51,47,187.05,美妆,APP
2024-11-22,6632.3,78,85.03,电子产品,线上
2024-11-22,23537.0,110,213.97,电子产品,线下
2024-11-22,5511.45,44,125.26,电子产品,小程序
2024-11-22,11044.95,55,200.82,电子产品,APP
2024-11-22,7428.97,46,161.5,服装,线上
2024-11-22,11651.52,32,364.11,服装,线下
2024-11-22,16271.98,133,122.35,服装,小程序
2024-11-22,15586.9,138,112.95,服装,APP
2024-11-22,18822.46,86,218.87,图书,线上
2024-11-22,15184.53,52,292.01,图书,线下
2024-11-22,13238.57,84,157.6,图书,小程序
2024-11-22,23535.08,59,398.9,图书,APP
2024-11-22,25883.96,148,174.89,家居,线上
2024-11-22,16862.1,85,198.38,家居,线下
2024-11-22,18622.54,102,182.57,家居,小程序
2024-11-22,20151.93,48,419.83,家居,APP
2024-11-22,17825.68,21,848.84,食品,线上
2024-11-22,11715.09,143,81.92,食品,线下
2024-11-22,15746.42,130,121.13,食品,小程序
2024-11-22,15747.93,117,134.6,食品,APP
2024-11-22,22889.34,70,326.99,美妆,线上
2024-11-22,25690.89,80,321.14,美妆,线下
2024-11-22,21363.52,130,164.33,美妆,小程序
2024-11-22,12812.98,111,115.43,美妆,APP
2024-11-23,23893.95,34,702.76,电子产品,线上
2024-11-23,8852.78,139,63.69,电子产品,线下
2024-11-23,20569.43,94,218.82,电子产品,小程序
2024-11-23,25754.8,90,286.16,电子产品,APP
2024-11-23,6541.32,105,62.3,服装,线上
2024-11-23,18869.41,111,169.99,服装,线下
2024-11-23,20970.2,69,303.92,服装,小程序
2024-11-23,22977.35,63,364.72,服装,APP
2024-11-23,26023.52,102,255.13,图书,线上
2024-11-23,20208.86,142,142.32,图书,线下
2024-11-23,8193.95,64,128.03,图书,小程序
2024-11-23,5703.98,150,38.03,图书,APP
2024-11-23,10985.39,143,76.82,家居,线上
2024-11-23,7988.64,63,126.8,家居,线下
2024-11-23,13034.8,75,173.8,家居,小程序
2024-11-23,23673.8,101,234.39,家居,APP
2024-11-23,21010.07,40,525.25,食品,线上
2024-11-23,22044.95,120,183.71,食品,线下
2024-11-23,8913.31,60,148.56,食品,小程序
2024-11-23,8995.05,109,82.52,食品,APP
2024-11-23,5504.62,47,117.12,美妆,线上
2024-11-23,16671.68,110,151.56,美妆,线下
2024-11-23,20844.52,123,169.47,美妆,小程序
2024-11-23,8896.91,96,92.68,美妆,APP
2024-11-24,14896.46,125,119.17,电子产品,线上
2024-11-24,9373.08,84,111.58,电子产品,线下
2024-11-24,24160.29,23,1050.45,电子产品,小程序
2024-11-24,7277.92,63,115.52,电子产品,APP
2024-11-24,22282.42,82,271.74,服装,线上
2024-11-24,25041.54,42,596.23,服装,线下
2024-11-24,11483.36,64,179.43,服装,小程序
2024-11-24,18032.89,23,784.04,服装,APP
2024-11-24,18277.8,126,145.06,图书,线上
2024-11-24,13768.3,133,103.52,图书,线下
2024-11-24,6190.8,124,49.93,图书,小程序
2024-11-24,13855.53,87,159.26,图书,APP
2024-11-24,24966.82,107,233.33,家居,线上
2024-11-24,23032.61,33,697.96,家居,线下
2024-11-24,25913.57,112,231.37,家居,小程序
2024-11-24,14535.09,67,216.94,家居,APP
2024-11-24,6767.57,92,73.56,食品,线上
2024-11-24,19165.14,24,798.55,食品,线下
2024-11-24,20664.15,39,529.85,食品,小程序
2024-11-24,6407.54,41,156.28,食品,APP
2024-11-24,17624.8,82,214.94,美妆,线上
2024-11-24,13262.29,71,186.79,美妆,线下
2024-11-24,16851.85,65,259.26,美妆,小程序
2024-11-24,8214.34,96,85.57,美妆,APP
2024-11-25,23298.66,43,541.83,电子产品,线上
2024-11-25,7224.17,76,95.05,电子产品,线下
2024-11-25,13561.18,21,645.77,电子产品,小程序
2024-11-25,20263.4,127,159.55,电子产品,APP
2024-11-25,26059.63,56,465.35,服装,线上
2024-11-25,15257.23,29,526.11,服装,线下
2024-11-25,12232.55,91,134.42,服装,小程序
2024-11-25,13945.33,127,109.81,服装,APP
2024-11-25,23182.84,34,681.85,图书,线上
2024-11-25,15527.42,131,118.53,图书,线下
2024-11-25,24026.87,120,200.22,图书,小程序
2024-11-25,11396.33,110,103.6,图书,APP
2024-11-25,5583.07,103,54.2,家居,线上
2024-11-25,10257.28,64,160.27,家居,线下
2024-11-25,9648.53,128,75.38,家居,小程序
2024-11-25,7294.69,128,56.99,家居,APP
2024-11-25,19495.76,77,253.19,食品,线上
2024-11-25,19801.63,72,275.02,食品,线下
2024-11-25,26444.56,70,377.78,食品,小程序
2024-11-25,22229.48,49,453.66,食品,APP
2024-11-25,5628.26,86,65.44,美妆,线上
2024-11-25,11433.52,43,265.9,美妆,线下
2024-11-25,26057.64,96,271.43,美妆,小程序
2024-11-25,8304.51,71,116.96,美妆,APP
2024-11-26,20783.48,119,174.65,电子产品,线上
2024-11-26,12894.54,93,138.65,电子产品,线下
2024-11-26,7885.8,70,112.65,电子产品,小程序
2024-11-26,15279.86,138,110.72,电子产品,APP
2024-11-26,15497.33,119,130.23,服装,线上
2024-11-26,16648.87,142,117.25,服装,线下
2024-11-26,25855.6,28,923.41,服装,小程序
2024-11-26,14466.6,73,198.17,服装,APP
2024-11-26,22389.96,94,238.19,图书,线上
2024-11-26,9258.35,31,298.66,图书,线下
2024-11-26,23008.9,129,178.36,图书,小程序
2024-11-26,22794.97,141,161.67,图书,APP
2024-11-26,12438.74,107,116.25,家居,线上
2024-11-26,7536.67,132,57.1,家居,线下
2024-11-26,5807.67,42,138.28,家居,小程序
2024-11-26,23377.11,146,160.12,家居,APP
2024-11-26,18723.39,68,275.34,食品,线上
2024-11-26,9094.19,66,137.79,食品,线下
2024-11-26,6268.44,63,99.5,食品,小程序
2024-11-26,11561.21,76,152.12,食品,APP
2024-11-26,14968.34,88,170.09,美妆,线上
2024-11-26,21990.76,39,563.87,美妆,线下
2024-11-26,21928.04,63,348.06,美妆,小程序
2024-11-26,10097.16,108,93.49,美妆,APP
2024-11-27,14659.87,105,139.62,电子产品,线上
2024-11-27,22606.32,148,152.75,电子产品,线下
2024-11-27,23206.72,85,273.02,电子产品,小程序
2024-11-27,15097.13,22,686.23,电子产品,APP
2024-11-27,8978.9,95,94.51,服装,线上
2024-11-27,22100.23,114,193.86,服装,线下
2024-11-27,21509.13,116,185.42,服装,小程序
2024-11-27,23598.97,55,429.07,服装,APP
2024-11-27,14435.59,30,481.19,图书,线上
2024-11-27,11471.9,139,82.53,图书,线下
2024-11-27,9139.86,131,69.77,图书,小程序
2024-11-27,21262.46,88,241.62,图书,APP
2024-11-27,6768.5,23,294.28,家居,线上
2024-11-27,26563.49,20,1328.17,家居,线下
2024-11-27,18273.39,78,234.27,家居,小程序
2024-11-27,16225.68,106,153.07,家居,APP
2024-11-27,18926.03,100,189.26,食品,线上
2024-11-27,15811.83,88,179.68,食品,线下
2024-11-27,9170.65,120,76.42,食品,小程序
2024-11-27,21093.27,80,263.67,食品,APP
2024-11-27,12345.21,24,514.38,美妆,线上
2024-11-27,23451.21,28,837.54,美妆,线下
2024-11-27,17969.37,76,236.44,美妆,小程序
2024-11-27,15709.12,39,402.8,美妆,APP
2024-11-28,11102.56,129,86.07,电子产品,线上
2024-11-28,6505.38,145,44.86,电子产品,线下
2024-11-28,23782.71,125,190.26,电子产品,小程序
2024-11-28,21409.91,95,225.37,电子产品,APP
2024-11-28,10240.97,149,68.73,服装,线上
2024-11-28,26163.41,87,300.73,服装,线下
2024-11-28,11405.31,137,83.25,服装,小程序
2024-11-28,6533.98,116,56.33,服装,APP
2024-11-28,7209.11,135,53.4,图书,线上
2024-11-28,23713.54,109,217.56,图书,线下
2024-11-28,24477.69,85,287.97,图书,小程序
2024-11-28,24860.04,139,178.85,图书,APP
2024-11-28,8272.39,119,69.52,家居,线上
2024-11-28,21799.89,123,177.23,家居,线下
2024-11-28,17427.72,37,471.02,家居,小程序
2024-11-28,13399.49,96,139.58,家居,APP
2024-11-28,24560.07,42,584.76,食品,线上
2024-11-28,16690.54,28,596.09,食品,线下
2024-11-28,25777.25,58,444.44,食品,小程序
2024-11-28,15244.71,62,245.88,食品,APP
2024-11-28,17935.55,48,373.66,美妆,线上
2024-11-28,5663.38,98,57.79,美妆,线下
2024-11-28,12678.88,136,93.23,美妆,小程序
2024-11-28,19517.86,118,165.41,美妆,APP
2024-11-29,5888.09,80,73.6,电子产品,线上
2024-11-29,13354.11,129,103.52,电子产品,线下
2024-11-29,6167.48,29,212.67,电子产品,小程序
2024-11-29,10405.05,83,125.36,电子产品,APP
2024-11-29,15114.79,128,118.08,服装,线上
2024-11-29,18335.7,82,223.61,服装,线下
2024-11-29,10043.2,121,83.0,服装,小程序
2024-11-29,15960.44,132,120.91,服装,APP
2024-11-29,19941.04,25,797.64,图书,线上
2024-11-29,23240.73,140,166.01,图书,线下
2024-11-29,20702.46,50,414.05,图书,小程序
2024-11-29,17374.51,54,321.75,图书,APP
2024-11-29,9428.39,66,142.85,家居,线上
2024-11-29,14601.45,141,103.56,家居,线下
2024-11-29,25283.04,91,277.84,家居,小程序
2024-11-29,22341.04,24,930.88,家居,APP
2024-11-29,22232.09,135,164.68,食品,线上
2024-11-29,16505.59,149,110.78,食品,线下
2024-11-29,14825.23,75,197.67,食品,小程序
2024-11-29,16381.4,104,157.51,食品,APP
2024-11-29,20167.06,31,650.55,美妆,线上
2024-11-29,13873.83,72,192.69,美妆,线下
2024-11-29,17911.15,72,248.77,美妆,小程序
2024-11-29,12076.9,63,191.7,美妆,APP
2024-11-30,20682.62,148,139.75,电子产品,线上
2024-11-30,21984.35,122,180.2,电子产品,线下
2024-11-30,5989.69,100,59.9,电子产品,小程序
2024-11-30,22921.5,102,224.72,电子产品,APP
2024-11-30,23999.82,97,247.42,服装,线上
2024-11-30,17942.63,55,326.23,服装,线下
2024-11-30,23568.74,136,173.3,服装,小程序
2024-11-30,6746.12,128,52.7,服装,APP
2024-11-30,22182.25,39,568.78,图书,线上
2024-11-30,17375.8,122,142.42,图书,线下
2024-11-30,20385.8,133,153.28,图书,小程序
2024-11-30,6113.58,120,50.95,图书,APP
2024-11-30,9964.21,35,284.69,家居,线上
2024-11-30,22128.54,122,181.38,家居,线下
2024-11-30,22138.8,23,962.56,家居,小程序
2024-11-30,15835.08,65,243.62,家居,APP
2024-11-30,22220.35,150,148.14,食品,线上
2024-11-30,23806.29,40,595.16,食品,线下
2024-11-30,20169.66,60,336.16,食品,小程序
2024-11-30,16184.13,59,274.31,食品,APP
2024-11-30,14613.7,102,143.27,美妆,线上
2024-11-30,26570.24,72,369.03,美妆,线下
2024-11-30,22348.8,79,282.9,美妆,小程序
2024-11-30,15596.52,137,113.84,美妆,APP
2024-12-01,21663.12,21,1031.58,电子产品,线上
2024-12-01,17195.88,98,175.47,电子产品,线下
2024-12-01,18881.75,63,299.71,电子产品,小程序
2024-12-01,14373.35,94,152.91,电子产品,APP
2024-12-01,8944.28,72,124.23,服装,线上
2024-12-01,21233.73,80,265.42,服装,线下
2024-12-01,26816.85,42,638.5,服装,小程序
2024-12-01,20281.87,80,253.52,服装,APP
2024-12-01,26491.42,97,273.11,图书,线上
2024-12-01,20556.43,24,856.52,图书,线下
2024-12-01,7961.96,111,71.73,图书,小程序
2024-12-01,22486.83,127,177.06,图书,APP
2024-12-01,15347.68,117,131.18,家居,线上
2024-12-01,18620.02,36,517.22,家居,线下
2024-12-01,19017.41,132,144.07,家居,小程序
2024-12-01,9648.79,114,84.64,家居,APP
2024-12-01,11153.91,61,182.85,食品,线上
2024-12-01,26512.23,89,297.89,食品,线下
2024-12-01,10573.4,91,116.19,食品,小程序
2024-12-01,19933.46,82,243.09,食品,APP
2024-12-01,23290.49,57,408.61,美妆,线上
2024-12-01,22656.24,39,580.93,美妆,线下
2024-12-01,15704.52,48,327.18,美妆,小程序
2024-12-01,14572.09,148,98.46,美妆,APP
2024-12-02,24441.31,21,1163.87,电子产品,线上
2024-12-02,14011.83,116,120.79,电子产品,线下
2024-12-02,26507.0,89,297.83,电子产品,小程序
2024-12-02,20110.07,49,410.41,电子产品,APP
2024-12-02,13073.3,33,396.16,服装,线上
2024-12-02,7771.59,84,92.52,服装,线下
2024-12-02,24935.67,56,445.28,服装,小程序
2024-12-02,25348.92,150,168.99,服装,APP
2024-12-02,7555.75,20,377.79,图书,线上
2024-12-02,9902.04,134,73.9,图书,线下
2024-12-02,22562.65,49,460.46,图书,小程序
2024-12-02,15984.46,59,270.92,图书,APP
2024-12-02,14582.15,96,151.9,家居,线上
2024-12-02,6441.12,32,201.28,家居,线下
2024-12-02,9987.33,28,356.69,家居,小程序
2024-12-02,16901.04,36,469.47,家居,APP
2024-12-02,15506.83,122,127.11,食品,线上
2024-12-02,8812.33,62,142.13,食品,线下
2024-12-02,18729.83,126,148.65,食品,小程序
2024-12-02,17620.74,95,185.48,食品,APP
2024-12-02,23844.42,103,231.5,美妆,线上
2024-12-02,22068.45,27,817.35,美妆,线下
2024-12-02,20048.19,24,835.34,美妆,小程序
2024-12-02,15581.29,149,104.57,美妆,APP
2024-12-03,20106.61,106,189.69,电子产品,线上
2024-12-03,26552.04,67,396.3,电子产品,线下
2024-12-03,19704.71,139,141.76,电子产品,小程序
2024-12-03,19478.4,42,463.77,电子产品,APP
2024-12-03,7188.53,20,359.43,服装,线上
2024-12-03,14873.41,48,309.86,服装,线下
2024-12-03,21420.75,118,181.53,服装,小程序
2024-12-03,24500.43,63,388.9,服装,APP
2024-12-03,23201.56,123,188.63,图书,线上
2024-12-03,14186.76,23,616.82,图书,线下
2024-12-03,17845.67,54,330.48,图书,小程序
2024-12-03,24104.66,81,297.59,图书,APP
2024-12-03,19335.95,136,142.18,家居,线上
2024-12-03,6780.92,64,105.95,家居,线下
2024-12-03,27499.19,127,216.53,家居,小程序
2024-12-03,9826.39,87,112.95,家居,APP
2024-12-03,11726.9,75,156.36,食品,线上
2024-12-03,12731.43,117,108.82,食品,线下
2024-12-03,19453.38,67,290.35,食品,小程序
2024-12-03,19712.2,105,187.74,食品,APP
2024-12-03,27588.79,144,191.59,美妆,线上
2024-12-03,25415.64,40,635.39,美妆,线下
2024-12-03,9473.32,95,99.72,美妆,小程序
2024-12-03,23437.98,56,418.54,美妆,APP
2024-12-04,12162.0,115,105.76,电子产品,线上
2024-12-04,10314.0,24,429.75,电子产品,线下
2024-12-04,18535.41,59,314.16,电子产品,小程序
2024-12-04,26771.03,137,195.41,电子产品,APP
2024-12-04,13625.53,22,619.34,服装,线上
2024-12-04,9597.26,88,109.06,服装,线下
2024-12-04,18187.35,123,147.86,服装,小程序
2024-12-04,23800.58,35,680.02,服装,APP
2024-12-04,11089.87,116,95.6,图书,线上
2024-12-04,19943.11,134,148.83,图书,线下
2024-12-04,5562.82,95,58.56,图书,小程序
2024-12-04,10920.33,101,108.12,图书,APP
2024-12-04,8495.16,98,86.69,家居,线上
2024-12-04,6478.08,110,58.89,家居,线下
2024-12-04,10477.18,128,81.85,家居,小程序
2024-12-04,11221.12,40,280.53,家居,APP
2024-12-04,21071.94,132,159.64,食品,线上
2024-12-04,23065.32,91,253.47,食品,线下
2024-12-04,20622.9,82,251.5,食品,小程序
2024-12-04,24927.17,89,280.08,食品,APP
2024-12-04,24188.39,150,161.26,美妆,线上
2024-12-04,17675.1,50,353.5,美妆,线下
2024-12-04,13360.36,135,98.97,美妆,小程序
2024-12-04,27686.15,83,333.57,美妆,APP
2024-12-05,17094.77,90,189.94,电子产品,线上
2024-12-05,26475.19,122,217.01,电子产品,线下
2024-12-05,14720.0,70,210.29,电子产品,小程序
2024-12-05,26957.47,79,341.23,电子产品,APP
2024-12-05,15093.48,117,129.0,服装,线上
2024-12-05,14544.51,138,105.39,服装,线下
2024-12-05,19021.81,124,153.4,服装,小程序
2024-12-05,11883.16,38,312.71,服装,APP
2024-12-05,8446.35,99,85.32,图书,线上
2024-12-05,18189.71,144,126.32,图书,线下
2024-12-05,27114.67,64,423.67,图书,小程序
2024-12-05,8569.72,32,267.8,图书,APP
2024-12-05,26747.85,67,399.22,家居,线上
2024-12-05,19033.23,119,159.94,家居,线下
2024-12-05,9674.76,125,77.4,家居,小程序
2024-12-05,18116.86,52,348.4,家居,APP
2024-12-05,5813.06,126,46.14,食品,线上
2024-12-05,14431.47,136,106.11,食品,线下
2024-12-05,26688.0,124,215.23,食品,小程序
2024-12-05,9505.59,108,88.01,食品,APP
2024-12-05,13959.45,59,236.6,美妆,线上
2024-12-05,18658.18,83,224.8,美妆,线下
2024-12-05,10360.93,142,72.96,美妆,小程序
2024-12-05,24829.58,122,203.52,美妆,APP
2024-12-06,18011.99,138,130.52,电子产品,线上
2024-12-06,21456.66,135,158.94,电子产品,线下
2024-12-06,19239.73,115,167.3,电子产品,小程序
2024-12-06,26065.91,131,198.98,电子产品,APP
2024-12-06,5863.16,51,114.96,服装,线上
2024-12-06,11108.28,64,173.57,服装,线下
2024-12-06,6678.83,84,79.51,服装,小程序
2024-12-06,25593.22,83,308.35,服装,APP
2024-12-06,7724.49,71,108.8,图书,线上
2024-12-06,19065.58,68,280.38,图书,线下
2024-12-06,27399.73,41,668.29,图书,小程序
2024-12-06,9045.53,52,173.95,图书,APP
2024-12-06,14580.97,27,540.04,家居,线上
2024-12-06,5685.76,37,153.67,家居,线下
2024-12-06,12058.82,32,376.84,家居,小程序
2024-12-06,20166.2,139,145.08,家居,APP
2024-12-06,26369.44,57,462.62,食品,线上
2024-12-06,24361.01,37,658.41,食品,线下
2024-12-06,26964.74,98,275.15,食品,小程序
2024-12-06,22151.14,78,283.99,食品,APP
2024-12-06,24647.77,92,267.91,美妆,线上
2024-12-06,21925.38,38,576.98,美妆,线下
2024-12-06,10452.77,50,209.06,美妆,小程序
2024-12-06,5959.82,146,40.82,美妆,APP
2024-12-07,12816.82,140,91.55,电子产品,线上
2024-12-07,8577.38,131,65.48,电子产品,线下
2024-12-07,20062.6,118,170.02,电子产品,小程序
2024-12-07,12272.32,54,227.27,电子产品,APP
2024-12-07,12266.24,22,557.56,服装,线上
2024-12-07,12998.71,58,224.12,服装,线下
2024-12-07,6855.06,66,103.86,服装,小程序
2024-12-07,10845.95,79,137.29,服装,APP
2024-12-07,6302.57,144,43.77,图书,线上
2024-12-07,27888.63,129,216.19,图书,线下
2024-12-07,19259.66,46,418.69,图书,小程序
2024-12-07,19568.18,86,227.54,图书,APP
2024-12-07,18139.66,122,148.69,家居,线上
2024-12-07,8413.79,28,300.49,家居,线下
2024-12-07,20165.95,114,176.89,家居,小程序
2024-12-07,14631.48,53,276.07,家居,APP
2024-12-07,25331.99,41,617.85,食品,线上
2024-12-07,16236.61,113,143.69,食品,线下
2024-12-07,11125.72,20,556.29,食品,小程序
2024-12-07,15669.38,124,126.37,食品,APP
2024-12-07,14782.71,130,113.71,美妆,线上
2024-12-07,18435.11,142,129.82,美妆,线下
2024-12-07,9038.1,94,96.15,美妆,小程序
2024-12-07,24664.17,21,1174.48,美妆,APP
2024-12-08,12598.97,98,128.56,电子产品,线上
2024-12-08,16676.89,50,333.54,电子产品,线下
2024-12-08,21631.39,101,214.17,电子产品,小程序
2024-12-08,10706.0,38,281.74,电子产品,APP
2024-12-08,20411.78,143,142.74,服装,线上
2024-12-08,20497.95,100,204.98,服装,线下
2024-12-08,24774.24,44,563.05,服装,小程序
2024-12-08,5915.02,147,40.24,服装,APP
2024-12-08,16664.27,70,238.06,图书,线上
2024-12-08,20090.17,38,528.69,图书,线下
2024-12-08,16802.43,109,154.15,图书,小程序
2024-12-08,7026.67,127,55.33,图书,APP
2024-12-08,7568.14,65,116.43,家居,线上
2024-12-08,27376.3,57,480.29,家居,线下
2024-12-08,21275.42,38,559.88,家居,小程序
2024-12-08,18928.99,143,132.37,家居,APP
2024-12-08,9981.92,137,72.86,食品,线上
2024-12-08,6535.98,96,68.08,食品,线下
2024-12-08,22102.85,95,232.66,食品,小程序
2024-12-08,24804.95,99,250.56,食品,APP
2024-12-08,11820.94,134,88.22,美妆,线上
2024-12-08,12080.96,20,604.05,美妆,线下
2024-12-08,23182.78,146,158.79,美妆,小程序
2024-12-08,15337.32,133,115.32,美妆,APP
2024-12-09,22591.65,126,179.3,电子产品,线上
2024-12-09,25217.55,77,327.5,电子产品,线下
2024-12-09,12771.75,36,354.77,电子产品,小程序
2024-12-09,26505.62,21,1262.17,电子产品,APP
2024-12-09,21281.87,140,152.01,服装,线上
2024-12-09,14993.55,39,384.45,服装,线下
2024-12-09,23215.3,38,610.93,服装,小程序
2024-12-09,23419.47,28,836.41,服装,APP
2024-12-09,27736.04,111,249.87,图书,线上
2024-12-09,7678.88,81,94.8,图书,线下
2024-12-09,27364.48,62,441.36,图书,小程序
2024-12-09,25169.57,108,233.05,图书,APP
2024-12-09,7421.93,110,67.47,家居,线上
2024-12-09,14315.38,85,168.42,家居,线下
2024-12-09,6486.04,38,170.69,家居,小程序
2024-12-09,18265.62,110,166.05,家居,APP
2024-12-09,17147.99,108,158.78,食品,线上
2024-12-09,13474.58,40,336.86,食品,线下
2024-12-09,22120.0,44,502.73,食品,小程序
2024-12-09,12901.63,135,95.57,食品,APP
2024-12-09,11537.06,120,96.14,美妆,线上
2024-12-09,20767.77,83,250.21,美妆,线下
2024-12-09,19258.35,49,393.03,美妆,小程序
2024-12-09,26478.97,32,827.47,美妆,APP
2024-12-10,20334.6,141,144.22,电子产品,线上
2024-12-10,5730.91,92,62.29,电子产品,线下
2024-12-10,5926.3,82,72.27,电子产品,小程序
2024-12-10,25905.74,23,1126.34,电子产品,APP
2024-12-10,21926.96,101,217.1,服装,线上
2024-12-10,25917.71,50,518.35,服装,线下
2024-12-10,17907.08,24,746.13,服装,小程序
2024-12-10,28223.58,83,340.04,服装,APP
2024-12-10,19372.87,58,334.01,图书,线上
2024-12-10,9711.55,26,373.52,图书,线下
2024-12-10,21113.86,117,180.46,图书,小程序
2024-12-10,14597.71,61,239.31,图书,APP
2024-12-10,23069.0,30,768.97,家居,线上
2024-12-10,11079.94,115,96.35,家居,线下
2024-12-10,26429.13,122,216.63,家居,小程序
2024-12-10,21193.7,91,232.9,家居,APP
2024-12-10,19920.24,25,796.81,食品,线上
2024-12-10,20639.84,23,897.38,食品,线下
2024-12-10,9106.94,102,89.28,食品,小程序
2024-12-10,9240.66,106,87.18,食品,APP
2024-12-10,7723.3,117,66.01,美妆,线上
2024-12-10,12076.41,131,92.19,美妆,线下
2024-12-10,21756.17,72,302.17,美妆,小程序
2024-12-10,25331.75,80,316.65,美妆,APP
2024-12-11,13487.82,126,107.05,电子产品,线上
2024-12-11,8698.72,34,255.84,电子产品,线下
2024-12-11,26917.58,139,193.65,电子产品,小程序
2024-12-11,12518.94,25,500.76,电子产品,APP
2024-12-11,17143.29,149,115.06,服装,线上
2024-12-11,26176.94,130,201.36,服装,线下
2024-12-11,16784.66,149,112.65,服装,小程序
2024-12-11,22075.85,143,154.38,服装,APP
2024-12-11,28280.13,30,942.67,图书,线上
2024-12-11,19270.3,30,642.34,图书,线下
2024-12-11,27976.2,50,559.52,图书,小程序
2024-12-11,19336.41,43,449.68,图书,APP
2024-12-11,18001.75,92,195.67,家居,线上
2024-12-11,25395.05,40,634.88,家居,线下
2024-12-11,7781.94,57,136.53,家居,小程序
2024-12-11,24145.48,116,208.15,家居,APP
2024-12-11,7972.79,105,75.93,食品,线上
2024-12-11,17916.68,106,169.03,食品,线下
2024-12-11,18457.59,107,172.5,食品,小程序
2024-12-11,9401.13,122,77.06,食品,APP
2024-12-11,11175.68,50,223.51,美妆,线上
2024-12-11,8227.24,123,66.89,美妆,线下
2024-12-11,6426.96,136,47.26,美妆,小程序
2024-12-11,23871.5,60,397.86,美妆,APP
2024-12-12,9063.83,100,90.64,电子产品,线上
2024-12-12,10872.08,140,77.66,电子产品,线下
2024-12-12,21203.62,141,150.38,电子产品,小程序
2024-12-12,16618.17,89,186.72,电子产品,APP
2024-12-12,14012.64,91,153.99,服装,线上
2024-12-12,12479.86,34,367.05,服装,线下
2024-12-12,25439.74,55,462.54,服装,小程序
2024-12-12,26696.04,70,381.37,服装,APP
2024-12-12,7537.46,36,209.37,图书,线上
2024-12-12,12320.16,38,324.21,图书,线下
2024-12-12,24510.63,106,231.23,图书,小程序
2024-12-12,22370.45,89,251.35,图书,APP
2024-12-12,15334.63,144,106.49,家居,线上
2024-12-12,24077.29,124,194.17,家居,线下
2024-12-12,8733.26,124,70.43,家居,小程序
2024-12-12,9819.15,103,95.33,家居,APP
2024-12-12,21774.82,116,187.71,食品,线上
2024-12-12,26794.63,113,237.12,食品,线下
2024-12-12,11013.69,23,478.86,食品,小程序
2024-12-12,8861.14,118,75.09,食品,APP
2024-12-12,7394.54,97,76.23,美妆,线上
2024-12-12,6087.11,115,52.93,美妆,线下
2024-12-12,16818.18,134,125.51,美妆,小程序
2024-12-12,5847.09,119,49.14,美妆,APP
2024-12-13,17585.2,32,549.54,电子产品,线上
2024-12-13,13313.67,33,403.44,电子产品,线下
2024-12-13,14751.94,30,491.73,电子产品,小程序
2024-12-13,14817.42,81,182.93,电子产品,APP
2024-12-13,15682.91,22,712.86,服装,线上
2024-12-13,14238.18,53,268.64,服装,线下
2024-12-13,22491.97,42,535.52,服装,小程序
2024-12-13,20566.97,129,159.43,服装,APP
2024-12-13,11831.02,22,537.77,图书,线上
2024-12-13,20036.5,50,400.73,图书,线下
2024-12-13,5983.34,75,79.78,图书,小程序
2024-12-13,19183.47,50,383.67,图书,APP
2024-12-13,28396.29,35,811.32,家居,线上
2024-12-13,24201.57,80,302.52,家居,线下
2024-12-13,20386.17,56,364.04,家居,小程序
2024-12-13,14097.67,25,563.91,家居,APP
2024-12-13,19680.31,106,185.66,食品,线上
2024-12-13,9356.91,71,131.79,食品,线下
2024-12-13,23327.94,137,170.28,食品,小程序
2024-12-13,23089.1,139,166.11,食品,APP
2024-12-13,21693.58,113,191.98,美妆,线上
2024-12-13,11035.0,48,229.9,美妆,线下
2024-12-13,18904.57,67,282.16,美妆,小程序
2024-12-13,27954.65,30,931.82,美妆,APP
2024-12-14,6893.18,130,53.02,电子产品,线上
2024-12-14,6742.66,138,48.86,电子产品,线下
2024-12-14,13780.36,146,94.39,电子产品,小程序
2024-12-14,27257.2,102,267.23,电子产品,APP
2024-12-14,11685.58,89,131.3,服装,线上
2024-12-14,28339.66,55,515.27,服装,线下
2024-12-14,6762.14,93,72.71,服装,小程序
2024-12-14,22947.44,92,249.43,服装,APP
2024-12-14,21712.1,104,208.77,图书,线上
2024-12-14,10933.97,43,254.28,图书,线下
2024-12-14,8614.91,24,358.95,图书,小程序
2024-12-14,20265.43,50,405.31,图书,APP
2024-12-14,22284.66,119,187.27,家居,线上
2024-12-14,13758.35,109,126.22,家居,线下
2024-12-14,17935.88,92,194.96,家居,小程序
2024-12-14,26149.61,92,284.23,家居,APP
2024-12-14,23290.84,121,192.49,食品,线上
2024-12-14,28313.62,60,471.89,食品,线下
2024-12-14,25704.1,114,225.47,食品,小程序
2024-12-14,9191.43,146,62.96,食品,APP
2024-12-14,19941.17,33,604.28,美妆,线上
2024-12-14,12999.78,124,104.84,美妆,线下
2024-12-14,14495.34,80,181.19,美妆,小程序
2024-12-14,28064.09,124,226.32,美妆,APP
2024-12-15,8142.56,127,64.11,电子产品,线上
2024-12-15,25183.16,99,254.38,电子产品,线下
2024-12-15,18286.71,27,677.29,电子产品,小程序
2024-12-15,16112.99,95,169.61,电子产品,APP
2024-12-15,16142.2,59,273.6,服装,线上
2024-12-15,23275.7,123,189.23,服装,线下
2024-12-15,6144.42,70,87.78,服装,小程序
2024-12-15,13934.42,36,387.07,服装,APP
2024-12-15,14226.66,113,125.9,图书,线上
2024-12-15,6401.66,115,55.67,图书,线下
2024-12-15,27828.52,21,1325.17,图书,小程序
2024-12-15,7341.18,78,94.12,图书,APP
2024-12-15,21465.45,43,499.2,家居,线上
2024-12-15,15547.49,44,353.35,家居,线下
2024-12-15,13073.25,33,396.16,家居,小程序
2024-12-15,13785.26,132,104.43,家居,APP
2024-12-15,18987.01,115,165.1,食品,线上
2024-12-15,8752.29,85,102.97,食品,线下
2024-12-15,12754.27,73,174.72,食品,小程序
2024-12-15,11439.46,103,111.06,食品,APP
2024-12-15,12878.26,87,148.03,美妆,线上
2024-12-15,7081.65,116,61.05,美妆,线下
2024-12-15,28145.78,113,249.08,美妆,小程序
2024-12-15,10711.91,101,106.06,美妆,APP
2024-12-16,21891.11,139,157.49,电子产品,线上
2024-12-16,19321.1,101,191.3,电子产品,线下
2024-12-16,22546.77,51,442.09,电子产品,小程序
2024-12-16,19069.48,40,476.74,电子产品,APP
2024-12-16,23376.36,121,193.19,服装,线上
2024-12-16,15871.98,96,165.33,服装,线下
2024-12-16,25442.66,123,206.85,服装,小程序
2024-12-16,19256.47,129,149.27,服装,APP
2024-12-16,13446.67,51,263.66,图书,线上
2024-12-16,18630.44,69,270.01,图书,线下
2024-12-16,26219.06,146,179.58,图书,小程序
2024-12-16,11910.88,137,86.94,图书,APP
2024-12-16,14974.0,21,713.05,家居,线上
2024-12-16,14470.24,139,104.1,家居,线下
2024-12-16,6934.9,67,103.51,家居,小程序
2024-12-16,28292.79,142,199.25,家居,APP
2024-12-16,25441.56,42,605.75,食品,线上
2024-12-16,18359.97,82,223.9,食品,线下
2024-12-16,25626.39,45,569.48,食品,小程序
2024-12-16,18860.68,61,309.19,食品,APP
2024-12-16,6386.87,112,57.03,美妆,线上
2024-12-16,15820.04,81,195.31,美妆,线下
2024-12-16,10825.38,56,193.31,美妆,小程序
2024-12-16,21793.91,142,153.48,美妆,APP
2024-12-17,10764.22,54,199.34,电子产品,线上
2024-12-17,10709.13,123,87.07,电子产品,线下
2024-12-17,12541.45,30,418.05,电子产品,小程序
2024-12-17,10144.05,54,187.85,电子产品,APP
2024-12-17,13310.65,61,218.21,服装,线上
2024-12-17,24787.11,137,180.93,服装,线下
2024-12-17,14564.62,67,217.38,服装,小程序
2024-12-17,11824.72,132,89.58,服装,APP
2024-12-17,16829.02,80,210.36,图书,线上
2024-12-17,20284.91,60,338.08,图书,线下
2024-12-17,11023.22,106,103.99,图书,小程序
2024-12-17,20977.15,31,676.68,图书,APP
2024-12-17,8995.22,66,136.29,家居,线上
2024-12-17,6320.58,44,143.65,家居,线下
2024-12-17,11663.62,20,583.18,家居,小程序
2024-12-17,7334.13,68,107.85,家居,APP
2024-12-17,11119.04,64,173.74,食品,线上
2024-12-17,17826.3,95,187.65,食品,线下
2024-12-17,9033.36,96,94.1,食品,小程序
2024-12-17,17323.29,38,455.88,食品,APP
2024-12-17,19882.46,58,342.8,美妆,线上
2024-12-17,26508.19,22,1204.92,美妆,线下
2024-12-17,24419.97,143,170.77,美妆,小程序
2024-12-17,13525.59,102,132.6,美妆,APP
2024-12-18,25963.21,104,249.65,电子产品,线上
2024-12-18,25513.14,107,238.44,电子产品,线下
2024-12-18,8798.35,119,73.94,电子产品,小程序
2024-12-18,7181.3,133,53.99,电子产品,APP
2024-12-18,13392.5,37,361.96,服装,线上
2024-12-18,10547.14,76,138.78,服装,线下
2024-12-18,8739.5,20,436.98,服装,小程序
2024-12-18,22568.51,120,188.07,服装,APP
2024-12-18,24249.12,82,295.72,图书,线上
2024-12-18,10820.42,59,183.4,图书,线下
2024-12-18,10140.08,130,78.0,图书,小程序
2024-12-18,29018.92,58,500.33,图书,APP
2024-12-18,27167.8,146,186.08,家居,线上
2024-12-18,16329.49,139,117.48,家居,线下
2024-12-18,10934.82,39,280.38,家居,小程序
2024-12-18,15506.88,149,104.07,家居,APP
2024-12-18,22176.79,28,792.03,食品,线上
2024-12-18,28132.78,122,230.6,食品,线下
2024-12-18,27517.29,142,193.78,食品,小程序
2024-12-18,6497.17,133,48.85,食品,APP
2024-12-18,5917.49,112,52.83,美妆,线上
2024-12-18,7059.45,116,60.86,美妆,线下
2024-12-18,24458.51,105,232.94,美妆,小程序
2024-12-18,20181.0,63,320.33,美妆,APP
2024-12-19,20477.29,97,211.11,电子产品,线上
2024-12-19,9027.67,93,97.07,电子产品,线下
2024-12-19,7845.35,29,270.53,电子产品,小程序
2024-12-19,20861.77,96,217.31,电子产品,APP
2024-12-19,22914.67,53,432.35,服装,线上
2024-12-19,26895.34,89,302.19,服装,线下
2024-12-19,6291.54,131,48.03,服装,小程序
2024-12-19,16946.98,113,149.97,服装,APP
2024-12-19,17722.5,129,137.38,图书,线上
2024-12-19,16483.04,55,299.69,图书,线下
2024-12-19,14557.1,20,727.86,图书,小程序
2024-12-19,25584.34,130,196.8,图书,APP
2024-12-19,25316.02,23,1100.7,家居,线上
2024-12-19,25605.71,82,312.26,家居,线下
2024-12-19,22414.72,68,329.63,家居,小程序
2024-12-19,24717.19,111,222.68,家居,APP
2024-12-19,20720.69,123,168.46,食品,线上
2024-12-19,26549.28,87,305.16,食品,线下
2024-12-19,28021.42,38,737.41,食品,小程序
2024-12-19,12482.77,134,93.16,食品,APP
2024-12-19,12120.54,144,84.17,美妆,线上
2024-12-19,20987.73,73,287.5,美妆,线下
2024-12-19,8306.32,75,110.75,美妆,小程序
2024-12-19,28843.32,144,200.3,美妆,APP
2024-12-20,23482.33,91,258.05,电子产品,线上
2024-12-20,25682.32,39,658.52,电子产品,线下
2024-12-20,11938.86,149,80.13,电子产品,小程序
2024-12-20,15926.3,100,159.26,电子产品,APP
2024-12-20,25018.08,23,1087.74,服装,线上
2024-12-20,26262.27,73,359.76,服装,线下
2024-12-20,9240.03,126,73.33,服装,小程序
2024-12-20,24105.89,131,184.01,服装,APP
2024-12-20,12853.91,52,247.19,图书,线上
2024-12-20,8978.19,76,118.13,图书,线下
2024-12-20,28815.75,85,339.01,图书,小程序
2024-12-20,26883.4,45,597.41,图书,APP
2024-12-20,8954.07,60,149.23,家居,线上
2024-12-20,22777.78,39,584.05,家居,线下
2024-12-20,21412.24,46,465.48,家居,小程序
2024-12-20,13628.66,93,146.54,家居,APP
2024-12-20,19104.17,106,180.23,食品,线上
2024-12-20,11240.22,24,468.34,食品,线下
2024-12-20,5975.07,38,157.24,食品,小程序
2024-12-20,10169.62,135,75.33,食品,APP
2024-12-20,16154.13,61,264.82,美妆,线上
2024-12-20,9111.82,69,132.06,美妆,线下
2024-12-20,25082.82,97,258.59,美妆,小程序
2024-12-20,27961.82,96,291.27,美妆,APP
2024-12-21,9974.16,61,163.51,电子产品,线上
2024-12-21,13948.08,138,101.07,电子产品,线下
2024-12-21,23518.45,145,162.2,电子产品,小程序
2024-12-21,7415.61,148,50.11,电子产品,APP
2024-12-21,18322.38,52,352.35,服装,线上
2024-12-21,10738.92,143,75.1,服装,线下
2024-12-21,7264.44,94,77.28,服装,小程序
2024-12-21,7490.62,32,234.08,服装,APP
2024-12-21,14972.62,39,383.91,图书,线上
2024-12-21,29204.43,71,411.33,图书,线下
2024-12-21,22371.1,85,263.19,图书,小程序
2024-12-21,19483.03,114,170.9,图书,APP
2024-12-21,15359.54,139,110.5,家居,线上
2024-12-21,23543.7,89,264.54,家居,线下
2024-12-21,15137.71,103,146.97,家居,小程序
2024-12-21,18061.79,133,135.8,家居,APP
2024-12-21,20615.8,119,173.24,食品,线上
2024-12-21,10450.25,81,129.02,食品,线下
2024-12-21,28817.75,133,216.67,食品,小程序
2024-12-21,9538.5,121,78.83,食品,APP
2024-12-21,24874.57,32,777.33,美妆,线上
2024-12-21,25710.64,35,734.59,美妆,线下
2024-12-21,19445.16,56,347.24,美妆,小程序
2024-12-21,15745.8,118,133.44,美妆,APP
2024-12-22,15413.61,21,733.98,电子产品,线上
2024-12-22,8265.02,102,81.03,电子产品,线下
2024-12-22,14360.87,101,142.19,电子产品,小程序
2024-12-22,23269.4,149,156.17,电子产品,APP
2024-12-22,15545.67,91,170.83,服装,线上
2024-12-22,13750.16,122,112.71,服装,线下
2024-12-22,13559.02,111,122.15,服装,小程序
2024-12-22,26964.56,110,245.13,服装,APP
2024-12-22,8286.8,64,129.48,图书,线上
2024-12-22,11955.36,130,91.96,图书,线下
2024-12-22,12425.06,21,591.67,图书,小程序
2024-12-22,7160.04,134,53.43,图书,APP
2024-12-22,13916.77,126,110.45,家居,线上
2024-12-22,25067.13,53,472.96,家居,线下
2024-12-22,12817.59,34,376.99,家居,小程序
2024-12-22,14386.56,126,114.18,家居,APP
2024-12-22,14983.45,85,176.28,食品,线上
2024-12-22,13621.13,59,230.87,食品,线下
2024-12-22,10069.07,85,118.46,食品,小程序
2024-12-22,26327.61,86,306.13,食品,APP
2024-12-22,7548.66,140,53.92,美妆,线上
2024-12-22,28018.2,21,1334.2,美妆,线下
2024-12-22,9325.25,71,131.34,美妆,小程序
2024-12-22,10695.91,124,86.26,美妆,APP
2024-12-23,27623.76,129,214.14,电子产品,线上
2024-12-23,6346.2,79,80.33,电子产品,线下
2024-12-23,25825.54,140,184.47,电子产品,小程序
2024-12-23,26556.83,36,737.69,电子产品,APP
2024-12-23,16701.32,82,203.67,服装,线上
2024-12-23,15645.33,31,504.69,服装,线下
2024-12-23,26904.67,96,280.26,服装,小程序
2024-12-23,25193.11,88,286.29,服装,APP
2024-12-23,9600.11,74,129.73,图书,线上
2024-12-23,18128.9,125,145.03,图书,线下
2024-12-23,7386.7,31,238.28,图书,小程序
2024-12-23,24894.16,105,237.09,图书,APP
2024-12-23,23325.57,77,302.93,家居,线上
2024-12-23,6664.9,91,73.24,家居,线下
2024-12-23,23691.28,74,320.15,家居,小程序
2024-12-23,12339.12,23,536.48,家居,APP
2024-12-23,19820.99,130,152.47,食品,线上
2024-12-23,21106.64,141,149.69,食品,线下
2024-12-23,20117.98,144,139.71,食品,小程序
2024-12-23,9149.6,89,102.8,食品,APP
2024-12-23,13944.05,59,236.34,美妆,线上
2024-12-23,19140.15,48,398.75,美妆,线下
2024-12-23,10927.93,119,91.83,美妆,小程序
2024-12-23,20427.37,23,888.15,美妆,APP
2024-12-24,13091.78,30,436.39,电子产品,线上
2024-12-24,17032.85,110,154.84,电子产品,线下
2024-12-24,23937.99,116,206.36,电子产品,小程序
2024-12-24,23896.99,145,164.81,电子产品,APP
2024-12-24,13099.68,150,87.33,服装,线上
2024-12-24,29190.02,23,1269.13,服装,线下
2024-12-24,19632.92,147,133.56,服装,小程序
2024-12-24,21235.52,77,275.79,服装,APP
2024-12-24,19632.93,24,818.04,图书,线上
2024-12-24,27152.59,31,875.89,图书,线下
2024-12-24,9311.64,130,71.63,图书,小程序
2024-12-24,5989.56,84,71.3,图书,APP
2024-12-24,12410.52,31,400.34,家居,线上
2024-12-24,25081.08,43,583.28,家居,线下
2024-12-24,14402.58,55,261.87,家居,小程序
2024-12-24,13886.11,91,152.59,家居,APP
2024-12-24,20527.15,24,855.3,食品,线上
2024-12-24,17142.7,99,173.16,食品,线下
2024-12-24,9626.73,78,123.42,食品,小程序
2024-12-24,8262.37,132,62.59,食品,APP
2024-12-24,21826.34,140,155.9,美妆,线上
2024-12-24,12778.78,131,97.55,美妆,线下
2024-12-24,16943.09,113,149.94,美妆,小程序
2024-12-24,28760.28,49,586.94,美妆,APP
2024-12-25,21696.11,37,586.38,电子产品,线上
2024-12-25,18277.12,128,142.79,电子产品,线下
2024-12-25,23647.34,60,394.12,电子产品,小程序
2024-12-25,10807.69,148,73.02,电子产品,APP
2024-12-25,18480.53,53,348.69,服装,线上
2024-12-25,26072.01,101,258.14,服装,线下
2024-12-25,24817.81,121,205.11,服装,小程序
2024-12-25,22654.28,90,251.71,服装,APP
2024-12-25,8522.81,127,67.11,图书,线上
2024-12-25,9795.23,76,128.88,图书,线下
2024-12-25,10014.07,129,77.63,图书,小程序
2024-12-25,6729.94,112,60.09,图书,APP
2024-12-25,23282.45,116,200.71,家居,线上
2024-12-25,23135.46,91,254.24,家居,线下
2024-12-25,9952.58,127,78.37,家居,小程序
2024-12-25,26061.11,94,277.25,家居,APP
2024-12-25,28202.41,73,386.33,食品,线上
2024-12-25,8346.52,133,62.76,食品,线下
2024-12-25,10592.31,20,529.62,食品,小程序
2024-12-25,15176.15,66,229.94,食品,APP
2024-12-25,26175.55,74,353.72,美妆,线上
2024-12-25,21717.59,42,517.09,美妆,线下
2024-12-25,14878.86,43,346.02,美妆,小程序
2024-12-25,17205.94,148,116.26,美妆,APP
2024-12-26,7384.26,57,129.55,电子产品,线上
2024-12-26,20999.82,112,187.5,电子产品,线下
2024-12-26,19805.06,99,200.05,电子产品,小程序
2024-12-26,12276.62,25,491.06,电子产品,APP
2024-12-26,21872.27,59,370.72,服装,线上
2024-12-26,8973.27,137,65.5,服装,线下
2024-12-26,18016.76,76,237.06,服装,小程序
2024-12-26,16701.55,50,334.03,服装,APP
2024-12-26,12941.73,148,87.44,图书,线上
2024-12-26,22099.12,26,849.97,图书,线下
2024-12-26,22743.26,63,361.0,图书,小程序
2024-12-26,8833.42,34,259.81,图书,APP
2024-12-26,5283.65,129,40.96,家居,线上
2024-12-26,10466.3,89,117.6,家居,线下
2024-12-26,20751.58,134,154.86,家居,小程序
2024-12-26,5648.02,91,62.07,家居,APP
2024-12-26,19587.32,134,146.17,食品,线上
2024-12-26,15355.49,86,178.55,食品,线下
2024-12-26,5924.71,133,44.55,食品,小程序
2024-12-26,12394.89,100,123.95,食品,APP
2024-12-26,10420.4,39,267.19,美妆,线上
2024-12-26,22893.63,30,763.12,美妆,线下
2024-12-26,20198.51,73,276.69,美妆,小程序
2024-12-26,13171.97,36,365.89,美妆,APP
2024-12-27,11186.69,36,310.74,电子产品,线上
2024-12-27,10586.53,34,311.37,电子产品,线下
2024-12-27,14992.98,97,154.57,电子产品,小程序
2024-12-27,11499.45,119,96.63,电子产品,APP
2024-12-27,7751.41,73,106.18,服装,线上
2024-12-27,14022.34,133,105.43,服装,线下
2024-12-27,12268.4,25,490.74,服装,小程序
2024-12-27,20624.32,24,859.35,服装,APP
2024-12-27,17357.88,122,142.28,图书,线上
2024-12-27,6111.21,80,76.39,图书,线下
2024-12-27,15658.37,47,333.16,图书,小程序
2024-12-27,7988.2,27,295.86,图书,APP
2024-12-27,16370.27,105,155.91,家居,线上
2024-12-27,18341.17,45,407.58,家居,线下
2024-12-27,7510.84,119,63.12,家居,小程序
2024-12-27,20366.16,45,452.58,家居,APP
2024-12-27,14119.14,54,261.47,食品,线上
2024-12-27,19774.93,26,760.57,食品,线下
2024-12-27,16682.46,145,115.05,食品,小程序
2024-12-27,4770.63,122,39.1,食品,APP
2024-12-27,11841.51,29,408.33,美妆,线上
2024-12-27,20843.91,32,651.37,美妆,线下
2024-12-27,13078.65,53,246.77,美妆,小程序
2024-12-27,8712.76,57,152.86,美妆,APP
2024-12-28,15647.43,56,279.42,电子产品,线上
2024-12-28,11884.92,79,150.44,电子产品,线下
2024-12-28,8833.3,150,58.89,电子产品,小程序
2024-12-28,17013.22,131,129.87,电子产品,APP
2024-12-28,16987.11,136,124.91,服装,线上
2024-12-28,21832.75,82,266.25,服装,线下
2024-12-28,17965.59,31,579.54,服装,小程序
2024-12-28,12501.9,103,121.38,服装,APP
2024-12-28,13238.51,125,105.91,图书,线上
2024-12-28,20731.76,77,269.24,图书,线下
2024-12-28,23234.88,68,341.69,图书,小程序
2024-12-28,10965.94,134,81.84,图书,APP
2024-12-28,4907.2,144,34.08,家居,线上
2024-12-28,12903.32,45,286.74,家居,线下
2024-12-28,18936.59,75,252.49,家居,小程序
2024-12-28,6526.6,104,62.76,家居,APP
2024-12-28,11002.18,30,366.74,食品,线上
2024-12-28,17359.76,101,171.88,食品,线下
2024-12-28,12860.81,28,459.31,食品,小程序
2024-12-28,11323.02,43,263.33,食品,APP
2024-12-28,14441.79,76,190.02,美妆,线上
2024-12-28,14288.59,91,157.02,美妆,线下
2024-12-28,9569.63,99,96.66,美妆,小程序
2024-12-28,11512.55,150,76.75,美妆,APP
2024-12-29,14739.51,46,320.42,电子产品,线上
2024-12-29,22872.39,99,231.03,电子产品,线下
2024-12-29,5875.84,143,41.09,电子产品,小程序
2024-12-29,22481.44,46,488.73,电子产品,APP
2024-12-29,18766.94,78,240.6,服装,线上
2024-12-29,22983.17,102,225.33,服装,线下
2024-12-29,20606.84,70,294.38,服装,小程序
2024-12-29,12178.73,133,91.57,服装,APP
2024-12-29,6810.67,120,56.76,图书,线上
2024-12-29,20013.51,39,513.17,图书,线下
2024-12-29,18600.56,132,140.91,图书,小程序
2024-12-29,21121.81,135,156.46,图书,APP
2024-12-29,16246.71,33,492.32,家居,线上
2024-12-29,21035.12,56,375.63,家居,线下
2024-12-29,9024.98,97,93.04,家居,小程序
2024-12-29,19735.74,88,224.27,家居,APP
2024-12-29,11365.64,94,120.91,食品,线上
2024-12-29,9610.6,141,68.16,食品,线下
2024-12-29,15434.19,95,162.47,食品,小程序
2024-12-29,5142.95,79,65.1,食品,APP
2024-12-29,20018.51,128,156.39,美妆,线上
2024-12-29,18263.14,129,141.57,美妆,线下
2024-12-29,22533.95,25,901.36,美妆,小程序
2024-12-29,5922.68,75,78.97,美妆,APP
2024-12-30,22326.72,101,221.06,电子产品,线上
2024-12-30,13719.13,147,93.33,电子产品,线下
2024-12-30,14212.92,73,194.7,电子产品,小程序
2024-12-30,21029.04,110,191.17,电子产品,APP
2024-12-30,15646.56,147,106.44,服装,线上
2024-12-30,11581.37,61,189.86,服装,线下
2024-12-30,16006.15,57,280.81,服装,小程序
2024-12-30,17155.29,79,217.16,服装,APP
2024-12-30,6663.63,120,55.53,图书,线上
2024-12-30,22779.78,73,312.05,图书,线下
2024-12-30,18059.99,54,334.44,图书,小程序
2024-12-30,15320.25,42,364.77,图书,APP
2024-12-30,10930.45,114,95.88,家居,线上
2024-12-30,22028.46,97,227.1,家居,线下
2024-12-30,16779.05,78,215.12,家居,小程序
2024-12-30,8960.51,96,93.34,家居,APP
2024-12-30,6400.62,115,55.66,食品,线上
2024-12-30,5996.48,108,55.52,食品,线下
2024-12-30,16483.82,85,193.93,食品,小程序
2024-12-30,14805.33,130,113.89,食品,APP
2024-12-30,19684.75,26,757.11,美妆,线上
2024-12-30,22497.84,73,308.19,美妆,线下
2024-12-30,10337.6,118,87.61,美妆,小程序
2024-12-30,20614.61,85,242.52,美妆,APP
